Drug_Name,Vina_Score_kcal_mol,Output_File
midostaurin,-10.123,C:\Users\kunsh_ghp5duq\OneDrive\Desktop\SIH\3\docking_results\midostaurin_docked.pdbqt
tucatinib,-9.665,C:\Users\kunsh_ghp5duq\OneDrive\Desktop\SIH\3\docking_results\tucatinib_docked.pdbqt
capmatinib,-9.642,C:\Users\kunsh_ghp5duq\OneDrive\Desktop\SIH\3\docking_results\capmatinib_docked.pdbqt
bagrosin,-9.545,C:\Users\kunsh_ghp5duq\OneDrive\Desktop\SIH\3\docking_results\bagrosin_docked.pdbqt
nafamostat,-9.191,C:\Users\kunsh_ghp5duq\OneDrive\Desktop\SIH\3\docking_results\nafamostat_docked.pdbqt
cefalexin,-9.105,C:\Users\kunsh_ghp5duq\OneDrive\Desktop\SIH\3\docking_results\cefalexin_docked.pdbqt
selinexor,-9.084,C:\Users\kunsh_ghp5duq\OneDrive\Desktop\SIH\3\docking_results\selinexor_docked.pdbqt
flavoxate,-9.076,C:\Users\kunsh_ghp5duq\OneDrive\Desktop\SIH\3\docking_results\flavoxate_docked.pdbqt
cefaclor,-9.054,C:\Users\kunsh_ghp5duq\OneDrive\Desktop\SIH\3\docking_results\cefaclor_docked.pdbqt
cefradine,-9.045,C:\Users\kunsh_ghp5duq\OneDrive\Desktop\SIH\3\docking_results\cefradine_docked.pdbqt
loracarbef,-9.024,C:\Users\kunsh_ghp5duq\OneDrive\Desktop\SIH\3\docking_results\loracarbef_docked.pdbqt
lorpiprazole,-9.012,C:\Users\kunsh_ghp5duq\OneDrive\Desktop\SIH\3\docking_results\lorpiprazole_docked.pdbqt
moxifloxacin,-8.999,C:\Users\kunsh_ghp5duq\OneDrive\Desktop\SIH\3\docking_results\moxifloxacin_docked.pdbqt
radotinib,-8.968,C:\Users\kunsh_ghp5duq\OneDrive\Desktop\SIH\3\docking_results\radotinib_docked.pdbqt
canagliflozin,-8.966,C:\Users\kunsh_ghp5duq\OneDrive\Desktop\SIH\3\docking_results\canagliflozin_docked.pdbqt
larotrectinib,-8.964,C:\Users\kunsh_ghp5duq\OneDrive\Desktop\SIH\3\docking_results\larotrectinib_docked.pdbqt
empagliflozin,-8.924,C:\Users\kunsh_ghp5duq\OneDrive\Desktop\SIH\3\docking_results\empagliflozin_docked.pdbqt
levosimendan,-8.921,C:\Users\kunsh_ghp5duq\OneDrive\Desktop\SIH\3\docking_results\levosimendan_docked.pdbqt
piketoprofen,-8.893,C:\Users\kunsh_ghp5duq\OneDrive\Desktop\SIH\3\docking_results\piketoprofen_docked.pdbqt
delgocitinib,-8.881,C:\Users\kunsh_ghp5duq\OneDrive\Desktop\SIH\3\docking_results\delgocitinib_docked.pdbqt
cefroxadine,-8.877,C:\Users\kunsh_ghp5duq\OneDrive\Desktop\SIH\3\docking_results\cefroxadine_docked.pdbqt
florantyrone,-8.841,C:\Users\kunsh_ghp5duq\OneDrive\Desktop\SIH\3\docking_results\florantyrone_docked.pdbqt
bentiromide,-8.839,C:\Users\kunsh_ghp5duq\OneDrive\Desktop\SIH\3\docking_results\bentiromide_docked.pdbqt
apomorphine,-8.834,C:\Users\kunsh_ghp5duq\OneDrive\Desktop\SIH\3\docking_results\apomorphine_docked.pdbqt
nilutamide,-8.832,C:\Users\kunsh_ghp5duq\OneDrive\Desktop\SIH\3\docking_results\nilutamide_docked.pdbqt
ciprofloxacin,-8.817,C:\Users\kunsh_ghp5duq\OneDrive\Desktop\SIH\3\docking_results\ciprofloxacin_docked.pdbqt
doravirine,-8.815,C:\Users\kunsh_ghp5duq\OneDrive\Desktop\SIH\3\docking_results\doravirine_docked.pdbqt
vibegron,-8.814,C:\Users\kunsh_ghp5duq\OneDrive\Desktop\SIH\3\docking_results\vibegron_docked.pdbqt
ipragliflozin,-8.812,C:\Users\kunsh_ghp5duq\OneDrive\Desktop\SIH\3\docking_results\ipragliflozin_docked.pdbqt
isoxepac,-8.763,C:\Users\kunsh_ghp5duq\OneDrive\Desktop\SIH\3\docking_results\isoxepac_docked.pdbqt
tadalafil,-8.736,C:\Users\kunsh_ghp5duq\OneDrive\Desktop\SIH\3\docking_results\tadalafil_docked.pdbqt
azidocillin,-8.717,C:\Users\kunsh_ghp5duq\OneDrive\Desktop\SIH\3\docking_results\azidocillin_docked.pdbqt
leteprinim,-8.676,C:\Users\kunsh_ghp5duq\OneDrive\Desktop\SIH\3\docking_results\leteprinim_docked.pdbqt
dicoumarol,-8.645,C:\Users\kunsh_ghp5duq\OneDrive\Desktop\SIH\3\docking_results\dicoumarol_docked.pdbqt
norfloxacin,-8.642,C:\Users\kunsh_ghp5duq\OneDrive\Desktop\SIH\3\docking_results\norfloxacin_docked.pdbqt
nomegestrol,-8.642,C:\Users\kunsh_ghp5duq\OneDrive\Desktop\SIH\3\docking_results\nomegestrol_docked.pdbqt
lomefloxacin,-8.638,C:\Users\kunsh_ghp5duq\OneDrive\Desktop\SIH\3\docking_results\lomefloxacin_docked.pdbqt
amlexanox,-8.632,C:\Users\kunsh_ghp5duq\OneDrive\Desktop\SIH\3\docking_results\amlexanox_docked.pdbqt
repirinast,-8.631,C:\Users\kunsh_ghp5duq\OneDrive\Desktop\SIH\3\docking_results\repirinast_docked.pdbqt
oxabolone,-8.627,C:\Users\kunsh_ghp5duq\OneDrive\Desktop\SIH\3\docking_results\oxabolone_docked.pdbqt
tezacaftor,-8.611,C:\Users\kunsh_ghp5duq\OneDrive\Desktop\SIH\3\docking_results\tezacaftor_docked.pdbqt
xyloylsulfamine,-8.596,C:\Users\kunsh_ghp5duq\OneDrive\Desktop\SIH\3\docking_results\xyloylsulfamine_docked.pdbqt
pranoprofen,-8.577,C:\Users\kunsh_ghp5duq\OneDrive\Desktop\SIH\3\docking_results\pranoprofen_docked.pdbqt
tosufloxacin,-8.571,C:\Users\kunsh_ghp5duq\OneDrive\Desktop\SIH\3\docking_results\tosufloxacin_docked.pdbqt
bexarotene,-8.563,C:\Users\kunsh_ghp5duq\OneDrive\Desktop\SIH\3\docking_results\bexarotene_docked.pdbqt
traxanox,-8.534,C:\Users\kunsh_ghp5duq\OneDrive\Desktop\SIH\3\docking_results\traxanox_docked.pdbqt
sotagliflozin,-8.53,C:\Users\kunsh_ghp5duq\OneDrive\Desktop\SIH\3\docking_results\sotagliflozin_docked.pdbqt
trenbolone_hexahydrobenzylcarbonate,-8.527,C:\Users\kunsh_ghp5duq\OneDrive\Desktop\SIH\3\docking_results\trenbolone_hexahydrobenzylcarbonate_docked.pdbqt
elliptinium,-8.509,C:\Users\kunsh_ghp5duq\OneDrive\Desktop\SIH\3\docking_results\elliptinium_docked.pdbqt
flavodic_acid,-8.485,C:\Users\kunsh_ghp5duq\OneDrive\Desktop\SIH\3\docking_results\flavodic_acid_docked.pdbqt
lasmiditan,-8.462,C:\Users\kunsh_ghp5duq\OneDrive\Desktop\SIH\3\docking_results\lasmiditan_docked.pdbqt
endralazine,-8.461,C:\Users\kunsh_ghp5duq\OneDrive\Desktop\SIH\3\docking_results\endralazine_docked.pdbqt
eletriptan,-8.454,C:\Users\kunsh_ghp5duq\OneDrive\Desktop\SIH\3\docking_results\eletriptan_docked.pdbqt
fendosal,-8.446,C:\Users\kunsh_ghp5duq\OneDrive\Desktop\SIH\3\docking_results\fendosal_docked.pdbqt
cianidanol,-8.433,C:\Users\kunsh_ghp5duq\OneDrive\Desktop\SIH\3\docking_results\cianidanol_docked.pdbqt
triazolam,-8.432,C:\Users\kunsh_ghp5duq\OneDrive\Desktop\SIH\3\docking_results\triazolam_docked.pdbqt
fluoroestradiol_F_18,-8.428,C:\Users\kunsh_ghp5duq\OneDrive\Desktop\SIH\3\docking_results\fluoroestradiol_F_18_docked.pdbqt
canrenone,-8.425,C:\Users\kunsh_ghp5duq\OneDrive\Desktop\SIH\3\docking_results\canrenone_docked.pdbqt
gestonorone,-8.4,C:\Users\kunsh_ghp5duq\OneDrive\Desktop\SIH\3\docking_results\gestonorone_docked.pdbqt
benperidol,-8.397,C:\Users\kunsh_ghp5duq\OneDrive\Desktop\SIH\3\docking_results\benperidol_docked.pdbqt
nitisinone,-8.374,C:\Users\kunsh_ghp5duq\OneDrive\Desktop\SIH\3\docking_results\nitisinone_docked.pdbqt
entrectinib,-8.363,C:\Users\kunsh_ghp5duq\OneDrive\Desktop\SIH\3\docking_results\entrectinib_docked.pdbqt
enoxacin,-8.361,C:\Users\kunsh_ghp5duq\OneDrive\Desktop\SIH\3\docking_results\enoxacin_docked.pdbqt
perflunafene,-8.36,C:\Users\kunsh_ghp5duq\OneDrive\Desktop\SIH\3\docking_results\perflunafene_docked.pdbqt
nandrolone,-8.36,C:\Users\kunsh_ghp5duq\OneDrive\Desktop\SIH\3\docking_results\nandrolone_docked.pdbqt
camostat,-8.359,C:\Users\kunsh_ghp5duq\OneDrive\Desktop\SIH\3\docking_results\camostat_docked.pdbqt
enasidenib,-8.355,C:\Users\kunsh_ghp5duq\OneDrive\Desktop\SIH\3\docking_results\enasidenib_docked.pdbqt
midazolam,-8.345,C:\Users\kunsh_ghp5duq\OneDrive\Desktop\SIH\3\docking_results\midazolam_docked.pdbqt
tropisetron,-8.323,C:\Users\kunsh_ghp5duq\OneDrive\Desktop\SIH\3\docking_results\tropisetron_docked.pdbqt
cefadroxil,-8.318,C:\Users\kunsh_ghp5duq\OneDrive\Desktop\SIH\3\docking_results\cefadroxil_docked.pdbqt
clofoctol,-8.314,C:\Users\kunsh_ghp5duq\OneDrive\Desktop\SIH\3\docking_results\clofoctol_docked.pdbqt
diacerein,-8.308,C:\Users\kunsh_ghp5duq\OneDrive\Desktop\SIH\3\docking_results\diacerein_docked.pdbqt
enalaprilat,-8.297,C:\Users\kunsh_ghp5duq\OneDrive\Desktop\SIH\3\docking_results\enalaprilat_docked.pdbqt
indisetron,-8.291,C:\Users\kunsh_ghp5duq\OneDrive\Desktop\SIH\3\docking_results\indisetron_docked.pdbqt
olprinone,-8.286,C:\Users\kunsh_ghp5duq\OneDrive\Desktop\SIH\3\docking_results\olprinone_docked.pdbqt
amino_diphenylhydantoin__valeric_acid,-8.285,C:\Users\kunsh_ghp5duq\OneDrive\Desktop\SIH\3\docking_results\amino_diphenylhydantoin__valeric_acid_docked.pdbqt
bictegravir,-8.283,C:\Users\kunsh_ghp5duq\OneDrive\Desktop\SIH\3\docking_results\bictegravir_docked.pdbqt
dantron,-8.266,C:\Users\kunsh_ghp5duq\OneDrive\Desktop\SIH\3\docking_results\dantron_docked.pdbqt
forodesine,-8.257,C:\Users\kunsh_ghp5duq\OneDrive\Desktop\SIH\3\docking_results\forodesine_docked.pdbqt
coumetarol,-8.252,C:\Users\kunsh_ghp5duq\OneDrive\Desktop\SIH\3\docking_results\coumetarol_docked.pdbqt
rebamipide,-8.252,C:\Users\kunsh_ghp5duq\OneDrive\Desktop\SIH\3\docking_results\rebamipide_docked.pdbqt
sulfaloxic_acid,-8.25,C:\Users\kunsh_ghp5duq\OneDrive\Desktop\SIH\3\docking_results\sulfaloxic_acid_docked.pdbqt
carprofen,-8.248,C:\Users\kunsh_ghp5duq\OneDrive\Desktop\SIH\3\docking_results\carprofen_docked.pdbqt
fosphenytoin,-8.232,C:\Users\kunsh_ghp5duq\OneDrive\Desktop\SIH\3\docking_results\fosphenytoin_docked.pdbqt
estazolam,-8.224,C:\Users\kunsh_ghp5duq\OneDrive\Desktop\SIH\3\docking_results\estazolam_docked.pdbqt
cyproheptadine,-8.219,C:\Users\kunsh_ghp5duq\OneDrive\Desktop\SIH\3\docking_results\cyproheptadine_docked.pdbqt
ubenimex,-8.218,C:\Users\kunsh_ghp5duq\OneDrive\Desktop\SIH\3\docking_results\ubenimex_docked.pdbqt
palonosetron,-8.216,C:\Users\kunsh_ghp5duq\OneDrive\Desktop\SIH\3\docking_results\palonosetron_docked.pdbqt
estradiol_benzoate,-8.212,C:\Users\kunsh_ghp5duq\OneDrive\Desktop\SIH\3\docking_results\estradiol_benzoate_docked.pdbqt
estriol,-8.205,C:\Users\kunsh_ghp5duq\OneDrive\Desktop\SIH\3\docking_results\estriol_docked.pdbqt
hydrocortisone_phosphate,-8.204,C:\Users\kunsh_ghp5duq\OneDrive\Desktop\SIH\3\docking_results\hydrocortisone_phosphate_docked.pdbqt
pirenoxine,-8.2,C:\Users\kunsh_ghp5duq\OneDrive\Desktop\SIH\3\docking_results\pirenoxine_docked.pdbqt
pexidartinib,-8.196,C:\Users\kunsh_ghp5duq\OneDrive\Desktop\SIH\3\docking_results\pexidartinib_docked.pdbqt
vilazodone,-8.19,C:\Users\kunsh_ghp5duq\OneDrive\Desktop\SIH\3\docking_results\vilazodone_docked.pdbqt
evocalcet,-8.165,C:\Users\kunsh_ghp5duq\OneDrive\Desktop\SIH\3\docking_results\evocalcet_docked.pdbqt
niflumic_acid,-8.164,C:\Users\kunsh_ghp5duq\OneDrive\Desktop\SIH\3\docking_results\niflumic_acid_docked.pdbqt
ketoprofen,-8.161,C:\Users\kunsh_ghp5duq\OneDrive\Desktop\SIH\3\docking_results\ketoprofen_docked.pdbqt
tibolone,-8.159,C:\Users\kunsh_ghp5duq\OneDrive\Desktop\SIH\3\docking_results\tibolone_docked.pdbqt
ruxolitinib,-8.153,C:\Users\kunsh_ghp5duq\OneDrive\Desktop\SIH\3\docking_results\ruxolitinib_docked.pdbqt
mesoridazine,-8.148,C:\Users\kunsh_ghp5duq\OneDrive\Desktop\SIH\3\docking_results\mesoridazine_docked.pdbqt
menadione_sodium_bisulfite,-8.148,C:\Users\kunsh_ghp5duq\OneDrive\Desktop\SIH\3\docking_results\menadione_sodium_bisulfite_docked.pdbqt
pazufloxacin,-8.143,C:\Users\kunsh_ghp5duq\OneDrive\Desktop\SIH\3\docking_results\pazufloxacin_docked.pdbqt
alprazolam,-8.137,C:\Users\kunsh_ghp5duq\OneDrive\Desktop\SIH\3\docking_results\alprazolam_docked.pdbqt
setiptiline,-8.136,C:\Users\kunsh_ghp5duq\OneDrive\Desktop\SIH\3\docking_results\setiptiline_docked.pdbqt
estetrol,-8.131,C:\Users\kunsh_ghp5duq\OneDrive\Desktop\SIH\3\docking_results\estetrol_docked.pdbqt
cinmetacin,-8.125,C:\Users\kunsh_ghp5duq\OneDrive\Desktop\SIH\3\docking_results\cinmetacin_docked.pdbqt
papaveroline,-8.125,C:\Users\kunsh_ghp5duq\OneDrive\Desktop\SIH\3\docking_results\papaveroline_docked.pdbqt
macimorelin,-8.123,C:\Users\kunsh_ghp5duq\OneDrive\Desktop\SIH\3\docking_results\macimorelin_docked.pdbqt
droxicam,-8.122,C:\Users\kunsh_ghp5duq\OneDrive\Desktop\SIH\3\docking_results\droxicam_docked.pdbqt
benzpiperylone,-8.121,C:\Users\kunsh_ghp5duq\OneDrive\Desktop\SIH\3\docking_results\benzpiperylone_docked.pdbqt
darolutamide,-8.119,C:\Users\kunsh_ghp5duq\OneDrive\Desktop\SIH\3\docking_results\darolutamide_docked.pdbqt
theodrenaline,-8.119,C:\Users\kunsh_ghp5duq\OneDrive\Desktop\SIH\3\docking_results\theodrenaline_docked.pdbqt
dithranol,-8.115,C:\Users\kunsh_ghp5duq\OneDrive\Desktop\SIH\3\docking_results\dithranol_docked.pdbqt
ampicillin,-8.111,C:\Users\kunsh_ghp5duq\OneDrive\Desktop\SIH\3\docking_results\ampicillin_docked.pdbqt
naratriptan,-8.111,C:\Users\kunsh_ghp5duq\OneDrive\Desktop\SIH\3\docking_results\naratriptan_docked.pdbqt
eburnamonine,-8.109,C:\Users\kunsh_ghp5duq\OneDrive\Desktop\SIH\3\docking_results\eburnamonine_docked.pdbqt
acitazanolast,-8.096,C:\Users\kunsh_ghp5duq\OneDrive\Desktop\SIH\3\docking_results\acitazanolast_docked.pdbqt
flibanserin,-8.096,C:\Users\kunsh_ghp5duq\OneDrive\Desktop\SIH\3\docking_results\flibanserin_docked.pdbqt
bufogenin,-8.094,C:\Users\kunsh_ghp5duq\OneDrive\Desktop\SIH\3\docking_results\bufogenin_docked.pdbqt
domitroban,-8.093,C:\Users\kunsh_ghp5duq\OneDrive\Desktop\SIH\3\docking_results\domitroban_docked.pdbqt
perlapine,-8.093,C:\Users\kunsh_ghp5duq\OneDrive\Desktop\SIH\3\docking_results\perlapine_docked.pdbqt
pefloxacin,-8.091,C:\Users\kunsh_ghp5duq\OneDrive\Desktop\SIH\3\docking_results\pefloxacin_docked.pdbqt
hydroxyestrone_diacetate,-8.08,C:\Users\kunsh_ghp5duq\OneDrive\Desktop\SIH\3\docking_results\hydroxyestrone_diacetate_docked.pdbqt
eosin,-8.077,C:\Users\kunsh_ghp5duq\OneDrive\Desktop\SIH\3\docking_results\eosin_docked.pdbqt
olsalazine,-8.071,C:\Users\kunsh_ghp5duq\OneDrive\Desktop\SIH\3\docking_results\olsalazine_docked.pdbqt
riboflavin,-8.07,C:\Users\kunsh_ghp5duq\OneDrive\Desktop\SIH\3\docking_results\riboflavin_docked.pdbqt
sapropterin,-8.065,C:\Users\kunsh_ghp5duq\OneDrive\Desktop\SIH\3\docking_results\sapropterin_docked.pdbqt
formestane,-8.065,C:\Users\kunsh_ghp5duq\OneDrive\Desktop\SIH\3\docking_results\formestane_docked.pdbqt
cilostazol,-8.063,C:\Users\kunsh_ghp5duq\OneDrive\Desktop\SIH\3\docking_results\cilostazol_docked.pdbqt
revaprazan,-8.055,C:\Users\kunsh_ghp5duq\OneDrive\Desktop\SIH\3\docking_results\revaprazan_docked.pdbqt
pomalidomide,-8.044,C:\Users\kunsh_ghp5duq\OneDrive\Desktop\SIH\3\docking_results\pomalidomide_docked.pdbqt
amoxicillin,-8.04,C:\Users\kunsh_ghp5duq\OneDrive\Desktop\SIH\3\docking_results\amoxicillin_docked.pdbqt
estrone_sulphate,-8.039,C:\Users\kunsh_ghp5duq\OneDrive\Desktop\SIH\3\docking_results\estrone_sulphate_docked.pdbqt
fenspiride,-8.038,C:\Users\kunsh_ghp5duq\OneDrive\Desktop\SIH\3\docking_results\fenspiride_docked.pdbqt
ethinylestradiol,-8.031,C:\Users\kunsh_ghp5duq\OneDrive\Desktop\SIH\3\docking_results\ethinylestradiol_docked.pdbqt
metesculetol,-8.031,C:\Users\kunsh_ghp5duq\OneDrive\Desktop\SIH\3\docking_results\metesculetol_docked.pdbqt
teriflunomide,-8.031,C:\Users\kunsh_ghp5duq\OneDrive\Desktop\SIH\3\docking_results\teriflunomide_docked.pdbqt
medibazine,-8.03,C:\Users\kunsh_ghp5duq\OneDrive\Desktop\SIH\3\docking_results\medibazine_docked.pdbqt
flufenamic_acid,-8.029,C:\Users\kunsh_ghp5duq\OneDrive\Desktop\SIH\3\docking_results\flufenamic_acid_docked.pdbqt
chlortalidone,-8.029,C:\Users\kunsh_ghp5duq\OneDrive\Desktop\SIH\3\docking_results\chlortalidone_docked.pdbqt
phenazocine,-8.027,C:\Users\kunsh_ghp5duq\OneDrive\Desktop\SIH\3\docking_results\phenazocine_docked.pdbqt
clinafloxacin,-8.018,C:\Users\kunsh_ghp5duq\OneDrive\Desktop\SIH\3\docking_results\clinafloxacin_docked.pdbqt
protokylol,-8.011,C:\Users\kunsh_ghp5duq\OneDrive\Desktop\SIH\3\docking_results\protokylol_docked.pdbqt
exatecan,-8.01,C:\Users\kunsh_ghp5duq\OneDrive\Desktop\SIH\3\docking_results\exatecan_docked.pdbqt
vildagliptin,-8.008,C:\Users\kunsh_ghp5duq\OneDrive\Desktop\SIH\3\docking_results\vildagliptin_docked.pdbqt
dacomitinib,-8.004,C:\Users\kunsh_ghp5duq\OneDrive\Desktop\SIH\3\docking_results\dacomitinib_docked.pdbqt
masoprocol,-8.003,C:\Users\kunsh_ghp5duq\OneDrive\Desktop\SIH\3\docking_results\masoprocol_docked.pdbqt
sorivudine,-8.002,C:\Users\kunsh_ghp5duq\OneDrive\Desktop\SIH\3\docking_results\sorivudine_docked.pdbqt
phthalylsulfathiazole,-8.002,C:\Users\kunsh_ghp5duq\OneDrive\Desktop\SIH\3\docking_results\phthalylsulfathiazole_docked.pdbqt
cefprozil,-7.996,C:\Users\kunsh_ghp5duq\OneDrive\Desktop\SIH\3\docking_results\cefprozil_docked.pdbqt
medroxalol,-7.994,C:\Users\kunsh_ghp5duq\OneDrive\Desktop\SIH\3\docking_results\medroxalol_docked.pdbqt
lenalidomide,-7.989,C:\Users\kunsh_ghp5duq\OneDrive\Desktop\SIH\3\docking_results\lenalidomide_docked.pdbqt
sultosilic_acid,-7.987,C:\Users\kunsh_ghp5duq\OneDrive\Desktop\SIH\3\docking_results\sultosilic_acid_docked.pdbqt
benznidazole,-7.986,C:\Users\kunsh_ghp5duq\OneDrive\Desktop\SIH\3\docking_results\benznidazole_docked.pdbqt
loxapine,-7.985,C:\Users\kunsh_ghp5duq\OneDrive\Desktop\SIH\3\docking_results\loxapine_docked.pdbqt
quercetin,-7.981,C:\Users\kunsh_ghp5duq\OneDrive\Desktop\SIH\3\docking_results\quercetin_docked.pdbqt
beraprost,-7.979,C:\Users\kunsh_ghp5duq\OneDrive\Desktop\SIH\3\docking_results\beraprost_docked.pdbqt
enoxolone,-7.972,C:\Users\kunsh_ghp5duq\OneDrive\Desktop\SIH\3\docking_results\enoxolone_docked.pdbqt
trifluridine,-7.97,C:\Users\kunsh_ghp5duq\OneDrive\Desktop\SIH\3\docking_results\trifluridine_docked.pdbqt
dimefline,-7.968,C:\Users\kunsh_ghp5duq\OneDrive\Desktop\SIH\3\docking_results\dimefline_docked.pdbqt
mitiglinide,-7.965,C:\Users\kunsh_ghp5duq\OneDrive\Desktop\SIH\3\docking_results\mitiglinide_docked.pdbqt
cyproterone_acetate,-7.965,C:\Users\kunsh_ghp5duq\OneDrive\Desktop\SIH\3\docking_results\cyproterone_acetate_docked.pdbqt
tolrestat,-7.965,C:\Users\kunsh_ghp5duq\OneDrive\Desktop\SIH\3\docking_results\tolrestat_docked.pdbqt
nicocodine,-7.961,C:\Users\kunsh_ghp5duq\OneDrive\Desktop\SIH\3\docking_results\nicocodine_docked.pdbqt
potassium_canrenoate,-7.961,C:\Users\kunsh_ghp5duq\OneDrive\Desktop\SIH\3\docking_results\potassium_canrenoate_docked.pdbqt
phenolsulfonphthalein,-7.956,C:\Users\kunsh_ghp5duq\OneDrive\Desktop\SIH\3\docking_results\phenolsulfonphthalein_docked.pdbqt
oxametacin,-7.954,C:\Users\kunsh_ghp5duq\OneDrive\Desktop\SIH\3\docking_results\oxametacin_docked.pdbqt
paramethasone_acetate,-7.954,C:\Users\kunsh_ghp5duq\OneDrive\Desktop\SIH\3\docking_results\paramethasone_acetate_docked.pdbqt
duvelisib,-7.952,C:\Users\kunsh_ghp5duq\OneDrive\Desktop\SIH\3\docking_results\duvelisib_docked.pdbqt
picotamide,-7.945,C:\Users\kunsh_ghp5duq\OneDrive\Desktop\SIH\3\docking_results\picotamide_docked.pdbqt
siponimod,-7.945,C:\Users\kunsh_ghp5duq\OneDrive\Desktop\SIH\3\docking_results\siponimod_docked.pdbqt
sacubitril,-7.94,C:\Users\kunsh_ghp5duq\OneDrive\Desktop\SIH\3\docking_results\sacubitril_docked.pdbqt
safinamide,-7.937,C:\Users\kunsh_ghp5duq\OneDrive\Desktop\SIH\3\docking_results\safinamide_docked.pdbqt
pipemidic_acid,-7.934,C:\Users\kunsh_ghp5duq\OneDrive\Desktop\SIH\3\docking_results\pipemidic_acid_docked.pdbqt
lobenzarit,-7.933,C:\Users\kunsh_ghp5duq\OneDrive\Desktop\SIH\3\docking_results\lobenzarit_docked.pdbqt
biriperone,-7.932,C:\Users\kunsh_ghp5duq\OneDrive\Desktop\SIH\3\docking_results\biriperone_docked.pdbqt
naftazone,-7.932,C:\Users\kunsh_ghp5duq\OneDrive\Desktop\SIH\3\docking_results\naftazone_docked.pdbqt
naftopidil,-7.926,C:\Users\kunsh_ghp5duq\OneDrive\Desktop\SIH\3\docking_results\naftopidil_docked.pdbqt
nifurpirinol,-7.925,C:\Users\kunsh_ghp5duq\OneDrive\Desktop\SIH\3\docking_results\nifurpirinol_docked.pdbqt
proquazone,-7.919,C:\Users\kunsh_ghp5duq\OneDrive\Desktop\SIH\3\docking_results\proquazone_docked.pdbqt
doxapram,-7.917,C:\Users\kunsh_ghp5duq\OneDrive\Desktop\SIH\3\docking_results\doxapram_docked.pdbqt
idelalisib,-7.914,C:\Users\kunsh_ghp5duq\OneDrive\Desktop\SIH\3\docking_results\idelalisib_docked.pdbqt
hetacillin,-7.911,C:\Users\kunsh_ghp5duq\OneDrive\Desktop\SIH\3\docking_results\hetacillin_docked.pdbqt
rosoxacin,-7.91,C:\Users\kunsh_ghp5duq\OneDrive\Desktop\SIH\3\docking_results\rosoxacin_docked.pdbqt
pregnenolone_succinate,-7.909,C:\Users\kunsh_ghp5duq\OneDrive\Desktop\SIH\3\docking_results\pregnenolone_succinate_docked.pdbqt
nitrofurantoin,-7.906,C:\Users\kunsh_ghp5duq\OneDrive\Desktop\SIH\3\docking_results\nitrofurantoin_docked.pdbqt
riociguat,-7.902,C:\Users\kunsh_ghp5duq\OneDrive\Desktop\SIH\3\docking_results\riociguat_docked.pdbqt
baricitinib,-7.898,C:\Users\kunsh_ghp5duq\OneDrive\Desktop\SIH\3\docking_results\baricitinib_docked.pdbqt
rolapitant,-7.897,C:\Users\kunsh_ghp5duq\OneDrive\Desktop\SIH\3\docking_results\rolapitant_docked.pdbqt
brexpiprazole,-7.893,C:\Users\kunsh_ghp5duq\OneDrive\Desktop\SIH\3\docking_results\brexpiprazole_docked.pdbqt
cyclacillin,-7.891,C:\Users\kunsh_ghp5duq\OneDrive\Desktop\SIH\3\docking_results\cyclacillin_docked.pdbqt
vadadustat,-7.889,C:\Users\kunsh_ghp5duq\OneDrive\Desktop\SIH\3\docking_results\vadadustat_docked.pdbqt
lodoxamide,-7.882,C:\Users\kunsh_ghp5duq\OneDrive\Desktop\SIH\3\docking_results\lodoxamide_docked.pdbqt
delamanid,-7.879,C:\Users\kunsh_ghp5duq\OneDrive\Desktop\SIH\3\docking_results\delamanid_docked.pdbqt
anastrozole,-7.879,C:\Users\kunsh_ghp5duq\OneDrive\Desktop\SIH\3\docking_results\anastrozole_docked.pdbqt
phentetramine,-7.878,C:\Users\kunsh_ghp5duq\OneDrive\Desktop\SIH\3\docking_results\phentetramine_docked.pdbqt
oxycinchophen,-7.877,C:\Users\kunsh_ghp5duq\OneDrive\Desktop\SIH\3\docking_results\oxycinchophen_docked.pdbqt
methenolone,-7.874,C:\Users\kunsh_ghp5duq\OneDrive\Desktop\SIH\3\docking_results\methenolone_docked.pdbqt
estrone,-7.873,C:\Users\kunsh_ghp5duq\OneDrive\Desktop\SIH\3\docking_results\estrone_docked.pdbqt
mianserin,-7.873,C:\Users\kunsh_ghp5duq\OneDrive\Desktop\SIH\3\docking_results\mianserin_docked.pdbqt
ramosetron,-7.868,C:\Users\kunsh_ghp5duq\OneDrive\Desktop\SIH\3\docking_results\ramosetron_docked.pdbqt
eltanolone,-7.867,C:\Users\kunsh_ghp5duq\OneDrive\Desktop\SIH\3\docking_results\eltanolone_docked.pdbqt
mestranol,-7.867,C:\Users\kunsh_ghp5duq\OneDrive\Desktop\SIH\3\docking_results\mestranol_docked.pdbqt
iloprost,-7.864,C:\Users\kunsh_ghp5duq\OneDrive\Desktop\SIH\3\docking_results\iloprost_docked.pdbqt
mepixanox,-7.856,C:\Users\kunsh_ghp5duq\OneDrive\Desktop\SIH\3\docking_results\mepixanox_docked.pdbqt
difenpiramide,-7.855,C:\Users\kunsh_ghp5duq\OneDrive\Desktop\SIH\3\docking_results\difenpiramide_docked.pdbqt
piromidic_acid,-7.855,C:\Users\kunsh_ghp5duq\OneDrive\Desktop\SIH\3\docking_results\piromidic_acid_docked.pdbqt
trazodone,-7.854,C:\Users\kunsh_ghp5duq\OneDrive\Desktop\SIH\3\docking_results\trazodone_docked.pdbqt
naproxen,-7.849,C:\Users\kunsh_ghp5duq\OneDrive\Desktop\SIH\3\docking_results\naproxen_docked.pdbqt
cyclarbamate,-7.847,C:\Users\kunsh_ghp5duq\OneDrive\Desktop\SIH\3\docking_results\cyclarbamate_docked.pdbqt
epinastine,-7.845,C:\Users\kunsh_ghp5duq\OneDrive\Desktop\SIH\3\docking_results\epinastine_docked.pdbqt
bulaquine,-7.845,C:\Users\kunsh_ghp5duq\OneDrive\Desktop\SIH\3\docking_results\bulaquine_docked.pdbqt
benzamidosalicylate,-7.845,C:\Users\kunsh_ghp5duq\OneDrive\Desktop\SIH\3\docking_results\benzamidosalicylate_docked.pdbqt
benzylpenicillin,-7.844,C:\Users\kunsh_ghp5duq\OneDrive\Desktop\SIH\3\docking_results\benzylpenicillin_docked.pdbqt
oxolinic_acid,-7.843,C:\Users\kunsh_ghp5duq\OneDrive\Desktop\SIH\3\docking_results\oxolinic_acid_docked.pdbqt
niclosamide,-7.843,C:\Users\kunsh_ghp5duq\OneDrive\Desktop\SIH\3\docking_results\niclosamide_docked.pdbqt
ensulizole,-7.842,C:\Users\kunsh_ghp5duq\OneDrive\Desktop\SIH\3\docking_results\ensulizole_docked.pdbqt
vedaprofen,-7.84,C:\Users\kunsh_ghp5duq\OneDrive\Desktop\SIH\3\docking_results\vedaprofen_docked.pdbqt
solifenacin,-7.837,C:\Users\kunsh_ghp5duq\OneDrive\Desktop\SIH\3\docking_results\solifenacin_docked.pdbqt
topiroxostat,-7.836,C:\Users\kunsh_ghp5duq\OneDrive\Desktop\SIH\3\docking_results\topiroxostat_docked.pdbqt
glafenine,-7.835,C:\Users\kunsh_ghp5duq\OneDrive\Desktop\SIH\3\docking_results\glafenine_docked.pdbqt
meclozine,-7.834,C:\Users\kunsh_ghp5duq\OneDrive\Desktop\SIH\3\docking_results\meclozine_docked.pdbqt
zabofloxacin,-7.833,C:\Users\kunsh_ghp5duq\OneDrive\Desktop\SIH\3\docking_results\zabofloxacin_docked.pdbqt
sulforidazine,-7.83,C:\Users\kunsh_ghp5duq\OneDrive\Desktop\SIH\3\docking_results\sulforidazine_docked.pdbqt
crizotinib,-7.83,C:\Users\kunsh_ghp5duq\OneDrive\Desktop\SIH\3\docking_results\crizotinib_docked.pdbqt
clidanac,-7.83,C:\Users\kunsh_ghp5duq\OneDrive\Desktop\SIH\3\docking_results\clidanac_docked.pdbqt
brivudine,-7.823,C:\Users\kunsh_ghp5duq\OneDrive\Desktop\SIH\3\docking_results\brivudine_docked.pdbqt
glyhexamide,-7.819,C:\Users\kunsh_ghp5duq\OneDrive\Desktop\SIH\3\docking_results\glyhexamide_docked.pdbqt
dolasetron,-7.816,C:\Users\kunsh_ghp5duq\OneDrive\Desktop\SIH\3\docking_results\dolasetron_docked.pdbqt
baloxavir_marboxil,-7.808,C:\Users\kunsh_ghp5duq\OneDrive\Desktop\SIH\3\docking_results\baloxavir_marboxil_docked.pdbqt
rubitecan,-7.808,C:\Users\kunsh_ghp5duq\OneDrive\Desktop\SIH\3\docking_results\rubitecan_docked.pdbqt
lysergide,-7.807,C:\Users\kunsh_ghp5duq\OneDrive\Desktop\SIH\3\docking_results\lysergide_docked.pdbqt
bisantrene,-7.801,C:\Users\kunsh_ghp5duq\OneDrive\Desktop\SIH\3\docking_results\bisantrene_docked.pdbqt
progesterone,-7.799,C:\Users\kunsh_ghp5duq\OneDrive\Desktop\SIH\3\docking_results\progesterone_docked.pdbqt
ergometrine,-7.798,C:\Users\kunsh_ghp5duq\OneDrive\Desktop\SIH\3\docking_results\ergometrine_docked.pdbqt
pretomanid,-7.797,C:\Users\kunsh_ghp5duq\OneDrive\Desktop\SIH\3\docking_results\pretomanid_docked.pdbqt
flunisolide,-7.788,C:\Users\kunsh_ghp5duq\OneDrive\Desktop\SIH\3\docking_results\flunisolide_docked.pdbqt
oxaprozin,-7.788,C:\Users\kunsh_ghp5duq\OneDrive\Desktop\SIH\3\docking_results\oxaprozin_docked.pdbqt
ethinylestradiol_sulfonate,-7.786,C:\Users\kunsh_ghp5duq\OneDrive\Desktop\SIH\3\docking_results\ethinylestradiol_sulfonate_docked.pdbqt
pronetalol,-7.786,C:\Users\kunsh_ghp5duq\OneDrive\Desktop\SIH\3\docking_results\pronetalol_docked.pdbqt
tenofovir,-7.784,C:\Users\kunsh_ghp5duq\OneDrive\Desktop\SIH\3\docking_results\tenofovir_docked.pdbqt
lynestrenol,-7.782,C:\Users\kunsh_ghp5duq\OneDrive\Desktop\SIH\3\docking_results\lynestrenol_docked.pdbqt
fludarabine_phosphate,-7.778,C:\Users\kunsh_ghp5duq\OneDrive\Desktop\SIH\3\docking_results\fludarabine_phosphate_docked.pdbqt
norgesterone,-7.778,C:\Users\kunsh_ghp5duq\OneDrive\Desktop\SIH\3\docking_results\norgesterone_docked.pdbqt
pemirolast,-7.777,C:\Users\kunsh_ghp5duq\OneDrive\Desktop\SIH\3\docking_results\pemirolast_docked.pdbqt
diflunisal,-7.776,C:\Users\kunsh_ghp5duq\OneDrive\Desktop\SIH\3\docking_results\diflunisal_docked.pdbqt
desoxycorticosterone_acetate,-7.775,C:\Users\kunsh_ghp5duq\OneDrive\Desktop\SIH\3\docking_results\desoxycorticosterone_acetate_docked.pdbqt
fludroxycortide,-7.774,C:\Users\kunsh_ghp5duq\OneDrive\Desktop\SIH\3\docking_results\fludroxycortide_docked.pdbqt
nadoxolol,-7.773,C:\Users\kunsh_ghp5duq\OneDrive\Desktop\SIH\3\docking_results\nadoxolol_docked.pdbqt
roxadustat,-7.77,C:\Users\kunsh_ghp5duq\OneDrive\Desktop\SIH\3\docking_results\roxadustat_docked.pdbqt
talazoparib_tosylate,-7.765,C:\Users\kunsh_ghp5duq\OneDrive\Desktop\SIH\3\docking_results\talazoparib_tosylate_docked.pdbqt
gatifloxacin,-7.758,C:\Users\kunsh_ghp5duq\OneDrive\Desktop\SIH\3\docking_results\gatifloxacin_docked.pdbqt
bezafibrate,-7.752,C:\Users\kunsh_ghp5duq\OneDrive\Desktop\SIH\3\docking_results\bezafibrate_docked.pdbqt
ajmaline,-7.752,C:\Users\kunsh_ghp5duq\OneDrive\Desktop\SIH\3\docking_results\ajmaline_docked.pdbqt
perimetazine,-7.749,C:\Users\kunsh_ghp5duq\OneDrive\Desktop\SIH\3\docking_results\perimetazine_docked.pdbqt
metiazinic_acid,-7.748,C:\Users\kunsh_ghp5duq\OneDrive\Desktop\SIH\3\docking_results\metiazinic_acid_docked.pdbqt
faropenem_medoxil,-7.745,C:\Users\kunsh_ghp5duq\OneDrive\Desktop\SIH\3\docking_results\faropenem_medoxil_docked.pdbqt
norethynodrel,-7.743,C:\Users\kunsh_ghp5duq\OneDrive\Desktop\SIH\3\docking_results\norethynodrel_docked.pdbqt
fenquizone,-7.741,C:\Users\kunsh_ghp5duq\OneDrive\Desktop\SIH\3\docking_results\fenquizone_docked.pdbqt
apremilast,-7.739,C:\Users\kunsh_ghp5duq\OneDrive\Desktop\SIH\3\docking_results\apremilast_docked.pdbqt
clorindione,-7.737,C:\Users\kunsh_ghp5duq\OneDrive\Desktop\SIH\3\docking_results\clorindione_docked.pdbqt
nadifloxacin,-7.734,C:\Users\kunsh_ghp5duq\OneDrive\Desktop\SIH\3\docking_results\nadifloxacin_docked.pdbqt
dioxadrol,-7.733,C:\Users\kunsh_ghp5duq\OneDrive\Desktop\SIH\3\docking_results\dioxadrol_docked.pdbqt
oxendolone,-7.732,C:\Users\kunsh_ghp5duq\OneDrive\Desktop\SIH\3\docking_results\oxendolone_docked.pdbqt
bendazac,-7.731,C:\Users\kunsh_ghp5duq\OneDrive\Desktop\SIH\3\docking_results\bendazac_docked.pdbqt
bromindione,-7.731,C:\Users\kunsh_ghp5duq\OneDrive\Desktop\SIH\3\docking_results\bromindione_docked.pdbqt
prasterone_sulfate,-7.731,C:\Users\kunsh_ghp5duq\OneDrive\Desktop\SIH\3\docking_results\prasterone_sulfate_docked.pdbqt
anecortave,-7.731,C:\Users\kunsh_ghp5duq\OneDrive\Desktop\SIH\3\docking_results\anecortave_docked.pdbqt
reproterol,-7.73,C:\Users\kunsh_ghp5duq\OneDrive\Desktop\SIH\3\docking_results\reproterol_docked.pdbqt
ataluren,-7.729,C:\Users\kunsh_ghp5duq\OneDrive\Desktop\SIH\3\docking_results\ataluren_docked.pdbqt
phenolphthalein,-7.728,C:\Users\kunsh_ghp5duq\OneDrive\Desktop\SIH\3\docking_results\phenolphthalein_docked.pdbqt
nicofetamide,-7.724,C:\Users\kunsh_ghp5duq\OneDrive\Desktop\SIH\3\docking_results\nicofetamide_docked.pdbqt
gemifloxacin,-7.722,C:\Users\kunsh_ghp5duq\OneDrive\Desktop\SIH\3\docking_results\gemifloxacin_docked.pdbqt
benserazide,-7.722,C:\Users\kunsh_ghp5duq\OneDrive\Desktop\SIH\3\docking_results\benserazide_docked.pdbqt
avobenzone,-7.721,C:\Users\kunsh_ghp5duq\OneDrive\Desktop\SIH\3\docking_results\avobenzone_docked.pdbqt
opipramol,-7.719,C:\Users\kunsh_ghp5duq\OneDrive\Desktop\SIH\3\docking_results\opipramol_docked.pdbqt
indomethacin,-7.718,C:\Users\kunsh_ghp5duq\OneDrive\Desktop\SIH\3\docking_results\indomethacin_docked.pdbqt
glyconiazide,-7.716,C:\Users\kunsh_ghp5duq\OneDrive\Desktop\SIH\3\docking_results\glyconiazide_docked.pdbqt
glycyclamide,-7.716,C:\Users\kunsh_ghp5duq\OneDrive\Desktop\SIH\3\docking_results\glycyclamide_docked.pdbqt
leflunomide,-7.715,C:\Users\kunsh_ghp5duq\OneDrive\Desktop\SIH\3\docking_results\leflunomide_docked.pdbqt
oxyphenisatine_acetate,-7.713,C:\Users\kunsh_ghp5duq\OneDrive\Desktop\SIH\3\docking_results\oxyphenisatine_acetate_docked.pdbqt
carbamazepine,-7.709,C:\Users\kunsh_ghp5duq\OneDrive\Desktop\SIH\3\docking_results\carbamazepine_docked.pdbqt
dehydrocholic_acid,-7.709,C:\Users\kunsh_ghp5duq\OneDrive\Desktop\SIH\3\docking_results\dehydrocholic_acid_docked.pdbqt
epervudine,-7.709,C:\Users\kunsh_ghp5duq\OneDrive\Desktop\SIH\3\docking_results\epervudine_docked.pdbqt
osalmid,-7.705,C:\Users\kunsh_ghp5duq\OneDrive\Desktop\SIH\3\docking_results\osalmid_docked.pdbqt
metamizole,-7.704,C:\Users\kunsh_ghp5duq\OneDrive\Desktop\SIH\3\docking_results\metamizole_docked.pdbqt
ciclobendazole,-7.698,C:\Users\kunsh_ghp5duq\OneDrive\Desktop\SIH\3\docking_results\ciclobendazole_docked.pdbqt
tiaprofenic_acid,-7.696,C:\Users\kunsh_ghp5duq\OneDrive\Desktop\SIH\3\docking_results\tiaprofenic_acid_docked.pdbqt
zolmitriptan,-7.695,C:\Users\kunsh_ghp5duq\OneDrive\Desktop\SIH\3\docking_results\zolmitriptan_docked.pdbqt
trimetrexate,-7.694,C:\Users\kunsh_ghp5duq\OneDrive\Desktop\SIH\3\docking_results\trimetrexate_docked.pdbqt
olmutinib,-7.693,C:\Users\kunsh_ghp5duq\OneDrive\Desktop\SIH\3\docking_results\olmutinib_docked.pdbqt
ozanimod,-7.693,C:\Users\kunsh_ghp5duq\OneDrive\Desktop\SIH\3\docking_results\ozanimod_docked.pdbqt
nedocromil,-7.69,C:\Users\kunsh_ghp5duq\OneDrive\Desktop\SIH\3\docking_results\nedocromil_docked.pdbqt
furazidin,-7.689,C:\Users\kunsh_ghp5duq\OneDrive\Desktop\SIH\3\docking_results\furazidin_docked.pdbqt
mebendazole,-7.687,C:\Users\kunsh_ghp5duq\OneDrive\Desktop\SIH\3\docking_results\mebendazole_docked.pdbqt
avibactam,-7.684,C:\Users\kunsh_ghp5duq\OneDrive\Desktop\SIH\3\docking_results\avibactam_docked.pdbqt
xipamide,-7.68,C:\Users\kunsh_ghp5duq\OneDrive\Desktop\SIH\3\docking_results\xipamide_docked.pdbqt
mecloqualone,-7.678,C:\Users\kunsh_ghp5duq\OneDrive\Desktop\SIH\3\docking_results\mecloqualone_docked.pdbqt
saxagliptin,-7.677,C:\Users\kunsh_ghp5duq\OneDrive\Desktop\SIH\3\docking_results\saxagliptin_docked.pdbqt
perampanel,-7.676,C:\Users\kunsh_ghp5duq\OneDrive\Desktop\SIH\3\docking_results\perampanel_docked.pdbqt
voriconazole,-7.675,C:\Users\kunsh_ghp5duq\OneDrive\Desktop\SIH\3\docking_results\voriconazole_docked.pdbqt
zidovudine,-7.673,C:\Users\kunsh_ghp5duq\OneDrive\Desktop\SIH\3\docking_results\zidovudine_docked.pdbqt
propicillin,-7.673,C:\Users\kunsh_ghp5duq\OneDrive\Desktop\SIH\3\docking_results\propicillin_docked.pdbqt
fenbendazole,-7.672,C:\Users\kunsh_ghp5duq\OneDrive\Desktop\SIH\3\docking_results\fenbendazole_docked.pdbqt
isocarboxazid,-7.668,C:\Users\kunsh_ghp5duq\OneDrive\Desktop\SIH\3\docking_results\isocarboxazid_docked.pdbqt
biapenem,-7.666,C:\Users\kunsh_ghp5duq\OneDrive\Desktop\SIH\3\docking_results\biapenem_docked.pdbqt
acetylpheneturide,-7.661,C:\Users\kunsh_ghp5duq\OneDrive\Desktop\SIH\3\docking_results\acetylpheneturide_docked.pdbqt
paroxetine,-7.661,C:\Users\kunsh_ghp5duq\OneDrive\Desktop\SIH\3\docking_results\paroxetine_docked.pdbqt
mexenone,-7.66,C:\Users\kunsh_ghp5duq\OneDrive\Desktop\SIH\3\docking_results\mexenone_docked.pdbqt
oxyfedrine,-7.657,C:\Users\kunsh_ghp5duq\OneDrive\Desktop\SIH\3\docking_results\oxyfedrine_docked.pdbqt
cinoxacin,-7.657,C:\Users\kunsh_ghp5duq\OneDrive\Desktop\SIH\3\docking_results\cinoxacin_docked.pdbqt
flortaucipir_F_18,-7.655,C:\Users\kunsh_ghp5duq\OneDrive\Desktop\SIH\3\docking_results\flortaucipir_F_18_docked.pdbqt
prednisolone_acetate,-7.655,C:\Users\kunsh_ghp5duq\OneDrive\Desktop\SIH\3\docking_results\prednisolone_acetate_docked.pdbqt
anisindione,-7.654,C:\Users\kunsh_ghp5duq\OneDrive\Desktop\SIH\3\docking_results\anisindione_docked.pdbqt
strychnine,-7.653,C:\Users\kunsh_ghp5duq\OneDrive\Desktop\SIH\3\docking_results\strychnine_docked.pdbqt
dichlorophen,-7.646,C:\Users\kunsh_ghp5duq\OneDrive\Desktop\SIH\3\docking_results\dichlorophen_docked.pdbqt
quinestradol,-7.643,C:\Users\kunsh_ghp5duq\OneDrive\Desktop\SIH\3\docking_results\quinestradol_docked.pdbqt
diosmetin,-7.642,C:\Users\kunsh_ghp5duq\OneDrive\Desktop\SIH\3\docking_results\diosmetin_docked.pdbqt
ethacridine,-7.641,C:\Users\kunsh_ghp5duq\OneDrive\Desktop\SIH\3\docking_results\ethacridine_docked.pdbqt
vortioxetine,-7.64,C:\Users\kunsh_ghp5duq\OneDrive\Desktop\SIH\3\docking_results\vortioxetine_docked.pdbqt
tazanolast,-7.64,C:\Users\kunsh_ghp5duq\OneDrive\Desktop\SIH\3\docking_results\tazanolast_docked.pdbqt
estradiol,-7.636,C:\Users\kunsh_ghp5duq\OneDrive\Desktop\SIH\3\docking_results\estradiol_docked.pdbqt
methylergometrine,-7.636,C:\Users\kunsh_ghp5duq\OneDrive\Desktop\SIH\3\docking_results\methylergometrine_docked.pdbqt
tafamidis,-7.635,C:\Users\kunsh_ghp5duq\OneDrive\Desktop\SIH\3\docking_results\tafamidis_docked.pdbqt
nateglinide,-7.633,C:\Users\kunsh_ghp5duq\OneDrive\Desktop\SIH\3\docking_results\nateglinide_docked.pdbqt
exisulind,-7.632,C:\Users\kunsh_ghp5duq\OneDrive\Desktop\SIH\3\docking_results\exisulind_docked.pdbqt
dienogest,-7.63,C:\Users\kunsh_ghp5duq\OneDrive\Desktop\SIH\3\docking_results\dienogest_docked.pdbqt
indoprofen,-7.63,C:\Users\kunsh_ghp5duq\OneDrive\Desktop\SIH\3\docking_results\indoprofen_docked.pdbqt
droperidol,-7.629,C:\Users\kunsh_ghp5duq\OneDrive\Desktop\SIH\3\docking_results\droperidol_docked.pdbqt
desoxycortone,-7.628,C:\Users\kunsh_ghp5duq\OneDrive\Desktop\SIH\3\docking_results\desoxycortone_docked.pdbqt
axitinib,-7.626,C:\Users\kunsh_ghp5duq\OneDrive\Desktop\SIH\3\docking_results\axitinib_docked.pdbqt
ibrutinib,-7.626,C:\Users\kunsh_ghp5duq\OneDrive\Desktop\SIH\3\docking_results\ibrutinib_docked.pdbqt
edoxudine,-7.624,C:\Users\kunsh_ghp5duq\OneDrive\Desktop\SIH\3\docking_results\edoxudine_docked.pdbqt
zuclopenthixol,-7.623,C:\Users\kunsh_ghp5duq\OneDrive\Desktop\SIH\3\docking_results\zuclopenthixol_docked.pdbqt
fluocortolone,-7.621,C:\Users\kunsh_ghp5duq\OneDrive\Desktop\SIH\3\docking_results\fluocortolone_docked.pdbqt
flusalan,-7.621,C:\Users\kunsh_ghp5duq\OneDrive\Desktop\SIH\3\docking_results\flusalan_docked.pdbqt
abacavir,-7.62,C:\Users\kunsh_ghp5duq\OneDrive\Desktop\SIH\3\docking_results\abacavir_docked.pdbqt
hesperetin,-7.619,C:\Users\kunsh_ghp5duq\OneDrive\Desktop\SIH\3\docking_results\hesperetin_docked.pdbqt
praziquantel,-7.617,C:\Users\kunsh_ghp5duq\OneDrive\Desktop\SIH\3\docking_results\praziquantel_docked.pdbqt
etofenamate,-7.613,C:\Users\kunsh_ghp5duq\OneDrive\Desktop\SIH\3\docking_results\etofenamate_docked.pdbqt
lonazolac,-7.613,C:\Users\kunsh_ghp5duq\OneDrive\Desktop\SIH\3\docking_results\lonazolac_docked.pdbqt
EIDD-1931,-7.612,C:\Users\kunsh_ghp5duq\OneDrive\Desktop\SIH\3\docking_results\EIDD-1931_docked.pdbqt
flumequine,-7.612,C:\Users\kunsh_ghp5duq\OneDrive\Desktop\SIH\3\docking_results\flumequine_docked.pdbqt
acrivastine,-7.607,C:\Users\kunsh_ghp5duq\OneDrive\Desktop\SIH\3\docking_results\acrivastine_docked.pdbqt
ketanserin,-7.606,C:\Users\kunsh_ghp5duq\OneDrive\Desktop\SIH\3\docking_results\ketanserin_docked.pdbqt
clometacin,-7.605,C:\Users\kunsh_ghp5duq\OneDrive\Desktop\SIH\3\docking_results\clometacin_docked.pdbqt
pentazocine,-7.605,C:\Users\kunsh_ghp5duq\OneDrive\Desktop\SIH\3\docking_results\pentazocine_docked.pdbqt
meclofenamic_acid,-7.602,C:\Users\kunsh_ghp5duq\OneDrive\Desktop\SIH\3\docking_results\meclofenamic_acid_docked.pdbqt
demegestone,-7.598,C:\Users\kunsh_ghp5duq\OneDrive\Desktop\SIH\3\docking_results\demegestone_docked.pdbqt
tedizolid_phosphate,-7.598,C:\Users\kunsh_ghp5duq\OneDrive\Desktop\SIH\3\docking_results\tedizolid_phosphate_docked.pdbqt
delmadinone_acetate,-7.597,C:\Users\kunsh_ghp5duq\OneDrive\Desktop\SIH\3\docking_results\delmadinone_acetate_docked.pdbqt
pholcodine,-7.595,C:\Users\kunsh_ghp5duq\OneDrive\Desktop\SIH\3\docking_results\pholcodine_docked.pdbqt
cafedrine,-7.595,C:\Users\kunsh_ghp5duq\OneDrive\Desktop\SIH\3\docking_results\cafedrine_docked.pdbqt
methysergide,-7.595,C:\Users\kunsh_ghp5duq\OneDrive\Desktop\SIH\3\docking_results\methysergide_docked.pdbqt
indigo_carmine,-7.594,C:\Users\kunsh_ghp5duq\OneDrive\Desktop\SIH\3\docking_results\indigo_carmine_docked.pdbqt
sulfabenzamide,-7.594,C:\Users\kunsh_ghp5duq\OneDrive\Desktop\SIH\3\docking_results\sulfabenzamide_docked.pdbqt
testosterone,-7.588,C:\Users\kunsh_ghp5duq\OneDrive\Desktop\SIH\3\docking_results\testosterone_docked.pdbqt
eszopiclone,-7.586,C:\Users\kunsh_ghp5duq\OneDrive\Desktop\SIH\3\docking_results\eszopiclone_docked.pdbqt
methaniazide,-7.584,C:\Users\kunsh_ghp5duq\OneDrive\Desktop\SIH\3\docking_results\methaniazide_docked.pdbqt
mirtazapine,-7.583,C:\Users\kunsh_ghp5duq\OneDrive\Desktop\SIH\3\docking_results\mirtazapine_docked.pdbqt
quinbolone,-7.582,C:\Users\kunsh_ghp5duq\OneDrive\Desktop\SIH\3\docking_results\quinbolone_docked.pdbqt
tramazoline,-7.582,C:\Users\kunsh_ghp5duq\OneDrive\Desktop\SIH\3\docking_results\tramazoline_docked.pdbqt
nitroxazepine,-7.581,C:\Users\kunsh_ghp5duq\OneDrive\Desktop\SIH\3\docking_results\nitroxazepine_docked.pdbqt
frovatriptan,-7.58,C:\Users\kunsh_ghp5duq\OneDrive\Desktop\SIH\3\docking_results\frovatriptan_docked.pdbqt
isobromindione,-7.58,C:\Users\kunsh_ghp5duq\OneDrive\Desktop\SIH\3\docking_results\isobromindione_docked.pdbqt
oxymesterone,-7.579,C:\Users\kunsh_ghp5duq\OneDrive\Desktop\SIH\3\docking_results\oxymesterone_docked.pdbqt
azasetron,-7.579,C:\Users\kunsh_ghp5duq\OneDrive\Desktop\SIH\3\docking_results\azasetron_docked.pdbqt
hydroxyprogesterone_caproate,-7.579,C:\Users\kunsh_ghp5duq\OneDrive\Desktop\SIH\3\docking_results\hydroxyprogesterone_caproate_docked.pdbqt
cobimetinib,-7.579,C:\Users\kunsh_ghp5duq\OneDrive\Desktop\SIH\3\docking_results\cobimetinib_docked.pdbqt
cyclocoumarol,-7.576,C:\Users\kunsh_ghp5duq\OneDrive\Desktop\SIH\3\docking_results\cyclocoumarol_docked.pdbqt
isonixin,-7.574,C:\Users\kunsh_ghp5duq\OneDrive\Desktop\SIH\3\docking_results\isonixin_docked.pdbqt
dobutamine,-7.573,C:\Users\kunsh_ghp5duq\OneDrive\Desktop\SIH\3\docking_results\dobutamine_docked.pdbqt
ofloxacin,-7.57,C:\Users\kunsh_ghp5duq\OneDrive\Desktop\SIH\3\docking_results\ofloxacin_docked.pdbqt
anagrelide,-7.57,C:\Users\kunsh_ghp5duq\OneDrive\Desktop\SIH\3\docking_results\anagrelide_docked.pdbqt
zaleplon,-7.569,C:\Users\kunsh_ghp5duq\OneDrive\Desktop\SIH\3\docking_results\zaleplon_docked.pdbqt
periciazine,-7.568,C:\Users\kunsh_ghp5duq\OneDrive\Desktop\SIH\3\docking_results\periciazine_docked.pdbqt
phthalylsulfacetamide,-7.567,C:\Users\kunsh_ghp5duq\OneDrive\Desktop\SIH\3\docking_results\phthalylsulfacetamide_docked.pdbqt
alizapride,-7.567,C:\Users\kunsh_ghp5duq\OneDrive\Desktop\SIH\3\docking_results\alizapride_docked.pdbqt
spiperone,-7.566,C:\Users\kunsh_ghp5duq\OneDrive\Desktop\SIH\3\docking_results\spiperone_docked.pdbqt
epicillin,-7.566,C:\Users\kunsh_ghp5duq\OneDrive\Desktop\SIH\3\docking_results\epicillin_docked.pdbqt
tenidap,-7.565,C:\Users\kunsh_ghp5duq\OneDrive\Desktop\SIH\3\docking_results\tenidap_docked.pdbqt
pyrrobutamine,-7.564,C:\Users\kunsh_ghp5duq\OneDrive\Desktop\SIH\3\docking_results\pyrrobutamine_docked.pdbqt
flubendazole,-7.562,C:\Users\kunsh_ghp5duq\OneDrive\Desktop\SIH\3\docking_results\flubendazole_docked.pdbqt
aldesulfone,-7.562,C:\Users\kunsh_ghp5duq\OneDrive\Desktop\SIH\3\docking_results\aldesulfone_docked.pdbqt
sulfacytine,-7.558,C:\Users\kunsh_ghp5duq\OneDrive\Desktop\SIH\3\docking_results\sulfacytine_docked.pdbqt
cicaprost,-7.558,C:\Users\kunsh_ghp5duq\OneDrive\Desktop\SIH\3\docking_results\cicaprost_docked.pdbqt
razoxane,-7.556,C:\Users\kunsh_ghp5duq\OneDrive\Desktop\SIH\3\docking_results\razoxane_docked.pdbqt
zopiclone,-7.552,C:\Users\kunsh_ghp5duq\OneDrive\Desktop\SIH\3\docking_results\zopiclone_docked.pdbqt
gemigliptin,-7.551,C:\Users\kunsh_ghp5duq\OneDrive\Desktop\SIH\3\docking_results\gemigliptin_docked.pdbqt
moperone,-7.549,C:\Users\kunsh_ghp5duq\OneDrive\Desktop\SIH\3\docking_results\moperone_docked.pdbqt
sequifenadine,-7.546,C:\Users\kunsh_ghp5duq\OneDrive\Desktop\SIH\3\docking_results\sequifenadine_docked.pdbqt
pipamazine,-7.546,C:\Users\kunsh_ghp5duq\OneDrive\Desktop\SIH\3\docking_results\pipamazine_docked.pdbqt
mofezolac,-7.545,C:\Users\kunsh_ghp5duq\OneDrive\Desktop\SIH\3\docking_results\mofezolac_docked.pdbqt
spironolactone,-7.545,C:\Users\kunsh_ghp5duq\OneDrive\Desktop\SIH\3\docking_results\spironolactone_docked.pdbqt
thalidomide,-7.545,C:\Users\kunsh_ghp5duq\OneDrive\Desktop\SIH\3\docking_results\thalidomide_docked.pdbqt
flumedroxone_acetate,-7.544,C:\Users\kunsh_ghp5duq\OneDrive\Desktop\SIH\3\docking_results\flumedroxone_acetate_docked.pdbqt
nifurtoinol,-7.543,C:\Users\kunsh_ghp5duq\OneDrive\Desktop\SIH\3\docking_results\nifurtoinol_docked.pdbqt
nitazoxanide,-7.54,C:\Users\kunsh_ghp5duq\OneDrive\Desktop\SIH\3\docking_results\nitazoxanide_docked.pdbqt
oxacillin,-7.54,C:\Users\kunsh_ghp5duq\OneDrive\Desktop\SIH\3\docking_results\oxacillin_docked.pdbqt
ketorolac,-7.54,C:\Users\kunsh_ghp5duq\OneDrive\Desktop\SIH\3\docking_results\ketorolac_docked.pdbqt
estradiol_acetate,-7.539,C:\Users\kunsh_ghp5duq\OneDrive\Desktop\SIH\3\docking_results\estradiol_acetate_docked.pdbqt
tolciclate,-7.539,C:\Users\kunsh_ghp5duq\OneDrive\Desktop\SIH\3\docking_results\tolciclate_docked.pdbqt
ticarcillin,-7.538,C:\Users\kunsh_ghp5duq\OneDrive\Desktop\SIH\3\docking_results\ticarcillin_docked.pdbqt
mefenamic_acid,-7.537,C:\Users\kunsh_ghp5duq\OneDrive\Desktop\SIH\3\docking_results\mefenamic_acid_docked.pdbqt
prenoxdiazine,-7.536,C:\Users\kunsh_ghp5duq\OneDrive\Desktop\SIH\3\docking_results\prenoxdiazine_docked.pdbqt
bromfenac,-7.535,C:\Users\kunsh_ghp5duq\OneDrive\Desktop\SIH\3\docking_results\bromfenac_docked.pdbqt
etofylline_nicotinate,-7.532,C:\Users\kunsh_ghp5duq\OneDrive\Desktop\SIH\3\docking_results\etofylline_nicotinate_docked.pdbqt
indanazoline,-7.529,C:\Users\kunsh_ghp5duq\OneDrive\Desktop\SIH\3\docking_results\indanazoline_docked.pdbqt
trimetaphan,-7.528,C:\Users\kunsh_ghp5duq\OneDrive\Desktop\SIH\3\docking_results\trimetaphan_docked.pdbqt
cefalotin,-7.527,C:\Users\kunsh_ghp5duq\OneDrive\Desktop\SIH\3\docking_results\cefalotin_docked.pdbqt
glibornuride,-7.526,C:\Users\kunsh_ghp5duq\OneDrive\Desktop\SIH\3\docking_results\glibornuride_docked.pdbqt
polmacoxib,-7.525,C:\Users\kunsh_ghp5duq\OneDrive\Desktop\SIH\3\docking_results\polmacoxib_docked.pdbqt
clocinizine,-7.524,C:\Users\kunsh_ghp5duq\OneDrive\Desktop\SIH\3\docking_results\clocinizine_docked.pdbqt
megestrol_acetate,-7.523,C:\Users\kunsh_ghp5duq\OneDrive\Desktop\SIH\3\docking_results\megestrol_acetate_docked.pdbqt
ceritinib,-7.52,C:\Users\kunsh_ghp5duq\OneDrive\Desktop\SIH\3\docking_results\ceritinib_docked.pdbqt
diflucortolone,-7.519,C:\Users\kunsh_ghp5duq\OneDrive\Desktop\SIH\3\docking_results\diflucortolone_docked.pdbqt
halometasone,-7.519,C:\Users\kunsh_ghp5duq\OneDrive\Desktop\SIH\3\docking_results\halometasone_docked.pdbqt
maprotiline,-7.515,C:\Users\kunsh_ghp5duq\OneDrive\Desktop\SIH\3\docking_results\maprotiline_docked.pdbqt
levofloxacin,-7.515,C:\Users\kunsh_ghp5duq\OneDrive\Desktop\SIH\3\docking_results\levofloxacin_docked.pdbqt
benorilate,-7.509,C:\Users\kunsh_ghp5duq\OneDrive\Desktop\SIH\3\docking_results\benorilate_docked.pdbqt
ademetionine,-7.508,C:\Users\kunsh_ghp5duq\OneDrive\Desktop\SIH\3\docking_results\ademetionine_docked.pdbqt
indeloxazine,-7.508,C:\Users\kunsh_ghp5duq\OneDrive\Desktop\SIH\3\docking_results\indeloxazine_docked.pdbqt
azidamfenicol,-7.508,C:\Users\kunsh_ghp5duq\OneDrive\Desktop\SIH\3\docking_results\azidamfenicol_docked.pdbqt
fenamisal,-7.508,C:\Users\kunsh_ghp5duq\OneDrive\Desktop\SIH\3\docking_results\fenamisal_docked.pdbqt
treprostinil,-7.507,C:\Users\kunsh_ghp5duq\OneDrive\Desktop\SIH\3\docking_results\treprostinil_docked.pdbqt
tilisolol,-7.507,C:\Users\kunsh_ghp5duq\OneDrive\Desktop\SIH\3\docking_results\tilisolol_docked.pdbqt
alosetron,-7.505,C:\Users\kunsh_ghp5duq\OneDrive\Desktop\SIH\3\docking_results\alosetron_docked.pdbqt
cridanimod,-7.503,C:\Users\kunsh_ghp5duq\OneDrive\Desktop\SIH\3\docking_results\cridanimod_docked.pdbqt
dexketoprofen,-7.502,C:\Users\kunsh_ghp5duq\OneDrive\Desktop\SIH\3\docking_results\dexketoprofen_docked.pdbqt
chloramphenicol,-7.501,C:\Users\kunsh_ghp5duq\OneDrive\Desktop\SIH\3\docking_results\chloramphenicol_docked.pdbqt
metaxalone,-7.499,C:\Users\kunsh_ghp5duq\OneDrive\Desktop\SIH\3\docking_results\metaxalone_docked.pdbqt
flurbiprofen,-7.498,C:\Users\kunsh_ghp5duq\OneDrive\Desktop\SIH\3\docking_results\flurbiprofen_docked.pdbqt
acedapsone,-7.497,C:\Users\kunsh_ghp5duq\OneDrive\Desktop\SIH\3\docking_results\acedapsone_docked.pdbqt
anagestone_acetate,-7.497,C:\Users\kunsh_ghp5duq\OneDrive\Desktop\SIH\3\docking_results\anagestone_acetate_docked.pdbqt
isoxicam,-7.496,C:\Users\kunsh_ghp5duq\OneDrive\Desktop\SIH\3\docking_results\isoxicam_docked.pdbqt
fipexide,-7.495,C:\Users\kunsh_ghp5duq\OneDrive\Desktop\SIH\3\docking_results\fipexide_docked.pdbqt
miloxacin,-7.495,C:\Users\kunsh_ghp5duq\OneDrive\Desktop\SIH\3\docking_results\miloxacin_docked.pdbqt
loxoprofen,-7.492,C:\Users\kunsh_ghp5duq\OneDrive\Desktop\SIH\3\docking_results\loxoprofen_docked.pdbqt
estradiol_cypionate,-7.492,C:\Users\kunsh_ghp5duq\OneDrive\Desktop\SIH\3\docking_results\estradiol_cypionate_docked.pdbqt
upadacitinib,-7.489,C:\Users\kunsh_ghp5duq\OneDrive\Desktop\SIH\3\docking_results\upadacitinib_docked.pdbqt
adrafinil,-7.488,C:\Users\kunsh_ghp5duq\OneDrive\Desktop\SIH\3\docking_results\adrafinil_docked.pdbqt
oxamniquine,-7.487,C:\Users\kunsh_ghp5duq\OneDrive\Desktop\SIH\3\docking_results\oxamniquine_docked.pdbqt
olodaterol,-7.486,C:\Users\kunsh_ghp5duq\OneDrive\Desktop\SIH\3\docking_results\olodaterol_docked.pdbqt
sofosbuvir,-7.486,C:\Users\kunsh_ghp5duq\OneDrive\Desktop\SIH\3\docking_results\sofosbuvir_docked.pdbqt
talastine,-7.485,C:\Users\kunsh_ghp5duq\OneDrive\Desktop\SIH\3\docking_results\talastine_docked.pdbqt
ciclosidomine,-7.484,C:\Users\kunsh_ghp5duq\OneDrive\Desktop\SIH\3\docking_results\ciclosidomine_docked.pdbqt
acetohexamide,-7.483,C:\Users\kunsh_ghp5duq\OneDrive\Desktop\SIH\3\docking_results\acetohexamide_docked.pdbqt
bisoxatin,-7.483,C:\Users\kunsh_ghp5duq\OneDrive\Desktop\SIH\3\docking_results\bisoxatin_docked.pdbqt
phenyl_salicylate,-7.481,C:\Users\kunsh_ghp5duq\OneDrive\Desktop\SIH\3\docking_results\phenyl_salicylate_docked.pdbqt
tolfenamic_acid,-7.481,C:\Users\kunsh_ghp5duq\OneDrive\Desktop\SIH\3\docking_results\tolfenamic_acid_docked.pdbqt
efloxate,-7.48,C:\Users\kunsh_ghp5duq\OneDrive\Desktop\SIH\3\docking_results\efloxate_docked.pdbqt
relebactam,-7.48,C:\Users\kunsh_ghp5duq\OneDrive\Desktop\SIH\3\docking_results\relebactam_docked.pdbqt
obeticholic_acid,-7.48,C:\Users\kunsh_ghp5duq\OneDrive\Desktop\SIH\3\docking_results\obeticholic_acid_docked.pdbqt
luseogliflozin,-7.479,C:\Users\kunsh_ghp5duq\OneDrive\Desktop\SIH\3\docking_results\luseogliflozin_docked.pdbqt
ursodiol,-7.479,C:\Users\kunsh_ghp5duq\OneDrive\Desktop\SIH\3\docking_results\ursodiol_docked.pdbqt
alpelisib,-7.477,C:\Users\kunsh_ghp5duq\OneDrive\Desktop\SIH\3\docking_results\alpelisib_docked.pdbqt
micinicate,-7.475,C:\Users\kunsh_ghp5duq\OneDrive\Desktop\SIH\3\docking_results\micinicate_docked.pdbqt
sulfasalazine,-7.471,C:\Users\kunsh_ghp5duq\OneDrive\Desktop\SIH\3\docking_results\sulfasalazine_docked.pdbqt
copanlisib,-7.47,C:\Users\kunsh_ghp5duq\OneDrive\Desktop\SIH\3\docking_results\copanlisib_docked.pdbqt
methylestrenolone,-7.47,C:\Users\kunsh_ghp5duq\OneDrive\Desktop\SIH\3\docking_results\methylestrenolone_docked.pdbqt
bergapten,-7.469,C:\Users\kunsh_ghp5duq\OneDrive\Desktop\SIH\3\docking_results\bergapten_docked.pdbqt
mebhydrolin,-7.468,C:\Users\kunsh_ghp5duq\OneDrive\Desktop\SIH\3\docking_results\mebhydrolin_docked.pdbqt
opicapone,-7.468,C:\Users\kunsh_ghp5duq\OneDrive\Desktop\SIH\3\docking_results\opicapone_docked.pdbqt
drospirenone,-7.464,C:\Users\kunsh_ghp5duq\OneDrive\Desktop\SIH\3\docking_results\drospirenone_docked.pdbqt
prednisolone,-7.461,C:\Users\kunsh_ghp5duq\OneDrive\Desktop\SIH\3\docking_results\prednisolone_docked.pdbqt
esflurbiprofen,-7.461,C:\Users\kunsh_ghp5duq\OneDrive\Desktop\SIH\3\docking_results\esflurbiprofen_docked.pdbqt
dioxyline,-7.459,C:\Users\kunsh_ghp5duq\OneDrive\Desktop\SIH\3\docking_results\dioxyline_docked.pdbqt
deferasirox,-7.459,C:\Users\kunsh_ghp5duq\OneDrive\Desktop\SIH\3\docking_results\deferasirox_docked.pdbqt
medrogestone,-7.459,C:\Users\kunsh_ghp5duq\OneDrive\Desktop\SIH\3\docking_results\medrogestone_docked.pdbqt
nifurtimox,-7.458,C:\Users\kunsh_ghp5duq\OneDrive\Desktop\SIH\3\docking_results\nifurtimox_docked.pdbqt
phenindamine,-7.458,C:\Users\kunsh_ghp5duq\OneDrive\Desktop\SIH\3\docking_results\phenindamine_docked.pdbqt
floxuridine,-7.454,C:\Users\kunsh_ghp5duq\OneDrive\Desktop\SIH\3\docking_results\floxuridine_docked.pdbqt
exemestane,-7.453,C:\Users\kunsh_ghp5duq\OneDrive\Desktop\SIH\3\docking_results\exemestane_docked.pdbqt
aminaphthone,-7.453,C:\Users\kunsh_ghp5duq\OneDrive\Desktop\SIH\3\docking_results\aminaphthone_docked.pdbqt
mizoribine,-7.453,C:\Users\kunsh_ghp5duq\OneDrive\Desktop\SIH\3\docking_results\mizoribine_docked.pdbqt
parecoxib,-7.451,C:\Users\kunsh_ghp5duq\OneDrive\Desktop\SIH\3\docking_results\parecoxib_docked.pdbqt
sulindac,-7.449,C:\Users\kunsh_ghp5duq\OneDrive\Desktop\SIH\3\docking_results\sulindac_docked.pdbqt
apalutamide,-7.449,C:\Users\kunsh_ghp5duq\OneDrive\Desktop\SIH\3\docking_results\apalutamide_docked.pdbqt
pentagestrone,-7.448,C:\Users\kunsh_ghp5duq\OneDrive\Desktop\SIH\3\docking_results\pentagestrone_docked.pdbqt
phenytoin,-7.447,C:\Users\kunsh_ghp5duq\OneDrive\Desktop\SIH\3\docking_results\phenytoin_docked.pdbqt
clonixin,-7.444,C:\Users\kunsh_ghp5duq\OneDrive\Desktop\SIH\3\docking_results\clonixin_docked.pdbqt
fluacizine,-7.441,C:\Users\kunsh_ghp5duq\OneDrive\Desktop\SIH\3\docking_results\fluacizine_docked.pdbqt
velnacrine,-7.441,C:\Users\kunsh_ghp5duq\OneDrive\Desktop\SIH\3\docking_results\velnacrine_docked.pdbqt
indalpine,-7.438,C:\Users\kunsh_ghp5duq\OneDrive\Desktop\SIH\3\docking_results\indalpine_docked.pdbqt
phenoxymethylpenicillin,-7.438,C:\Users\kunsh_ghp5duq\OneDrive\Desktop\SIH\3\docking_results\phenoxymethylpenicillin_docked.pdbqt
kebuzone,-7.438,C:\Users\kunsh_ghp5duq\OneDrive\Desktop\SIH\3\docking_results\kebuzone_docked.pdbqt
fluprednisolone,-7.434,C:\Users\kunsh_ghp5duq\OneDrive\Desktop\SIH\3\docking_results\fluprednisolone_docked.pdbqt
proflavine,-7.433,C:\Users\kunsh_ghp5duq\OneDrive\Desktop\SIH\3\docking_results\proflavine_docked.pdbqt
prednisone,-7.432,C:\Users\kunsh_ghp5duq\OneDrive\Desktop\SIH\3\docking_results\prednisone_docked.pdbqt
fenoprofen,-7.431,C:\Users\kunsh_ghp5duq\OneDrive\Desktop\SIH\3\docking_results\fenoprofen_docked.pdbqt
phetharbital,-7.429,C:\Users\kunsh_ghp5duq\OneDrive\Desktop\SIH\3\docking_results\phetharbital_docked.pdbqt
butenafine,-7.428,C:\Users\kunsh_ghp5duq\OneDrive\Desktop\SIH\3\docking_results\butenafine_docked.pdbqt
azosemide,-7.427,C:\Users\kunsh_ghp5duq\OneDrive\Desktop\SIH\3\docking_results\azosemide_docked.pdbqt
efavirenz,-7.426,C:\Users\kunsh_ghp5duq\OneDrive\Desktop\SIH\3\docking_results\efavirenz_docked.pdbqt
methaqualone,-7.424,C:\Users\kunsh_ghp5duq\OneDrive\Desktop\SIH\3\docking_results\methaqualone_docked.pdbqt
phenformin,-7.423,C:\Users\kunsh_ghp5duq\OneDrive\Desktop\SIH\3\docking_results\phenformin_docked.pdbqt
terizidone,-7.422,C:\Users\kunsh_ghp5duq\OneDrive\Desktop\SIH\3\docking_results\terizidone_docked.pdbqt
dolutegravir,-7.421,C:\Users\kunsh_ghp5duq\OneDrive\Desktop\SIH\3\docking_results\dolutegravir_docked.pdbqt
stiripentol,-7.421,C:\Users\kunsh_ghp5duq\OneDrive\Desktop\SIH\3\docking_results\stiripentol_docked.pdbqt
tretoquinol,-7.419,C:\Users\kunsh_ghp5duq\OneDrive\Desktop\SIH\3\docking_results\tretoquinol_docked.pdbqt
scopolamine,-7.419,C:\Users\kunsh_ghp5duq\OneDrive\Desktop\SIH\3\docking_results\scopolamine_docked.pdbqt
papaverine,-7.418,C:\Users\kunsh_ghp5duq\OneDrive\Desktop\SIH\3\docking_results\papaverine_docked.pdbqt
diprafenone,-7.418,C:\Users\kunsh_ghp5duq\OneDrive\Desktop\SIH\3\docking_results\diprafenone_docked.pdbqt
triamterene,-7.417,C:\Users\kunsh_ghp5duq\OneDrive\Desktop\SIH\3\docking_results\triamterene_docked.pdbqt
metralindole,-7.416,C:\Users\kunsh_ghp5duq\OneDrive\Desktop\SIH\3\docking_results\metralindole_docked.pdbqt
entecavir,-7.416,C:\Users\kunsh_ghp5duq\OneDrive\Desktop\SIH\3\docking_results\entecavir_docked.pdbqt
nepafenac,-7.416,C:\Users\kunsh_ghp5duq\OneDrive\Desktop\SIH\3\docking_results\nepafenac_docked.pdbqt
cyclothiazide,-7.414,C:\Users\kunsh_ghp5duq\OneDrive\Desktop\SIH\3\docking_results\cyclothiazide_docked.pdbqt
tolcapone,-7.414,C:\Users\kunsh_ghp5duq\OneDrive\Desktop\SIH\3\docking_results\tolcapone_docked.pdbqt
androstenedione,-7.413,C:\Users\kunsh_ghp5duq\OneDrive\Desktop\SIH\3\docking_results\androstenedione_docked.pdbqt
protirelin,-7.412,C:\Users\kunsh_ghp5duq\OneDrive\Desktop\SIH\3\docking_results\protirelin_docked.pdbqt
formylsulfamethin,-7.411,C:\Users\kunsh_ghp5duq\OneDrive\Desktop\SIH\3\docking_results\formylsulfamethin_docked.pdbqt
dexetimide,-7.41,C:\Users\kunsh_ghp5duq\OneDrive\Desktop\SIH\3\docking_results\dexetimide_docked.pdbqt
lovastatin,-7.409,C:\Users\kunsh_ghp5duq\OneDrive\Desktop\SIH\3\docking_results\lovastatin_docked.pdbqt
epimestrol,-7.408,C:\Users\kunsh_ghp5duq\OneDrive\Desktop\SIH\3\docking_results\epimestrol_docked.pdbqt
lenvatinib,-7.406,C:\Users\kunsh_ghp5duq\OneDrive\Desktop\SIH\3\docking_results\lenvatinib_docked.pdbqt
calusterone,-7.406,C:\Users\kunsh_ghp5duq\OneDrive\Desktop\SIH\3\docking_results\calusterone_docked.pdbqt
dextromoramide,-7.405,C:\Users\kunsh_ghp5duq\OneDrive\Desktop\SIH\3\docking_results\dextromoramide_docked.pdbqt
promegestone,-7.403,C:\Users\kunsh_ghp5duq\OneDrive\Desktop\SIH\3\docking_results\promegestone_docked.pdbqt
danazol,-7.402,C:\Users\kunsh_ghp5duq\OneDrive\Desktop\SIH\3\docking_results\danazol_docked.pdbqt
niraparib,-7.4,C:\Users\kunsh_ghp5duq\OneDrive\Desktop\SIH\3\docking_results\niraparib_docked.pdbqt
regadenoson,-7.4,C:\Users\kunsh_ghp5duq\OneDrive\Desktop\SIH\3\docking_results\regadenoson_docked.pdbqt
ecabet,-7.398,C:\Users\kunsh_ghp5duq\OneDrive\Desktop\SIH\3\docking_results\ecabet_docked.pdbqt
flumazenil,-7.398,C:\Users\kunsh_ghp5duq\OneDrive\Desktop\SIH\3\docking_results\flumazenil_docked.pdbqt
benzylhydrochlorothiazide,-7.398,C:\Users\kunsh_ghp5duq\OneDrive\Desktop\SIH\3\docking_results\benzylhydrochlorothiazide_docked.pdbqt
tivozanib,-7.396,C:\Users\kunsh_ghp5duq\OneDrive\Desktop\SIH\3\docking_results\tivozanib_docked.pdbqt
clostebol,-7.393,C:\Users\kunsh_ghp5duq\OneDrive\Desktop\SIH\3\docking_results\clostebol_docked.pdbqt
testosterone_propionate,-7.391,C:\Users\kunsh_ghp5duq\OneDrive\Desktop\SIH\3\docking_results\testosterone_propionate_docked.pdbqt
lonidamine,-7.391,C:\Users\kunsh_ghp5duq\OneDrive\Desktop\SIH\3\docking_results\lonidamine_docked.pdbqt
enalapril,-7.391,C:\Users\kunsh_ghp5duq\OneDrive\Desktop\SIH\3\docking_results\enalapril_docked.pdbqt
metofoline,-7.39,C:\Users\kunsh_ghp5duq\OneDrive\Desktop\SIH\3\docking_results\metofoline_docked.pdbqt
grepafloxacin,-7.39,C:\Users\kunsh_ghp5duq\OneDrive\Desktop\SIH\3\docking_results\grepafloxacin_docked.pdbqt
medroxyprogesterone,-7.389,C:\Users\kunsh_ghp5duq\OneDrive\Desktop\SIH\3\docking_results\medroxyprogesterone_docked.pdbqt
pioglitazone,-7.388,C:\Users\kunsh_ghp5duq\OneDrive\Desktop\SIH\3\docking_results\pioglitazone_docked.pdbqt
iprazochrome,-7.387,C:\Users\kunsh_ghp5duq\OneDrive\Desktop\SIH\3\docking_results\iprazochrome_docked.pdbqt
azanidazole,-7.387,C:\Users\kunsh_ghp5duq\OneDrive\Desktop\SIH\3\docking_results\azanidazole_docked.pdbqt
tropatepine,-7.385,C:\Users\kunsh_ghp5duq\OneDrive\Desktop\SIH\3\docking_results\tropatepine_docked.pdbqt
moxestrol,-7.384,C:\Users\kunsh_ghp5duq\OneDrive\Desktop\SIH\3\docking_results\moxestrol_docked.pdbqt
nabumetone,-7.382,C:\Users\kunsh_ghp5duq\OneDrive\Desktop\SIH\3\docking_results\nabumetone_docked.pdbqt
cladribine,-7.38,C:\Users\kunsh_ghp5duq\OneDrive\Desktop\SIH\3\docking_results\cladribine_docked.pdbqt
vinburnine,-7.377,C:\Users\kunsh_ghp5duq\OneDrive\Desktop\SIH\3\docking_results\vinburnine_docked.pdbqt
tamibarotene,-7.377,C:\Users\kunsh_ghp5duq\OneDrive\Desktop\SIH\3\docking_results\tamibarotene_docked.pdbqt
vorozole,-7.376,C:\Users\kunsh_ghp5duq\OneDrive\Desktop\SIH\3\docking_results\vorozole_docked.pdbqt
pimavanserin,-7.375,C:\Users\kunsh_ghp5duq\OneDrive\Desktop\SIH\3\docking_results\pimavanserin_docked.pdbqt
belinostat,-7.373,C:\Users\kunsh_ghp5duq\OneDrive\Desktop\SIH\3\docking_results\belinostat_docked.pdbqt
triclocarban,-7.372,C:\Users\kunsh_ghp5duq\OneDrive\Desktop\SIH\3\docking_results\triclocarban_docked.pdbqt
dilevalol,-7.372,C:\Users\kunsh_ghp5duq\OneDrive\Desktop\SIH\3\docking_results\dilevalol_docked.pdbqt
fomocaine,-7.37,C:\Users\kunsh_ghp5duq\OneDrive\Desktop\SIH\3\docking_results\fomocaine_docked.pdbqt
nalidixic_acid,-7.369,C:\Users\kunsh_ghp5duq\OneDrive\Desktop\SIH\3\docking_results\nalidixic_acid_docked.pdbqt
dexrazoxane,-7.367,C:\Users\kunsh_ghp5duq\OneDrive\Desktop\SIH\3\docking_results\dexrazoxane_docked.pdbqt
mefloquine,-7.367,C:\Users\kunsh_ghp5duq\OneDrive\Desktop\SIH\3\docking_results\mefloquine_docked.pdbqt
ifenprodil,-7.366,C:\Users\kunsh_ghp5duq\OneDrive\Desktop\SIH\3\docking_results\ifenprodil_docked.pdbqt
sulfamethoxypyridazine,-7.364,C:\Users\kunsh_ghp5duq\OneDrive\Desktop\SIH\3\docking_results\sulfamethoxypyridazine_docked.pdbqt
niclofolan,-7.363,C:\Users\kunsh_ghp5duq\OneDrive\Desktop\SIH\3\docking_results\niclofolan_docked.pdbqt
folescutol,-7.362,C:\Users\kunsh_ghp5duq\OneDrive\Desktop\SIH\3\docking_results\folescutol_docked.pdbqt
glutethimide,-7.361,C:\Users\kunsh_ghp5duq\OneDrive\Desktop\SIH\3\docking_results\glutethimide_docked.pdbqt
glasdegib,-7.361,C:\Users\kunsh_ghp5duq\OneDrive\Desktop\SIH\3\docking_results\glasdegib_docked.pdbqt
furalazine,-7.36,C:\Users\kunsh_ghp5duq\OneDrive\Desktop\SIH\3\docking_results\furalazine_docked.pdbqt
etoxadrol,-7.358,C:\Users\kunsh_ghp5duq\OneDrive\Desktop\SIH\3\docking_results\etoxadrol_docked.pdbqt
prasterone_acetate,-7.358,C:\Users\kunsh_ghp5duq\OneDrive\Desktop\SIH\3\docking_results\prasterone_acetate_docked.pdbqt
posatirelin,-7.357,C:\Users\kunsh_ghp5duq\OneDrive\Desktop\SIH\3\docking_results\posatirelin_docked.pdbqt
encorafenib,-7.357,C:\Users\kunsh_ghp5duq\OneDrive\Desktop\SIH\3\docking_results\encorafenib_docked.pdbqt
metixene,-7.357,C:\Users\kunsh_ghp5duq\OneDrive\Desktop\SIH\3\docking_results\metixene_docked.pdbqt
demexiptiline,-7.354,C:\Users\kunsh_ghp5duq\OneDrive\Desktop\SIH\3\docking_results\demexiptiline_docked.pdbqt
cinchophen,-7.353,C:\Users\kunsh_ghp5duq\OneDrive\Desktop\SIH\3\docking_results\cinchophen_docked.pdbqt
palbociclib,-7.351,C:\Users\kunsh_ghp5duq\OneDrive\Desktop\SIH\3\docking_results\palbociclib_docked.pdbqt
salsalate,-7.351,C:\Users\kunsh_ghp5duq\OneDrive\Desktop\SIH\3\docking_results\salsalate_docked.pdbqt
nifurprazine,-7.35,C:\Users\kunsh_ghp5duq\OneDrive\Desktop\SIH\3\docking_results\nifurprazine_docked.pdbqt
bemetizide,-7.35,C:\Users\kunsh_ghp5duq\OneDrive\Desktop\SIH\3\docking_results\bemetizide_docked.pdbqt
estradiol_valerate,-7.349,C:\Users\kunsh_ghp5duq\OneDrive\Desktop\SIH\3\docking_results\estradiol_valerate_docked.pdbqt
oxypertine,-7.348,C:\Users\kunsh_ghp5duq\OneDrive\Desktop\SIH\3\docking_results\oxypertine_docked.pdbqt
carbazochrome,-7.347,C:\Users\kunsh_ghp5duq\OneDrive\Desktop\SIH\3\docking_results\carbazochrome_docked.pdbqt
isoxsuprine,-7.345,C:\Users\kunsh_ghp5duq\OneDrive\Desktop\SIH\3\docking_results\isoxsuprine_docked.pdbqt
clemizole,-7.345,C:\Users\kunsh_ghp5duq\OneDrive\Desktop\SIH\3\docking_results\clemizole_docked.pdbqt
nimustine,-7.343,C:\Users\kunsh_ghp5duq\OneDrive\Desktop\SIH\3\docking_results\nimustine_docked.pdbqt
trimegestone,-7.342,C:\Users\kunsh_ghp5duq\OneDrive\Desktop\SIH\3\docking_results\trimegestone_docked.pdbqt
benzarone,-7.34,C:\Users\kunsh_ghp5duq\OneDrive\Desktop\SIH\3\docking_results\benzarone_docked.pdbqt
oxyphencyclimine,-7.338,C:\Users\kunsh_ghp5duq\OneDrive\Desktop\SIH\3\docking_results\oxyphencyclimine_docked.pdbqt
fluindione,-7.337,C:\Users\kunsh_ghp5duq\OneDrive\Desktop\SIH\3\docking_results\fluindione_docked.pdbqt
diamorphine,-7.337,C:\Users\kunsh_ghp5duq\OneDrive\Desktop\SIH\3\docking_results\diamorphine_docked.pdbqt
valdecoxib,-7.335,C:\Users\kunsh_ghp5duq\OneDrive\Desktop\SIH\3\docking_results\valdecoxib_docked.pdbqt
oxyphenisatine,-7.335,C:\Users\kunsh_ghp5duq\OneDrive\Desktop\SIH\3\docking_results\oxyphenisatine_docked.pdbqt
gestrinone,-7.334,C:\Users\kunsh_ghp5duq\OneDrive\Desktop\SIH\3\docking_results\gestrinone_docked.pdbqt
lifitegrast,-7.333,C:\Users\kunsh_ghp5duq\OneDrive\Desktop\SIH\3\docking_results\lifitegrast_docked.pdbqt
tipiracil,-7.333,C:\Users\kunsh_ghp5duq\OneDrive\Desktop\SIH\3\docking_results\tipiracil_docked.pdbqt
sulfaguanole,-7.329,C:\Users\kunsh_ghp5duq\OneDrive\Desktop\SIH\3\docking_results\sulfaguanole_docked.pdbqt
finasteride,-7.328,C:\Users\kunsh_ghp5duq\OneDrive\Desktop\SIH\3\docking_results\finasteride_docked.pdbqt
trelagliptin,-7.328,C:\Users\kunsh_ghp5duq\OneDrive\Desktop\SIH\3\docking_results\trelagliptin_docked.pdbqt
eplerenone,-7.325,C:\Users\kunsh_ghp5duq\OneDrive\Desktop\SIH\3\docking_results\eplerenone_docked.pdbqt
pemigatinib,-7.324,C:\Users\kunsh_ghp5duq\OneDrive\Desktop\SIH\3\docking_results\pemigatinib_docked.pdbqt
famotidine,-7.323,C:\Users\kunsh_ghp5duq\OneDrive\Desktop\SIH\3\docking_results\famotidine_docked.pdbqt
chlorothiazide,-7.322,C:\Users\kunsh_ghp5duq\OneDrive\Desktop\SIH\3\docking_results\chlorothiazide_docked.pdbqt
oxaflozane,-7.322,C:\Users\kunsh_ghp5duq\OneDrive\Desktop\SIH\3\docking_results\oxaflozane_docked.pdbqt
clanobutin,-7.321,C:\Users\kunsh_ghp5duq\OneDrive\Desktop\SIH\3\docking_results\clanobutin_docked.pdbqt
ditazole,-7.32,C:\Users\kunsh_ghp5duq\OneDrive\Desktop\SIH\3\docking_results\ditazole_docked.pdbqt
dihydralazine,-7.32,C:\Users\kunsh_ghp5duq\OneDrive\Desktop\SIH\3\docking_results\dihydralazine_docked.pdbqt
pilsicainide,-7.32,C:\Users\kunsh_ghp5duq\OneDrive\Desktop\SIH\3\docking_results\pilsicainide_docked.pdbqt
diphenan,-7.319,C:\Users\kunsh_ghp5duq\OneDrive\Desktop\SIH\3\docking_results\diphenan_docked.pdbqt
cinnarizine,-7.319,C:\Users\kunsh_ghp5duq\OneDrive\Desktop\SIH\3\docking_results\cinnarizine_docked.pdbqt
mazindol,-7.318,C:\Users\kunsh_ghp5duq\OneDrive\Desktop\SIH\3\docking_results\mazindol_docked.pdbqt
piberaline,-7.315,C:\Users\kunsh_ghp5duq\OneDrive\Desktop\SIH\3\docking_results\piberaline_docked.pdbqt
chlormadinone,-7.313,C:\Users\kunsh_ghp5duq\OneDrive\Desktop\SIH\3\docking_results\chlormadinone_docked.pdbqt
dantrolene,-7.313,C:\Users\kunsh_ghp5duq\OneDrive\Desktop\SIH\3\docking_results\dantrolene_docked.pdbqt
erlotinib,-7.312,C:\Users\kunsh_ghp5duq\OneDrive\Desktop\SIH\3\docking_results\erlotinib_docked.pdbqt
didanosine,-7.312,C:\Users\kunsh_ghp5duq\OneDrive\Desktop\SIH\3\docking_results\didanosine_docked.pdbqt
etaqualone,-7.31,C:\Users\kunsh_ghp5duq\OneDrive\Desktop\SIH\3\docking_results\etaqualone_docked.pdbqt
propizepine,-7.31,C:\Users\kunsh_ghp5duq\OneDrive\Desktop\SIH\3\docking_results\propizepine_docked.pdbqt
cocaine,-7.31,C:\Users\kunsh_ghp5duq\OneDrive\Desktop\SIH\3\docking_results\cocaine_docked.pdbqt
imidafenacin,-7.309,C:\Users\kunsh_ghp5duq\OneDrive\Desktop\SIH\3\docking_results\imidafenacin_docked.pdbqt
felbinac,-7.309,C:\Users\kunsh_ghp5duq\OneDrive\Desktop\SIH\3\docking_results\felbinac_docked.pdbqt
alfadolone_acetate,-7.309,C:\Users\kunsh_ghp5duq\OneDrive\Desktop\SIH\3\docking_results\alfadolone_acetate_docked.pdbqt
mycophenolic_acid,-7.308,C:\Users\kunsh_ghp5duq\OneDrive\Desktop\SIH\3\docking_results\mycophenolic_acid_docked.pdbqt
pimethixene,-7.308,C:\Users\kunsh_ghp5duq\OneDrive\Desktop\SIH\3\docking_results\pimethixene_docked.pdbqt
todralazine,-7.308,C:\Users\kunsh_ghp5duq\OneDrive\Desktop\SIH\3\docking_results\todralazine_docked.pdbqt
butinoline,-7.307,C:\Users\kunsh_ghp5duq\OneDrive\Desktop\SIH\3\docking_results\butinoline_docked.pdbqt
norgestrienone,-7.306,C:\Users\kunsh_ghp5duq\OneDrive\Desktop\SIH\3\docking_results\norgestrienone_docked.pdbqt
sulfamonomethoxine,-7.306,C:\Users\kunsh_ghp5duq\OneDrive\Desktop\SIH\3\docking_results\sulfamonomethoxine_docked.pdbqt
aceclofenac,-7.305,C:\Users\kunsh_ghp5duq\OneDrive\Desktop\SIH\3\docking_results\aceclofenac_docked.pdbqt
quinestrol,-7.305,C:\Users\kunsh_ghp5duq\OneDrive\Desktop\SIH\3\docking_results\quinestrol_docked.pdbqt
mitomycin,-7.305,C:\Users\kunsh_ghp5duq\OneDrive\Desktop\SIH\3\docking_results\mitomycin_docked.pdbqt
artisone_acetate,-7.3,C:\Users\kunsh_ghp5duq\OneDrive\Desktop\SIH\3\docking_results\artisone_acetate_docked.pdbqt
azathioprine,-7.299,C:\Users\kunsh_ghp5duq\OneDrive\Desktop\SIH\3\docking_results\azathioprine_docked.pdbqt
brimonidine,-7.298,C:\Users\kunsh_ghp5duq\OneDrive\Desktop\SIH\3\docking_results\brimonidine_docked.pdbqt
cloridarol,-7.296,C:\Users\kunsh_ghp5duq\OneDrive\Desktop\SIH\3\docking_results\cloridarol_docked.pdbqt
flunoxaprofen,-7.295,C:\Users\kunsh_ghp5duq\OneDrive\Desktop\SIH\3\docking_results\flunoxaprofen_docked.pdbqt
sarecycline,-7.293,C:\Users\kunsh_ghp5duq\OneDrive\Desktop\SIH\3\docking_results\sarecycline_docked.pdbqt
melitracen,-7.293,C:\Users\kunsh_ghp5duq\OneDrive\Desktop\SIH\3\docking_results\melitracen_docked.pdbqt
desoximetasone,-7.293,C:\Users\kunsh_ghp5duq\OneDrive\Desktop\SIH\3\docking_results\desoximetasone_docked.pdbqt
plafibride,-7.291,C:\Users\kunsh_ghp5duq\OneDrive\Desktop\SIH\3\docking_results\plafibride_docked.pdbqt
ilaprazole,-7.291,C:\Users\kunsh_ghp5duq\OneDrive\Desktop\SIH\3\docking_results\ilaprazole_docked.pdbqt
pergolide,-7.291,C:\Users\kunsh_ghp5duq\OneDrive\Desktop\SIH\3\docking_results\pergolide_docked.pdbqt
sulfinalol,-7.29,C:\Users\kunsh_ghp5duq\OneDrive\Desktop\SIH\3\docking_results\sulfinalol_docked.pdbqt
zomepirac,-7.289,C:\Users\kunsh_ghp5duq\OneDrive\Desktop\SIH\3\docking_results\zomepirac_docked.pdbqt
flurbiprofen_axetil,-7.289,C:\Users\kunsh_ghp5duq\OneDrive\Desktop\SIH\3\docking_results\flurbiprofen_axetil_docked.pdbqt
sulfafurazole,-7.288,C:\Users\kunsh_ghp5duq\OneDrive\Desktop\SIH\3\docking_results\sulfafurazole_docked.pdbqt
stavudine,-7.287,C:\Users\kunsh_ghp5duq\OneDrive\Desktop\SIH\3\docking_results\stavudine_docked.pdbqt
formoterol,-7.287,C:\Users\kunsh_ghp5duq\OneDrive\Desktop\SIH\3\docking_results\formoterol_docked.pdbqt
donepezil,-7.287,C:\Users\kunsh_ghp5duq\OneDrive\Desktop\SIH\3\docking_results\donepezil_docked.pdbqt
alkofanone,-7.285,C:\Users\kunsh_ghp5duq\OneDrive\Desktop\SIH\3\docking_results\alkofanone_docked.pdbqt
clozapine,-7.285,C:\Users\kunsh_ghp5duq\OneDrive\Desktop\SIH\3\docking_results\clozapine_docked.pdbqt
sertraline,-7.284,C:\Users\kunsh_ghp5duq\OneDrive\Desktop\SIH\3\docking_results\sertraline_docked.pdbqt
cinacalcet,-7.281,C:\Users\kunsh_ghp5duq\OneDrive\Desktop\SIH\3\docking_results\cinacalcet_docked.pdbqt
mepenzolate,-7.28,C:\Users\kunsh_ghp5duq\OneDrive\Desktop\SIH\3\docking_results\mepenzolate_docked.pdbqt
nifuradene,-7.279,C:\Users\kunsh_ghp5duq\OneDrive\Desktop\SIH\3\docking_results\nifuradene_docked.pdbqt
hycanthone,-7.279,C:\Users\kunsh_ghp5duq\OneDrive\Desktop\SIH\3\docking_results\hycanthone_docked.pdbqt
propafenone,-7.279,C:\Users\kunsh_ghp5duq\OneDrive\Desktop\SIH\3\docking_results\propafenone_docked.pdbqt
budipine,-7.278,C:\Users\kunsh_ghp5duq\OneDrive\Desktop\SIH\3\docking_results\budipine_docked.pdbqt
aniracetam,-7.277,C:\Users\kunsh_ghp5duq\OneDrive\Desktop\SIH\3\docking_results\aniracetam_docked.pdbqt
pantoprazole,-7.276,C:\Users\kunsh_ghp5duq\OneDrive\Desktop\SIH\3\docking_results\pantoprazole_docked.pdbqt
yohimbine,-7.274,C:\Users\kunsh_ghp5duq\OneDrive\Desktop\SIH\3\docking_results\yohimbine_docked.pdbqt
hydrocortisone,-7.273,C:\Users\kunsh_ghp5duq\OneDrive\Desktop\SIH\3\docking_results\hydrocortisone_docked.pdbqt
elcometrine,-7.272,C:\Users\kunsh_ghp5duq\OneDrive\Desktop\SIH\3\docking_results\elcometrine_docked.pdbqt
protizinic_acid,-7.27,C:\Users\kunsh_ghp5duq\OneDrive\Desktop\SIH\3\docking_results\protizinic_acid_docked.pdbqt
suprofen,-7.269,C:\Users\kunsh_ghp5duq\OneDrive\Desktop\SIH\3\docking_results\suprofen_docked.pdbqt
sulfinpyrazone,-7.269,C:\Users\kunsh_ghp5duq\OneDrive\Desktop\SIH\3\docking_results\sulfinpyrazone_docked.pdbqt
amsacrine,-7.268,C:\Users\kunsh_ghp5duq\OneDrive\Desktop\SIH\3\docking_results\amsacrine_docked.pdbqt
nimesulide,-7.268,C:\Users\kunsh_ghp5duq\OneDrive\Desktop\SIH\3\docking_results\nimesulide_docked.pdbqt
asenapine,-7.267,C:\Users\kunsh_ghp5duq\OneDrive\Desktop\SIH\3\docking_results\asenapine_docked.pdbqt
etodolac,-7.266,C:\Users\kunsh_ghp5duq\OneDrive\Desktop\SIH\3\docking_results\etodolac_docked.pdbqt
cicletanine,-7.265,C:\Users\kunsh_ghp5duq\OneDrive\Desktop\SIH\3\docking_results\cicletanine_docked.pdbqt
clotiapine,-7.265,C:\Users\kunsh_ghp5duq\OneDrive\Desktop\SIH\3\docking_results\clotiapine_docked.pdbqt
iomazenil__123I_,-7.264,C:\Users\kunsh_ghp5duq\OneDrive\Desktop\SIH\3\docking_results\iomazenil__123I__docked.pdbqt
menadiol_sulfate,-7.263,C:\Users\kunsh_ghp5duq\OneDrive\Desktop\SIH\3\docking_results\menadiol_sulfate_docked.pdbqt
artesunate,-7.263,C:\Users\kunsh_ghp5duq\OneDrive\Desktop\SIH\3\docking_results\artesunate_docked.pdbqt
nifuroxazide,-7.262,C:\Users\kunsh_ghp5duq\OneDrive\Desktop\SIH\3\docking_results\nifuroxazide_docked.pdbqt
pirenzepine,-7.26,C:\Users\kunsh_ghp5duq\OneDrive\Desktop\SIH\3\docking_results\pirenzepine_docked.pdbqt
nialamide,-7.259,C:\Users\kunsh_ghp5duq\OneDrive\Desktop\SIH\3\docking_results\nialamide_docked.pdbqt
phenobarbital,-7.259,C:\Users\kunsh_ghp5duq\OneDrive\Desktop\SIH\3\docking_results\phenobarbital_docked.pdbqt
selumetinib,-7.259,C:\Users\kunsh_ghp5duq\OneDrive\Desktop\SIH\3\docking_results\selumetinib_docked.pdbqt
gliclazide,-7.258,C:\Users\kunsh_ghp5duq\OneDrive\Desktop\SIH\3\docking_results\gliclazide_docked.pdbqt
cyclobenzaprine,-7.258,C:\Users\kunsh_ghp5duq\OneDrive\Desktop\SIH\3\docking_results\cyclobenzaprine_docked.pdbqt
pipamperone,-7.257,C:\Users\kunsh_ghp5duq\OneDrive\Desktop\SIH\3\docking_results\pipamperone_docked.pdbqt
rufinamide,-7.256,C:\Users\kunsh_ghp5duq\OneDrive\Desktop\SIH\3\docking_results\rufinamide_docked.pdbqt
tolmetin,-7.256,C:\Users\kunsh_ghp5duq\OneDrive\Desktop\SIH\3\docking_results\tolmetin_docked.pdbqt
efinaconazole,-7.256,C:\Users\kunsh_ghp5duq\OneDrive\Desktop\SIH\3\docking_results\efinaconazole_docked.pdbqt
levobunolol,-7.255,C:\Users\kunsh_ghp5duq\OneDrive\Desktop\SIH\3\docking_results\levobunolol_docked.pdbqt
perphenazine,-7.255,C:\Users\kunsh_ghp5duq\OneDrive\Desktop\SIH\3\docking_results\perphenazine_docked.pdbqt
subathizone,-7.253,C:\Users\kunsh_ghp5duq\OneDrive\Desktop\SIH\3\docking_results\subathizone_docked.pdbqt
oxymetholone,-7.253,C:\Users\kunsh_ghp5duq\OneDrive\Desktop\SIH\3\docking_results\oxymetholone_docked.pdbqt
menthyl_salicylate,-7.253,C:\Users\kunsh_ghp5duq\OneDrive\Desktop\SIH\3\docking_results\menthyl_salicylate_docked.pdbqt
econazole,-7.252,C:\Users\kunsh_ghp5duq\OneDrive\Desktop\SIH\3\docking_results\econazole_docked.pdbqt
flupirtine,-7.251,C:\Users\kunsh_ghp5duq\OneDrive\Desktop\SIH\3\docking_results\flupirtine_docked.pdbqt
flumethiazide,-7.249,C:\Users\kunsh_ghp5duq\OneDrive\Desktop\SIH\3\docking_results\flumethiazide_docked.pdbqt
celecoxib,-7.249,C:\Users\kunsh_ghp5duq\OneDrive\Desktop\SIH\3\docking_results\celecoxib_docked.pdbqt
broxuridine,-7.247,C:\Users\kunsh_ghp5duq\OneDrive\Desktop\SIH\3\docking_results\broxuridine_docked.pdbqt
oxetorone,-7.244,C:\Users\kunsh_ghp5duq\OneDrive\Desktop\SIH\3\docking_results\oxetorone_docked.pdbqt
benzylsulfamide,-7.243,C:\Users\kunsh_ghp5duq\OneDrive\Desktop\SIH\3\docking_results\benzylsulfamide_docked.pdbqt
fenoterol,-7.243,C:\Users\kunsh_ghp5duq\OneDrive\Desktop\SIH\3\docking_results\fenoterol_docked.pdbqt
balsalazide,-7.241,C:\Users\kunsh_ghp5duq\OneDrive\Desktop\SIH\3\docking_results\balsalazide_docked.pdbqt
nadolol,-7.241,C:\Users\kunsh_ghp5duq\OneDrive\Desktop\SIH\3\docking_results\nadolol_docked.pdbqt
umeclidinium,-7.241,C:\Users\kunsh_ghp5duq\OneDrive\Desktop\SIH\3\docking_results\umeclidinium_docked.pdbqt
rotraxate,-7.24,C:\Users\kunsh_ghp5duq\OneDrive\Desktop\SIH\3\docking_results\rotraxate_docked.pdbqt
xibenolol,-7.239,C:\Users\kunsh_ghp5duq\OneDrive\Desktop\SIH\3\docking_results\xibenolol_docked.pdbqt
tolnaftate,-7.238,C:\Users\kunsh_ghp5duq\OneDrive\Desktop\SIH\3\docking_results\tolnaftate_docked.pdbqt
tofacitinib,-7.237,C:\Users\kunsh_ghp5duq\OneDrive\Desktop\SIH\3\docking_results\tofacitinib_docked.pdbqt
acediasulfone,-7.236,C:\Users\kunsh_ghp5duq\OneDrive\Desktop\SIH\3\docking_results\acediasulfone_docked.pdbqt
levdobutamine,-7.235,C:\Users\kunsh_ghp5duq\OneDrive\Desktop\SIH\3\docking_results\levdobutamine_docked.pdbqt
idoxuridine,-7.235,C:\Users\kunsh_ghp5duq\OneDrive\Desktop\SIH\3\docking_results\idoxuridine_docked.pdbqt
ibuproxam,-7.234,C:\Users\kunsh_ghp5duq\OneDrive\Desktop\SIH\3\docking_results\ibuproxam_docked.pdbqt
aldosterone,-7.233,C:\Users\kunsh_ghp5duq\OneDrive\Desktop\SIH\3\docking_results\aldosterone_docked.pdbqt
sulconazole,-7.233,C:\Users\kunsh_ghp5duq\OneDrive\Desktop\SIH\3\docking_results\sulconazole_docked.pdbqt
phenindione,-7.231,C:\Users\kunsh_ghp5duq\OneDrive\Desktop\SIH\3\docking_results\phenindione_docked.pdbqt
cortisone_acetate,-7.231,C:\Users\kunsh_ghp5duq\OneDrive\Desktop\SIH\3\docking_results\cortisone_acetate_docked.pdbqt
sulfachlorpyridazine,-7.227,C:\Users\kunsh_ghp5duq\OneDrive\Desktop\SIH\3\docking_results\sulfachlorpyridazine_docked.pdbqt
mebrofenin,-7.224,C:\Users\kunsh_ghp5duq\OneDrive\Desktop\SIH\3\docking_results\mebrofenin_docked.pdbqt
cilastatin,-7.223,C:\Users\kunsh_ghp5duq\OneDrive\Desktop\SIH\3\docking_results\cilastatin_docked.pdbqt
allylestrenol,-7.222,C:\Users\kunsh_ghp5duq\OneDrive\Desktop\SIH\3\docking_results\allylestrenol_docked.pdbqt
sulfaphenazole,-7.221,C:\Users\kunsh_ghp5duq\OneDrive\Desktop\SIH\3\docking_results\sulfaphenazole_docked.pdbqt
quetiapine,-7.22,C:\Users\kunsh_ghp5duq\OneDrive\Desktop\SIH\3\docking_results\quetiapine_docked.pdbqt
letrozole,-7.219,C:\Users\kunsh_ghp5duq\OneDrive\Desktop\SIH\3\docking_results\letrozole_docked.pdbqt
pitofenone,-7.218,C:\Users\kunsh_ghp5duq\OneDrive\Desktop\SIH\3\docking_results\pitofenone_docked.pdbqt
lumiracoxib,-7.217,C:\Users\kunsh_ghp5duq\OneDrive\Desktop\SIH\3\docking_results\lumiracoxib_docked.pdbqt
binimetinib,-7.214,C:\Users\kunsh_ghp5duq\OneDrive\Desktop\SIH\3\docking_results\binimetinib_docked.pdbqt
guanoxan,-7.213,C:\Users\kunsh_ghp5duq\OneDrive\Desktop\SIH\3\docking_results\guanoxan_docked.pdbqt
succisulfone,-7.213,C:\Users\kunsh_ghp5duq\OneDrive\Desktop\SIH\3\docking_results\succisulfone_docked.pdbqt
hydroxystilbamidine,-7.213,C:\Users\kunsh_ghp5duq\OneDrive\Desktop\SIH\3\docking_results\hydroxystilbamidine_docked.pdbqt
progabide,-7.212,C:\Users\kunsh_ghp5duq\OneDrive\Desktop\SIH\3\docking_results\progabide_docked.pdbqt
tenofovir_alafenamide,-7.212,C:\Users\kunsh_ghp5duq\OneDrive\Desktop\SIH\3\docking_results\tenofovir_alafenamide_docked.pdbqt
milrinone,-7.211,C:\Users\kunsh_ghp5duq\OneDrive\Desktop\SIH\3\docking_results\milrinone_docked.pdbqt
clobenztropine,-7.21,C:\Users\kunsh_ghp5duq\OneDrive\Desktop\SIH\3\docking_results\clobenztropine_docked.pdbqt
femoxetine,-7.209,C:\Users\kunsh_ghp5duq\OneDrive\Desktop\SIH\3\docking_results\femoxetine_docked.pdbqt
piretanide,-7.207,C:\Users\kunsh_ghp5duq\OneDrive\Desktop\SIH\3\docking_results\piretanide_docked.pdbqt
ondansetron,-7.204,C:\Users\kunsh_ghp5duq\OneDrive\Desktop\SIH\3\docking_results\ondansetron_docked.pdbqt
esomeprazole,-7.204,C:\Users\kunsh_ghp5duq\OneDrive\Desktop\SIH\3\docking_results\esomeprazole_docked.pdbqt
dapiprazole,-7.202,C:\Users\kunsh_ghp5duq\OneDrive\Desktop\SIH\3\docking_results\dapiprazole_docked.pdbqt
caroxazone,-7.2,C:\Users\kunsh_ghp5duq\OneDrive\Desktop\SIH\3\docking_results\caroxazone_docked.pdbqt
oxymetazoline,-7.197,C:\Users\kunsh_ghp5duq\OneDrive\Desktop\SIH\3\docking_results\oxymetazoline_docked.pdbqt
drostanolone_propionate,-7.197,C:\Users\kunsh_ghp5duq\OneDrive\Desktop\SIH\3\docking_results\drostanolone_propionate_docked.pdbqt
menbutone,-7.196,C:\Users\kunsh_ghp5duq\OneDrive\Desktop\SIH\3\docking_results\menbutone_docked.pdbqt
regorafenib,-7.196,C:\Users\kunsh_ghp5duq\OneDrive\Desktop\SIH\3\docking_results\regorafenib_docked.pdbqt
nitrefazole,-7.195,C:\Users\kunsh_ghp5duq\OneDrive\Desktop\SIH\3\docking_results\nitrefazole_docked.pdbqt
metipamide,-7.195,C:\Users\kunsh_ghp5duq\OneDrive\Desktop\SIH\3\docking_results\metipamide_docked.pdbqt
labetalol,-7.195,C:\Users\kunsh_ghp5duq\OneDrive\Desktop\SIH\3\docking_results\labetalol_docked.pdbqt
fenetylline,-7.194,C:\Users\kunsh_ghp5duq\OneDrive\Desktop\SIH\3\docking_results\fenetylline_docked.pdbqt
guanoxabenz,-7.194,C:\Users\kunsh_ghp5duq\OneDrive\Desktop\SIH\3\docking_results\guanoxabenz_docked.pdbqt
amodiaquine,-7.194,C:\Users\kunsh_ghp5duq\OneDrive\Desktop\SIH\3\docking_results\amodiaquine_docked.pdbqt
bromochlorosalicylanilide,-7.194,C:\Users\kunsh_ghp5duq\OneDrive\Desktop\SIH\3\docking_results\bromochlorosalicylanilide_docked.pdbqt
nomegestrol_acetate,-7.193,C:\Users\kunsh_ghp5duq\OneDrive\Desktop\SIH\3\docking_results\nomegestrol_acetate_docked.pdbqt
picodralazine,-7.191,C:\Users\kunsh_ghp5duq\OneDrive\Desktop\SIH\3\docking_results\picodralazine_docked.pdbqt
afloqualone,-7.189,C:\Users\kunsh_ghp5duq\OneDrive\Desktop\SIH\3\docking_results\afloqualone_docked.pdbqt
naftifine,-7.189,C:\Users\kunsh_ghp5duq\OneDrive\Desktop\SIH\3\docking_results\naftifine_docked.pdbqt
N-Acetyltyrosine,-7.187,C:\Users\kunsh_ghp5duq\OneDrive\Desktop\SIH\3\docking_results\N-Acetyltyrosine_docked.pdbqt
homosalate,-7.187,C:\Users\kunsh_ghp5duq\OneDrive\Desktop\SIH\3\docking_results\homosalate_docked.pdbqt
pimobendan,-7.187,C:\Users\kunsh_ghp5duq\OneDrive\Desktop\SIH\3\docking_results\pimobendan_docked.pdbqt
sulmarin,-7.187,C:\Users\kunsh_ghp5duq\OneDrive\Desktop\SIH\3\docking_results\sulmarin_docked.pdbqt
budralazine,-7.186,C:\Users\kunsh_ghp5duq\OneDrive\Desktop\SIH\3\docking_results\budralazine_docked.pdbqt
carazolol,-7.185,C:\Users\kunsh_ghp5duq\OneDrive\Desktop\SIH\3\docking_results\carazolol_docked.pdbqt
carbidopa,-7.184,C:\Users\kunsh_ghp5duq\OneDrive\Desktop\SIH\3\docking_results\carbidopa_docked.pdbqt
sulfametomidine,-7.182,C:\Users\kunsh_ghp5duq\OneDrive\Desktop\SIH\3\docking_results\sulfametomidine_docked.pdbqt
rimexolone,-7.181,C:\Users\kunsh_ghp5duq\OneDrive\Desktop\SIH\3\docking_results\rimexolone_docked.pdbqt
diperodon,-7.181,C:\Users\kunsh_ghp5duq\OneDrive\Desktop\SIH\3\docking_results\diperodon_docked.pdbqt
arformoterol,-7.179,C:\Users\kunsh_ghp5duq\OneDrive\Desktop\SIH\3\docking_results\arformoterol_docked.pdbqt
norethisterone,-7.179,C:\Users\kunsh_ghp5duq\OneDrive\Desktop\SIH\3\docking_results\norethisterone_docked.pdbqt
etomidoline,-7.177,C:\Users\kunsh_ghp5duq\OneDrive\Desktop\SIH\3\docking_results\etomidoline_docked.pdbqt
ranimustine,-7.177,C:\Users\kunsh_ghp5duq\OneDrive\Desktop\SIH\3\docking_results\ranimustine_docked.pdbqt
moclobemide,-7.176,C:\Users\kunsh_ghp5duq\OneDrive\Desktop\SIH\3\docking_results\moclobemide_docked.pdbqt
furonazide,-7.176,C:\Users\kunsh_ghp5duq\OneDrive\Desktop\SIH\3\docking_results\furonazide_docked.pdbqt
deoxycholic_acid,-7.175,C:\Users\kunsh_ghp5duq\OneDrive\Desktop\SIH\3\docking_results\deoxycholic_acid_docked.pdbqt
aceprometazine,-7.172,C:\Users\kunsh_ghp5duq\OneDrive\Desktop\SIH\3\docking_results\aceprometazine_docked.pdbqt
flumetasone,-7.172,C:\Users\kunsh_ghp5duq\OneDrive\Desktop\SIH\3\docking_results\flumetasone_docked.pdbqt
etersalate,-7.172,C:\Users\kunsh_ghp5duq\OneDrive\Desktop\SIH\3\docking_results\etersalate_docked.pdbqt
flumecinol,-7.171,C:\Users\kunsh_ghp5duq\OneDrive\Desktop\SIH\3\docking_results\flumecinol_docked.pdbqt
oxazepam,-7.169,C:\Users\kunsh_ghp5duq\OneDrive\Desktop\SIH\3\docking_results\oxazepam_docked.pdbqt
protriptyline,-7.168,C:\Users\kunsh_ghp5duq\OneDrive\Desktop\SIH\3\docking_results\protriptyline_docked.pdbqt
pipoxolan,-7.168,C:\Users\kunsh_ghp5duq\OneDrive\Desktop\SIH\3\docking_results\pipoxolan_docked.pdbqt
mepivacaine,-7.166,C:\Users\kunsh_ghp5duq\OneDrive\Desktop\SIH\3\docking_results\mepivacaine_docked.pdbqt
cloprednol,-7.166,C:\Users\kunsh_ghp5duq\OneDrive\Desktop\SIH\3\docking_results\cloprednol_docked.pdbqt
olopatadine,-7.166,C:\Users\kunsh_ghp5duq\OneDrive\Desktop\SIH\3\docking_results\olopatadine_docked.pdbqt
spaglumic_acid,-7.166,C:\Users\kunsh_ghp5duq\OneDrive\Desktop\SIH\3\docking_results\spaglumic_acid_docked.pdbqt
perisoxal,-7.165,C:\Users\kunsh_ghp5duq\OneDrive\Desktop\SIH\3\docking_results\perisoxal_docked.pdbqt
chlormidazole,-7.162,C:\Users\kunsh_ghp5duq\OneDrive\Desktop\SIH\3\docking_results\chlormidazole_docked.pdbqt
sulisobenzone,-7.162,C:\Users\kunsh_ghp5duq\OneDrive\Desktop\SIH\3\docking_results\sulisobenzone_docked.pdbqt
guacetisal,-7.162,C:\Users\kunsh_ghp5duq\OneDrive\Desktop\SIH\3\docking_results\guacetisal_docked.pdbqt
hydrochlorothiazide,-7.158,C:\Users\kunsh_ghp5duq\OneDrive\Desktop\SIH\3\docking_results\hydrochlorothiazide_docked.pdbqt
tiaramide,-7.157,C:\Users\kunsh_ghp5duq\OneDrive\Desktop\SIH\3\docking_results\tiaramide_docked.pdbqt
cyclovalone,-7.153,C:\Users\kunsh_ghp5duq\OneDrive\Desktop\SIH\3\docking_results\cyclovalone_docked.pdbqt
quifenadine,-7.152,C:\Users\kunsh_ghp5duq\OneDrive\Desktop\SIH\3\docking_results\quifenadine_docked.pdbqt
acetaminosalol,-7.152,C:\Users\kunsh_ghp5duq\OneDrive\Desktop\SIH\3\docking_results\acetaminosalol_docked.pdbqt
acenocoumarol,-7.15,C:\Users\kunsh_ghp5duq\OneDrive\Desktop\SIH\3\docking_results\acenocoumarol_docked.pdbqt
sulfadoxine,-7.15,C:\Users\kunsh_ghp5duq\OneDrive\Desktop\SIH\3\docking_results\sulfadoxine_docked.pdbqt
fencibutirol,-7.148,C:\Users\kunsh_ghp5duq\OneDrive\Desktop\SIH\3\docking_results\fencibutirol_docked.pdbqt
scarlet_red,-7.148,C:\Users\kunsh_ghp5duq\OneDrive\Desktop\SIH\3\docking_results\scarlet_red_docked.pdbqt
sulfametrole,-7.148,C:\Users\kunsh_ghp5duq\OneDrive\Desktop\SIH\3\docking_results\sulfametrole_docked.pdbqt
nelarabine,-7.147,C:\Users\kunsh_ghp5duq\OneDrive\Desktop\SIH\3\docking_results\nelarabine_docked.pdbqt
guaiacol_benzoate,-7.147,C:\Users\kunsh_ghp5duq\OneDrive\Desktop\SIH\3\docking_results\guaiacol_benzoate_docked.pdbqt
phenadoxone,-7.145,C:\Users\kunsh_ghp5duq\OneDrive\Desktop\SIH\3\docking_results\phenadoxone_docked.pdbqt
methallenestril,-7.144,C:\Users\kunsh_ghp5duq\OneDrive\Desktop\SIH\3\docking_results\methallenestril_docked.pdbqt
tolperisone,-7.144,C:\Users\kunsh_ghp5duq\OneDrive\Desktop\SIH\3\docking_results\tolperisone_docked.pdbqt
furosemide,-7.143,C:\Users\kunsh_ghp5duq\OneDrive\Desktop\SIH\3\docking_results\furosemide_docked.pdbqt
etonogestrel,-7.143,C:\Users\kunsh_ghp5duq\OneDrive\Desktop\SIH\3\docking_results\etonogestrel_docked.pdbqt
propamidine,-7.142,C:\Users\kunsh_ghp5duq\OneDrive\Desktop\SIH\3\docking_results\propamidine_docked.pdbqt
sparfloxacin,-7.141,C:\Users\kunsh_ghp5duq\OneDrive\Desktop\SIH\3\docking_results\sparfloxacin_docked.pdbqt
terguride,-7.141,C:\Users\kunsh_ghp5duq\OneDrive\Desktop\SIH\3\docking_results\terguride_docked.pdbqt
panipenem,-7.141,C:\Users\kunsh_ghp5duq\OneDrive\Desktop\SIH\3\docking_results\panipenem_docked.pdbqt
encainide,-7.14,C:\Users\kunsh_ghp5duq\OneDrive\Desktop\SIH\3\docking_results\encainide_docked.pdbqt
methylprednisolone,-7.14,C:\Users\kunsh_ghp5duq\OneDrive\Desktop\SIH\3\docking_results\methylprednisolone_docked.pdbqt
ethacizine,-7.139,C:\Users\kunsh_ghp5duq\OneDrive\Desktop\SIH\3\docking_results\ethacizine_docked.pdbqt
cidofovir,-7.139,C:\Users\kunsh_ghp5duq\OneDrive\Desktop\SIH\3\docking_results\cidofovir_docked.pdbqt
eprozinol,-7.139,C:\Users\kunsh_ghp5duq\OneDrive\Desktop\SIH\3\docking_results\eprozinol_docked.pdbqt
milverine,-7.138,C:\Users\kunsh_ghp5duq\OneDrive\Desktop\SIH\3\docking_results\milverine_docked.pdbqt
bevonium,-7.137,C:\Users\kunsh_ghp5duq\OneDrive\Desktop\SIH\3\docking_results\bevonium_docked.pdbqt
mefuparib,-7.137,C:\Users\kunsh_ghp5duq\OneDrive\Desktop\SIH\3\docking_results\mefuparib_docked.pdbqt
albendazole_sulfoxide,-7.137,C:\Users\kunsh_ghp5duq\OneDrive\Desktop\SIH\3\docking_results\albendazole_sulfoxide_docked.pdbqt
alfacalcidol,-7.134,C:\Users\kunsh_ghp5duq\OneDrive\Desktop\SIH\3\docking_results\alfacalcidol_docked.pdbqt
quinfamide,-7.134,C:\Users\kunsh_ghp5duq\OneDrive\Desktop\SIH\3\docking_results\quinfamide_docked.pdbqt
bropirimine,-7.134,C:\Users\kunsh_ghp5duq\OneDrive\Desktop\SIH\3\docking_results\bropirimine_docked.pdbqt
taurolidine,-7.133,C:\Users\kunsh_ghp5duq\OneDrive\Desktop\SIH\3\docking_results\taurolidine_docked.pdbqt
balofloxacin,-7.132,C:\Users\kunsh_ghp5duq\OneDrive\Desktop\SIH\3\docking_results\balofloxacin_docked.pdbqt
nitrofurazone,-7.131,C:\Users\kunsh_ghp5duq\OneDrive\Desktop\SIH\3\docking_results\nitrofurazone_docked.pdbqt
drometrizole,-7.13,C:\Users\kunsh_ghp5duq\OneDrive\Desktop\SIH\3\docking_results\drometrizole_docked.pdbqt
androisoxazole,-7.129,C:\Users\kunsh_ghp5duq\OneDrive\Desktop\SIH\3\docking_results\androisoxazole_docked.pdbqt
cefacetrile,-7.128,C:\Users\kunsh_ghp5duq\OneDrive\Desktop\SIH\3\docking_results\cefacetrile_docked.pdbqt
tandospirone,-7.127,C:\Users\kunsh_ghp5duq\OneDrive\Desktop\SIH\3\docking_results\tandospirone_docked.pdbqt
nalmefene,-7.127,C:\Users\kunsh_ghp5duq\OneDrive\Desktop\SIH\3\docking_results\nalmefene_docked.pdbqt
mepacrine,-7.125,C:\Users\kunsh_ghp5duq\OneDrive\Desktop\SIH\3\docking_results\mepacrine_docked.pdbqt
tretinoin,-7.125,C:\Users\kunsh_ghp5duq\OneDrive\Desktop\SIH\3\docking_results\tretinoin_docked.pdbqt
stanozolol,-7.124,C:\Users\kunsh_ghp5duq\OneDrive\Desktop\SIH\3\docking_results\stanozolol_docked.pdbqt
trihexyphenidyl,-7.12,C:\Users\kunsh_ghp5duq\OneDrive\Desktop\SIH\3\docking_results\trihexyphenidyl_docked.pdbqt
bithionol,-7.12,C:\Users\kunsh_ghp5duq\OneDrive\Desktop\SIH\3\docking_results\bithionol_docked.pdbqt
tripamide,-7.12,C:\Users\kunsh_ghp5duq\OneDrive\Desktop\SIH\3\docking_results\tripamide_docked.pdbqt
pecazine,-7.118,C:\Users\kunsh_ghp5duq\OneDrive\Desktop\SIH\3\docking_results\pecazine_docked.pdbqt
piridocaine,-7.118,C:\Users\kunsh_ghp5duq\OneDrive\Desktop\SIH\3\docking_results\piridocaine_docked.pdbqt
flumedroxone,-7.117,C:\Users\kunsh_ghp5duq\OneDrive\Desktop\SIH\3\docking_results\flumedroxone_docked.pdbqt
prochlorperazine,-7.117,C:\Users\kunsh_ghp5duq\OneDrive\Desktop\SIH\3\docking_results\prochlorperazine_docked.pdbqt
trospium,-7.117,C:\Users\kunsh_ghp5duq\OneDrive\Desktop\SIH\3\docking_results\trospium_docked.pdbqt
cyclopenthiazide,-7.115,C:\Users\kunsh_ghp5duq\OneDrive\Desktop\SIH\3\docking_results\cyclopenthiazide_docked.pdbqt
cetirizine,-7.115,C:\Users\kunsh_ghp5duq\OneDrive\Desktop\SIH\3\docking_results\cetirizine_docked.pdbqt
oseltamivir,-7.114,C:\Users\kunsh_ghp5duq\OneDrive\Desktop\SIH\3\docking_results\oseltamivir_docked.pdbqt
enfenamic_acid,-7.113,C:\Users\kunsh_ghp5duq\OneDrive\Desktop\SIH\3\docking_results\enfenamic_acid_docked.pdbqt
ibacitabine,-7.113,C:\Users\kunsh_ghp5duq\OneDrive\Desktop\SIH\3\docking_results\ibacitabine_docked.pdbqt
methyldopate,-7.112,C:\Users\kunsh_ghp5duq\OneDrive\Desktop\SIH\3\docking_results\methyldopate_docked.pdbqt
pindolol,-7.111,C:\Users\kunsh_ghp5duq\OneDrive\Desktop\SIH\3\docking_results\pindolol_docked.pdbqt
valaciclovir,-7.111,C:\Users\kunsh_ghp5duq\OneDrive\Desktop\SIH\3\docking_results\valaciclovir_docked.pdbqt
intoplicine,-7.111,C:\Users\kunsh_ghp5duq\OneDrive\Desktop\SIH\3\docking_results\intoplicine_docked.pdbqt
benmoxin,-7.11,C:\Users\kunsh_ghp5duq\OneDrive\Desktop\SIH\3\docking_results\benmoxin_docked.pdbqt
Flutemetamol__18F_,-7.11,C:\Users\kunsh_ghp5duq\OneDrive\Desktop\SIH\3\docking_results\Flutemetamol__18F__docked.pdbqt
fominoben,-7.109,C:\Users\kunsh_ghp5duq\OneDrive\Desktop\SIH\3\docking_results\fominoben_docked.pdbqt
itopride,-7.109,C:\Users\kunsh_ghp5duq\OneDrive\Desktop\SIH\3\docking_results\itopride_docked.pdbqt
tolindate,-7.105,C:\Users\kunsh_ghp5duq\OneDrive\Desktop\SIH\3\docking_results\tolindate_docked.pdbqt
metergoline,-7.104,C:\Users\kunsh_ghp5duq\OneDrive\Desktop\SIH\3\docking_results\metergoline_docked.pdbqt
sulfadiasulfone,-7.103,C:\Users\kunsh_ghp5duq\OneDrive\Desktop\SIH\3\docking_results\sulfadiasulfone_docked.pdbqt
metahexamide,-7.103,C:\Users\kunsh_ghp5duq\OneDrive\Desktop\SIH\3\docking_results\metahexamide_docked.pdbqt
vinpocetine,-7.103,C:\Users\kunsh_ghp5duq\OneDrive\Desktop\SIH\3\docking_results\vinpocetine_docked.pdbqt
simetride,-7.101,C:\Users\kunsh_ghp5duq\OneDrive\Desktop\SIH\3\docking_results\simetride_docked.pdbqt
omeprazole,-7.099,C:\Users\kunsh_ghp5duq\OneDrive\Desktop\SIH\3\docking_results\omeprazole_docked.pdbqt
cycloguanil,-7.098,C:\Users\kunsh_ghp5duq\OneDrive\Desktop\SIH\3\docking_results\cycloguanil_docked.pdbqt
furaltadone,-7.098,C:\Users\kunsh_ghp5duq\OneDrive\Desktop\SIH\3\docking_results\furaltadone_docked.pdbqt
adenosine_phosphate,-7.097,C:\Users\kunsh_ghp5duq\OneDrive\Desktop\SIH\3\docking_results\adenosine_phosphate_docked.pdbqt
propiomazine,-7.095,C:\Users\kunsh_ghp5duq\OneDrive\Desktop\SIH\3\docking_results\propiomazine_docked.pdbqt
nefiracetam,-7.094,C:\Users\kunsh_ghp5duq\OneDrive\Desktop\SIH\3\docking_results\nefiracetam_docked.pdbqt
ftivazide,-7.094,C:\Users\kunsh_ghp5duq\OneDrive\Desktop\SIH\3\docking_results\ftivazide_docked.pdbqt
alpidem,-7.093,C:\Users\kunsh_ghp5duq\OneDrive\Desktop\SIH\3\docking_results\alpidem_docked.pdbqt
piperidolate,-7.093,C:\Users\kunsh_ghp5duq\OneDrive\Desktop\SIH\3\docking_results\piperidolate_docked.pdbqt
tazarotene,-7.093,C:\Users\kunsh_ghp5duq\OneDrive\Desktop\SIH\3\docking_results\tazarotene_docked.pdbqt
clemastine,-7.092,C:\Users\kunsh_ghp5duq\OneDrive\Desktop\SIH\3\docking_results\clemastine_docked.pdbqt
etoricoxib,-7.089,C:\Users\kunsh_ghp5duq\OneDrive\Desktop\SIH\3\docking_results\etoricoxib_docked.pdbqt
desogestrel,-7.087,C:\Users\kunsh_ghp5duq\OneDrive\Desktop\SIH\3\docking_results\desogestrel_docked.pdbqt
sulfamerazine,-7.087,C:\Users\kunsh_ghp5duq\OneDrive\Desktop\SIH\3\docking_results\sulfamerazine_docked.pdbqt
imipenem,-7.087,C:\Users\kunsh_ghp5duq\OneDrive\Desktop\SIH\3\docking_results\imipenem_docked.pdbqt
semustine,-7.085,C:\Users\kunsh_ghp5duq\OneDrive\Desktop\SIH\3\docking_results\semustine_docked.pdbqt
fosdenopterin,-7.084,C:\Users\kunsh_ghp5duq\OneDrive\Desktop\SIH\3\docking_results\fosdenopterin_docked.pdbqt
enoximone,-7.083,C:\Users\kunsh_ghp5duq\OneDrive\Desktop\SIH\3\docking_results\enoximone_docked.pdbqt
almotriptan,-7.082,C:\Users\kunsh_ghp5duq\OneDrive\Desktop\SIH\3\docking_results\almotriptan_docked.pdbqt
imrecoxib,-7.08,C:\Users\kunsh_ghp5duq\OneDrive\Desktop\SIH\3\docking_results\imrecoxib_docked.pdbqt
menadoxime,-7.079,C:\Users\kunsh_ghp5duq\OneDrive\Desktop\SIH\3\docking_results\menadoxime_docked.pdbqt
bifluranol,-7.078,C:\Users\kunsh_ghp5duq\OneDrive\Desktop\SIH\3\docking_results\bifluranol_docked.pdbqt
oxitriptan,-7.078,C:\Users\kunsh_ghp5duq\OneDrive\Desktop\SIH\3\docking_results\oxitriptan_docked.pdbqt
bromebric_acid,-7.078,C:\Users\kunsh_ghp5duq\OneDrive\Desktop\SIH\3\docking_results\bromebric_acid_docked.pdbqt
gestodene,-7.077,C:\Users\kunsh_ghp5duq\OneDrive\Desktop\SIH\3\docking_results\gestodene_docked.pdbqt
chromocarb,-7.077,C:\Users\kunsh_ghp5duq\OneDrive\Desktop\SIH\3\docking_results\chromocarb_docked.pdbqt
almecillin,-7.076,C:\Users\kunsh_ghp5duq\OneDrive\Desktop\SIH\3\docking_results\almecillin_docked.pdbqt
cetraxate,-7.075,C:\Users\kunsh_ghp5duq\OneDrive\Desktop\SIH\3\docking_results\cetraxate_docked.pdbqt
phenallymal,-7.075,C:\Users\kunsh_ghp5duq\OneDrive\Desktop\SIH\3\docking_results\phenallymal_docked.pdbqt
minodronic_acid,-7.074,C:\Users\kunsh_ghp5duq\OneDrive\Desktop\SIH\3\docking_results\minodronic_acid_docked.pdbqt
timiperone,-7.073,C:\Users\kunsh_ghp5duq\OneDrive\Desktop\SIH\3\docking_results\timiperone_docked.pdbqt
halocarban,-7.072,C:\Users\kunsh_ghp5duq\OneDrive\Desktop\SIH\3\docking_results\halocarban_docked.pdbqt
ethaverine,-7.071,C:\Users\kunsh_ghp5duq\OneDrive\Desktop\SIH\3\docking_results\ethaverine_docked.pdbqt
bamifylline,-7.07,C:\Users\kunsh_ghp5duq\OneDrive\Desktop\SIH\3\docking_results\bamifylline_docked.pdbqt
ergocalciferol,-7.07,C:\Users\kunsh_ghp5duq\OneDrive\Desktop\SIH\3\docking_results\ergocalciferol_docked.pdbqt
prasterone,-7.069,C:\Users\kunsh_ghp5duq\OneDrive\Desktop\SIH\3\docking_results\prasterone_docked.pdbqt
sulfalene,-7.068,C:\Users\kunsh_ghp5duq\OneDrive\Desktop\SIH\3\docking_results\sulfalene_docked.pdbqt
sumatriptan,-7.068,C:\Users\kunsh_ghp5duq\OneDrive\Desktop\SIH\3\docking_results\sumatriptan_docked.pdbqt
carteolol,-7.068,C:\Users\kunsh_ghp5duq\OneDrive\Desktop\SIH\3\docking_results\carteolol_docked.pdbqt
thebacon,-7.067,C:\Users\kunsh_ghp5duq\OneDrive\Desktop\SIH\3\docking_results\thebacon_docked.pdbqt
osilodrostat,-7.066,C:\Users\kunsh_ghp5duq\OneDrive\Desktop\SIH\3\docking_results\osilodrostat_docked.pdbqt
telbivudine,-7.066,C:\Users\kunsh_ghp5duq\OneDrive\Desktop\SIH\3\docking_results\telbivudine_docked.pdbqt
carbuterol,-7.066,C:\Users\kunsh_ghp5duq\OneDrive\Desktop\SIH\3\docking_results\carbuterol_docked.pdbqt
thiabendazole,-7.065,C:\Users\kunsh_ghp5duq\OneDrive\Desktop\SIH\3\docking_results\thiabendazole_docked.pdbqt
fluconazole,-7.065,C:\Users\kunsh_ghp5duq\OneDrive\Desktop\SIH\3\docking_results\fluconazole_docked.pdbqt
trifarotene,-7.064,C:\Users\kunsh_ghp5duq\OneDrive\Desktop\SIH\3\docking_results\trifarotene_docked.pdbqt
cenobamate,-7.064,C:\Users\kunsh_ghp5duq\OneDrive\Desktop\SIH\3\docking_results\cenobamate_docked.pdbqt
sulmazole,-7.063,C:\Users\kunsh_ghp5duq\OneDrive\Desktop\SIH\3\docking_results\sulmazole_docked.pdbqt
salinazid,-7.062,C:\Users\kunsh_ghp5duq\OneDrive\Desktop\SIH\3\docking_results\salinazid_docked.pdbqt
fenbufen,-7.061,C:\Users\kunsh_ghp5duq\OneDrive\Desktop\SIH\3\docking_results\fenbufen_docked.pdbqt
amoxapine,-7.061,C:\Users\kunsh_ghp5duq\OneDrive\Desktop\SIH\3\docking_results\amoxapine_docked.pdbqt
lactose,-7.056,C:\Users\kunsh_ghp5duq\OneDrive\Desktop\SIH\3\docking_results\lactose_docked.pdbqt
lamotrigine,-7.055,C:\Users\kunsh_ghp5duq\OneDrive\Desktop\SIH\3\docking_results\lamotrigine_docked.pdbqt
nabilone,-7.053,C:\Users\kunsh_ghp5duq\OneDrive\Desktop\SIH\3\docking_results\nabilone_docked.pdbqt
fenclofenac,-7.052,C:\Users\kunsh_ghp5duq\OneDrive\Desktop\SIH\3\docking_results\fenclofenac_docked.pdbqt
trioxsalen,-7.052,C:\Users\kunsh_ghp5duq\OneDrive\Desktop\SIH\3\docking_results\trioxsalen_docked.pdbqt
omarigliptin,-7.051,C:\Users\kunsh_ghp5duq\OneDrive\Desktop\SIH\3\docking_results\omarigliptin_docked.pdbqt
bepotastine,-7.05,C:\Users\kunsh_ghp5duq\OneDrive\Desktop\SIH\3\docking_results\bepotastine_docked.pdbqt
zolpidem,-7.05,C:\Users\kunsh_ghp5duq\OneDrive\Desktop\SIH\3\docking_results\zolpidem_docked.pdbqt
croconazole,-7.049,C:\Users\kunsh_ghp5duq\OneDrive\Desktop\SIH\3\docking_results\croconazole_docked.pdbqt
propyromazine,-7.049,C:\Users\kunsh_ghp5duq\OneDrive\Desktop\SIH\3\docking_results\propyromazine_docked.pdbqt
ribavirin,-7.048,C:\Users\kunsh_ghp5duq\OneDrive\Desktop\SIH\3\docking_results\ribavirin_docked.pdbqt
rizatriptan,-7.048,C:\Users\kunsh_ghp5duq\OneDrive\Desktop\SIH\3\docking_results\rizatriptan_docked.pdbqt
diclofenac,-7.048,C:\Users\kunsh_ghp5duq\OneDrive\Desktop\SIH\3\docking_results\diclofenac_docked.pdbqt
iproclozide,-7.047,C:\Users\kunsh_ghp5duq\OneDrive\Desktop\SIH\3\docking_results\iproclozide_docked.pdbqt
guaimesal,-7.047,C:\Users\kunsh_ghp5duq\OneDrive\Desktop\SIH\3\docking_results\guaimesal_docked.pdbqt
dotinurad,-7.046,C:\Users\kunsh_ghp5duq\OneDrive\Desktop\SIH\3\docking_results\dotinurad_docked.pdbqt
zileuton,-7.045,C:\Users\kunsh_ghp5duq\OneDrive\Desktop\SIH\3\docking_results\zileuton_docked.pdbqt
bisacodyl,-7.044,C:\Users\kunsh_ghp5duq\OneDrive\Desktop\SIH\3\docking_results\bisacodyl_docked.pdbqt
dibunate,-7.042,C:\Users\kunsh_ghp5duq\OneDrive\Desktop\SIH\3\docking_results\dibunate_docked.pdbqt
norelgestromin,-7.041,C:\Users\kunsh_ghp5duq\OneDrive\Desktop\SIH\3\docking_results\norelgestromin_docked.pdbqt
benzilonium,-7.041,C:\Users\kunsh_ghp5duq\OneDrive\Desktop\SIH\3\docking_results\benzilonium_docked.pdbqt
dipipanone,-7.039,C:\Users\kunsh_ghp5duq\OneDrive\Desktop\SIH\3\docking_results\dipipanone_docked.pdbqt
ufenamate,-7.038,C:\Users\kunsh_ghp5duq\OneDrive\Desktop\SIH\3\docking_results\ufenamate_docked.pdbqt
isotretinoin,-7.037,C:\Users\kunsh_ghp5duq\OneDrive\Desktop\SIH\3\docking_results\isotretinoin_docked.pdbqt
sulfadimethoxine,-7.037,C:\Users\kunsh_ghp5duq\OneDrive\Desktop\SIH\3\docking_results\sulfadimethoxine_docked.pdbqt
acetyldihydrocodeine,-7.036,C:\Users\kunsh_ghp5duq\OneDrive\Desktop\SIH\3\docking_results\acetyldihydrocodeine_docked.pdbqt
oxypendyl,-7.033,C:\Users\kunsh_ghp5duq\OneDrive\Desktop\SIH\3\docking_results\oxypendyl_docked.pdbqt
modafinil,-7.032,C:\Users\kunsh_ghp5duq\OneDrive\Desktop\SIH\3\docking_results\modafinil_docked.pdbqt
clobuzarit,-7.03,C:\Users\kunsh_ghp5duq\OneDrive\Desktop\SIH\3\docking_results\clobuzarit_docked.pdbqt
finafloxacin,-7.029,C:\Users\kunsh_ghp5duq\OneDrive\Desktop\SIH\3\docking_results\finafloxacin_docked.pdbqt
norgestimate,-7.029,C:\Users\kunsh_ghp5duq\OneDrive\Desktop\SIH\3\docking_results\norgestimate_docked.pdbqt
zonisamide,-7.027,C:\Users\kunsh_ghp5duq\OneDrive\Desktop\SIH\3\docking_results\zonisamide_docked.pdbqt
phenolphthalol,-7.027,C:\Users\kunsh_ghp5duq\OneDrive\Desktop\SIH\3\docking_results\phenolphthalol_docked.pdbqt
estradiol_enanthate,-7.026,C:\Users\kunsh_ghp5duq\OneDrive\Desktop\SIH\3\docking_results\estradiol_enanthate_docked.pdbqt
sultiame,-7.024,C:\Users\kunsh_ghp5duq\OneDrive\Desktop\SIH\3\docking_results\sultiame_docked.pdbqt
norpipanone,-7.024,C:\Users\kunsh_ghp5duq\OneDrive\Desktop\SIH\3\docking_results\norpipanone_docked.pdbqt
methandriol,-7.023,C:\Users\kunsh_ghp5duq\OneDrive\Desktop\SIH\3\docking_results\methandriol_docked.pdbqt
ethylestrenol,-7.022,C:\Users\kunsh_ghp5duq\OneDrive\Desktop\SIH\3\docking_results\ethylestrenol_docked.pdbqt
fenpiverinium,-7.022,C:\Users\kunsh_ghp5duq\OneDrive\Desktop\SIH\3\docking_results\fenpiverinium_docked.pdbqt
quinethazone,-7.021,C:\Users\kunsh_ghp5duq\OneDrive\Desktop\SIH\3\docking_results\quinethazone_docked.pdbqt
testolactone,-7.02,C:\Users\kunsh_ghp5duq\OneDrive\Desktop\SIH\3\docking_results\testolactone_docked.pdbqt
thiethylperazine,-7.02,C:\Users\kunsh_ghp5duq\OneDrive\Desktop\SIH\3\docking_results\thiethylperazine_docked.pdbqt
isofezolac,-7.019,C:\Users\kunsh_ghp5duq\OneDrive\Desktop\SIH\3\docking_results\isofezolac_docked.pdbqt
pirifibrate,-7.019,C:\Users\kunsh_ghp5duq\OneDrive\Desktop\SIH\3\docking_results\pirifibrate_docked.pdbqt
torsemide,-7.019,C:\Users\kunsh_ghp5duq\OneDrive\Desktop\SIH\3\docking_results\torsemide_docked.pdbqt
bifonazole,-7.017,C:\Users\kunsh_ghp5duq\OneDrive\Desktop\SIH\3\docking_results\bifonazole_docked.pdbqt
mepiprazole,-7.015,C:\Users\kunsh_ghp5duq\OneDrive\Desktop\SIH\3\docking_results\mepiprazole_docked.pdbqt
cefdinir,-7.015,C:\Users\kunsh_ghp5duq\OneDrive\Desktop\SIH\3\docking_results\cefdinir_docked.pdbqt
pipradrol,-7.014,C:\Users\kunsh_ghp5duq\OneDrive\Desktop\SIH\3\docking_results\pipradrol_docked.pdbqt
diphenidol,-7.014,C:\Users\kunsh_ghp5duq\OneDrive\Desktop\SIH\3\docking_results\diphenidol_docked.pdbqt
indapamide,-7.014,C:\Users\kunsh_ghp5duq\OneDrive\Desktop\SIH\3\docking_results\indapamide_docked.pdbqt
clostebol_acetate,-7.013,C:\Users\kunsh_ghp5duq\OneDrive\Desktop\SIH\3\docking_results\clostebol_acetate_docked.pdbqt
amperozide,-7.011,C:\Users\kunsh_ghp5duq\OneDrive\Desktop\SIH\3\docking_results\amperozide_docked.pdbqt
fentiazac,-7.011,C:\Users\kunsh_ghp5duq\OneDrive\Desktop\SIH\3\docking_results\fentiazac_docked.pdbqt
amosulalol,-7.011,C:\Users\kunsh_ghp5duq\OneDrive\Desktop\SIH\3\docking_results\amosulalol_docked.pdbqt
brexanolone,-7.011,C:\Users\kunsh_ghp5duq\OneDrive\Desktop\SIH\3\docking_results\brexanolone_docked.pdbqt
visnadine,-7.01,C:\Users\kunsh_ghp5duq\OneDrive\Desktop\SIH\3\docking_results\visnadine_docked.pdbqt
salicylanilide,-7.009,C:\Users\kunsh_ghp5duq\OneDrive\Desktop\SIH\3\docking_results\salicylanilide_docked.pdbqt
tiagabine,-7.009,C:\Users\kunsh_ghp5duq\OneDrive\Desktop\SIH\3\docking_results\tiagabine_docked.pdbqt
streptozocin,-7.007,C:\Users\kunsh_ghp5duq\OneDrive\Desktop\SIH\3\docking_results\streptozocin_docked.pdbqt
dronabinol,-7.006,C:\Users\kunsh_ghp5duq\OneDrive\Desktop\SIH\3\docking_results\dronabinol_docked.pdbqt
sulcaine,-7.006,C:\Users\kunsh_ghp5duq\OneDrive\Desktop\SIH\3\docking_results\sulcaine_docked.pdbqt
oxagrelate,-7.005,C:\Users\kunsh_ghp5duq\OneDrive\Desktop\SIH\3\docking_results\oxagrelate_docked.pdbqt
oxantel,-7.005,C:\Users\kunsh_ghp5duq\OneDrive\Desktop\SIH\3\docking_results\oxantel_docked.pdbqt
bendazol,-7.003,C:\Users\kunsh_ghp5duq\OneDrive\Desktop\SIH\3\docking_results\bendazol_docked.pdbqt
parapenzolate,-7.002,C:\Users\kunsh_ghp5duq\OneDrive\Desktop\SIH\3\docking_results\parapenzolate_docked.pdbqt
pipazetate,-7.001,C:\Users\kunsh_ghp5duq\OneDrive\Desktop\SIH\3\docking_results\pipazetate_docked.pdbqt
nifenalol,-7.001,C:\Users\kunsh_ghp5duq\OneDrive\Desktop\SIH\3\docking_results\nifenalol_docked.pdbqt
lidofenin,-7.0,C:\Users\kunsh_ghp5duq\OneDrive\Desktop\SIH\3\docking_results\lidofenin_docked.pdbqt
perhexiline,-6.995,C:\Users\kunsh_ghp5duq\OneDrive\Desktop\SIH\3\docking_results\perhexiline_docked.pdbqt
ozagrel,-6.995,C:\Users\kunsh_ghp5duq\OneDrive\Desktop\SIH\3\docking_results\ozagrel_docked.pdbqt
droxidopa,-6.993,C:\Users\kunsh_ghp5duq\OneDrive\Desktop\SIH\3\docking_results\droxidopa_docked.pdbqt
menadiol_sodium_diphosphate,-6.992,C:\Users\kunsh_ghp5duq\OneDrive\Desktop\SIH\3\docking_results\menadiol_sodium_diphosphate_docked.pdbqt
triflupromazine,-6.991,C:\Users\kunsh_ghp5duq\OneDrive\Desktop\SIH\3\docking_results\triflupromazine_docked.pdbqt
methoxsalen,-6.991,C:\Users\kunsh_ghp5duq\OneDrive\Desktop\SIH\3\docking_results\methoxsalen_docked.pdbqt
zolimidine,-6.988,C:\Users\kunsh_ghp5duq\OneDrive\Desktop\SIH\3\docking_results\zolimidine_docked.pdbqt
entacapone,-6.985,C:\Users\kunsh_ghp5duq\OneDrive\Desktop\SIH\3\docking_results\entacapone_docked.pdbqt
oxyphenbutazone,-6.985,C:\Users\kunsh_ghp5duq\OneDrive\Desktop\SIH\3\docking_results\oxyphenbutazone_docked.pdbqt
cyclofenil,-6.985,C:\Users\kunsh_ghp5duq\OneDrive\Desktop\SIH\3\docking_results\cyclofenil_docked.pdbqt
adinazolam,-6.982,C:\Users\kunsh_ghp5duq\OneDrive\Desktop\SIH\3\docking_results\adinazolam_docked.pdbqt
niaprazine,-6.979,C:\Users\kunsh_ghp5duq\OneDrive\Desktop\SIH\3\docking_results\niaprazine_docked.pdbqt
urapidil,-6.978,C:\Users\kunsh_ghp5duq\OneDrive\Desktop\SIH\3\docking_results\urapidil_docked.pdbqt
etizolam,-6.976,C:\Users\kunsh_ghp5duq\OneDrive\Desktop\SIH\3\docking_results\etizolam_docked.pdbqt
levocetirizine,-6.975,C:\Users\kunsh_ghp5duq\OneDrive\Desktop\SIH\3\docking_results\levocetirizine_docked.pdbqt
moxaverine,-6.974,C:\Users\kunsh_ghp5duq\OneDrive\Desktop\SIH\3\docking_results\moxaverine_docked.pdbqt
procaterol,-6.974,C:\Users\kunsh_ghp5duq\OneDrive\Desktop\SIH\3\docking_results\procaterol_docked.pdbqt
roxatidine_acetate,-6.974,C:\Users\kunsh_ghp5duq\OneDrive\Desktop\SIH\3\docking_results\roxatidine_acetate_docked.pdbqt
oxybenzone,-6.974,C:\Users\kunsh_ghp5duq\OneDrive\Desktop\SIH\3\docking_results\oxybenzone_docked.pdbqt
bucolome,-6.974,C:\Users\kunsh_ghp5duq\OneDrive\Desktop\SIH\3\docking_results\bucolome_docked.pdbqt
pirlindole,-6.972,C:\Users\kunsh_ghp5duq\OneDrive\Desktop\SIH\3\docking_results\pirlindole_docked.pdbqt
biperiden,-6.97,C:\Users\kunsh_ghp5duq\OneDrive\Desktop\SIH\3\docking_results\biperiden_docked.pdbqt
dioxybenzone,-6.969,C:\Users\kunsh_ghp5duq\OneDrive\Desktop\SIH\3\docking_results\dioxybenzone_docked.pdbqt
lorajmine,-6.968,C:\Users\kunsh_ghp5duq\OneDrive\Desktop\SIH\3\docking_results\lorajmine_docked.pdbqt
nevirapine,-6.967,C:\Users\kunsh_ghp5duq\OneDrive\Desktop\SIH\3\docking_results\nevirapine_docked.pdbqt
suclofenide,-6.967,C:\Users\kunsh_ghp5duq\OneDrive\Desktop\SIH\3\docking_results\suclofenide_docked.pdbqt
fluoxetine,-6.967,C:\Users\kunsh_ghp5duq\OneDrive\Desktop\SIH\3\docking_results\fluoxetine_docked.pdbqt
prednylidene,-6.966,C:\Users\kunsh_ghp5duq\OneDrive\Desktop\SIH\3\docking_results\prednylidene_docked.pdbqt
brotizolam,-6.966,C:\Users\kunsh_ghp5duq\OneDrive\Desktop\SIH\3\docking_results\brotizolam_docked.pdbqt
loflucarban,-6.964,C:\Users\kunsh_ghp5duq\OneDrive\Desktop\SIH\3\docking_results\loflucarban_docked.pdbqt
tiazofurine,-6.964,C:\Users\kunsh_ghp5duq\OneDrive\Desktop\SIH\3\docking_results\tiazofurine_docked.pdbqt
inosine,-6.962,C:\Users\kunsh_ghp5duq\OneDrive\Desktop\SIH\3\docking_results\inosine_docked.pdbqt
methyldopa,-6.96,C:\Users\kunsh_ghp5duq\OneDrive\Desktop\SIH\3\docking_results\methyldopa_docked.pdbqt
emtricitabine,-6.96,C:\Users\kunsh_ghp5duq\OneDrive\Desktop\SIH\3\docking_results\emtricitabine_docked.pdbqt
xenbucin,-6.96,C:\Users\kunsh_ghp5duq\OneDrive\Desktop\SIH\3\docking_results\xenbucin_docked.pdbqt
chlorazanil,-6.958,C:\Users\kunsh_ghp5duq\OneDrive\Desktop\SIH\3\docking_results\chlorazanil_docked.pdbqt
rosiglitazone,-6.958,C:\Users\kunsh_ghp5duq\OneDrive\Desktop\SIH\3\docking_results\rosiglitazone_docked.pdbqt
denopamine,-6.958,C:\Users\kunsh_ghp5duq\OneDrive\Desktop\SIH\3\docking_results\denopamine_docked.pdbqt
letermovir,-6.958,C:\Users\kunsh_ghp5duq\OneDrive\Desktop\SIH\3\docking_results\letermovir_docked.pdbqt
indoramin,-6.957,C:\Users\kunsh_ghp5duq\OneDrive\Desktop\SIH\3\docking_results\indoramin_docked.pdbqt
roflumilast,-6.957,C:\Users\kunsh_ghp5duq\OneDrive\Desktop\SIH\3\docking_results\roflumilast_docked.pdbqt
norvinisterone,-6.956,C:\Users\kunsh_ghp5duq\OneDrive\Desktop\SIH\3\docking_results\norvinisterone_docked.pdbqt
chloroprednisone,-6.956,C:\Users\kunsh_ghp5duq\OneDrive\Desktop\SIH\3\docking_results\chloroprednisone_docked.pdbqt
cyclandelate,-6.955,C:\Users\kunsh_ghp5duq\OneDrive\Desktop\SIH\3\docking_results\cyclandelate_docked.pdbqt
piroxicam,-6.954,C:\Users\kunsh_ghp5duq\OneDrive\Desktop\SIH\3\docking_results\piroxicam_docked.pdbqt
toliprolol,-6.954,C:\Users\kunsh_ghp5duq\OneDrive\Desktop\SIH\3\docking_results\toliprolol_docked.pdbqt
sulfisomidine,-6.954,C:\Users\kunsh_ghp5duq\OneDrive\Desktop\SIH\3\docking_results\sulfisomidine_docked.pdbqt
methocarbamol,-6.952,C:\Users\kunsh_ghp5duq\OneDrive\Desktop\SIH\3\docking_results\methocarbamol_docked.pdbqt
nifuratel,-6.95,C:\Users\kunsh_ghp5duq\OneDrive\Desktop\SIH\3\docking_results\nifuratel_docked.pdbqt
hexamidine,-6.95,C:\Users\kunsh_ghp5duq\OneDrive\Desktop\SIH\3\docking_results\hexamidine_docked.pdbqt
mequitazine,-6.95,C:\Users\kunsh_ghp5duq\OneDrive\Desktop\SIH\3\docking_results\mequitazine_docked.pdbqt
sulfamoxole,-6.95,C:\Users\kunsh_ghp5duq\OneDrive\Desktop\SIH\3\docking_results\sulfamoxole_docked.pdbqt
samidorphan,-6.948,C:\Users\kunsh_ghp5duq\OneDrive\Desktop\SIH\3\docking_results\samidorphan_docked.pdbqt
flutrimazole,-6.948,C:\Users\kunsh_ghp5duq\OneDrive\Desktop\SIH\3\docking_results\flutrimazole_docked.pdbqt
formebolone,-6.948,C:\Users\kunsh_ghp5duq\OneDrive\Desktop\SIH\3\docking_results\formebolone_docked.pdbqt
diseptal_B,-6.948,C:\Users\kunsh_ghp5duq\OneDrive\Desktop\SIH\3\docking_results\diseptal_B_docked.pdbqt
etimicin,-6.946,C:\Users\kunsh_ghp5duq\OneDrive\Desktop\SIH\3\docking_results\etimicin_docked.pdbqt
eseridine,-6.946,C:\Users\kunsh_ghp5duq\OneDrive\Desktop\SIH\3\docking_results\eseridine_docked.pdbqt
alfaxalone,-6.945,C:\Users\kunsh_ghp5duq\OneDrive\Desktop\SIH\3\docking_results\alfaxalone_docked.pdbqt
etymemazine,-6.944,C:\Users\kunsh_ghp5duq\OneDrive\Desktop\SIH\3\docking_results\etymemazine_docked.pdbqt
indecainide,-6.944,C:\Users\kunsh_ghp5duq\OneDrive\Desktop\SIH\3\docking_results\indecainide_docked.pdbqt
benzoctamine,-6.943,C:\Users\kunsh_ghp5duq\OneDrive\Desktop\SIH\3\docking_results\benzoctamine_docked.pdbqt
pimefylline,-6.941,C:\Users\kunsh_ghp5duq\OneDrive\Desktop\SIH\3\docking_results\pimefylline_docked.pdbqt
furazolidone,-6.939,C:\Users\kunsh_ghp5duq\OneDrive\Desktop\SIH\3\docking_results\furazolidone_docked.pdbqt
dioxaphetyl_butyrate,-6.938,C:\Users\kunsh_ghp5duq\OneDrive\Desktop\SIH\3\docking_results\dioxaphetyl_butyrate_docked.pdbqt
atovaquone,-6.938,C:\Users\kunsh_ghp5duq\OneDrive\Desktop\SIH\3\docking_results\atovaquone_docked.pdbqt
uridine_triacetate,-6.937,C:\Users\kunsh_ghp5duq\OneDrive\Desktop\SIH\3\docking_results\uridine_triacetate_docked.pdbqt
penciclovir,-6.937,C:\Users\kunsh_ghp5duq\OneDrive\Desktop\SIH\3\docking_results\penciclovir_docked.pdbqt
cloranolol,-6.936,C:\Users\kunsh_ghp5duq\OneDrive\Desktop\SIH\3\docking_results\cloranolol_docked.pdbqt
mephenesin_carbamate,-6.936,C:\Users\kunsh_ghp5duq\OneDrive\Desktop\SIH\3\docking_results\mephenesin_carbamate_docked.pdbqt
liranaftate,-6.935,C:\Users\kunsh_ghp5duq\OneDrive\Desktop\SIH\3\docking_results\liranaftate_docked.pdbqt
febuxostat,-6.93,C:\Users\kunsh_ghp5duq\OneDrive\Desktop\SIH\3\docking_results\febuxostat_docked.pdbqt
guanfacine,-6.93,C:\Users\kunsh_ghp5duq\OneDrive\Desktop\SIH\3\docking_results\guanfacine_docked.pdbqt
levodropropizine,-6.93,C:\Users\kunsh_ghp5duq\OneDrive\Desktop\SIH\3\docking_results\levodropropizine_docked.pdbqt
fludrocortisone_acetate,-6.929,C:\Users\kunsh_ghp5duq\OneDrive\Desktop\SIH\3\docking_results\fludrocortisone_acetate_docked.pdbqt
penbutolol,-6.929,C:\Users\kunsh_ghp5duq\OneDrive\Desktop\SIH\3\docking_results\penbutolol_docked.pdbqt
clopirac,-6.929,C:\Users\kunsh_ghp5duq\OneDrive\Desktop\SIH\3\docking_results\clopirac_docked.pdbqt
indobufen,-6.929,C:\Users\kunsh_ghp5duq\OneDrive\Desktop\SIH\3\docking_results\indobufen_docked.pdbqt
viloxazine,-6.928,C:\Users\kunsh_ghp5duq\OneDrive\Desktop\SIH\3\docking_results\viloxazine_docked.pdbqt
fenbutrazate,-6.928,C:\Users\kunsh_ghp5duq\OneDrive\Desktop\SIH\3\docking_results\fenbutrazate_docked.pdbqt
piroctone,-6.927,C:\Users\kunsh_ghp5duq\OneDrive\Desktop\SIH\3\docking_results\piroctone_docked.pdbqt
cetoxime,-6.927,C:\Users\kunsh_ghp5duq\OneDrive\Desktop\SIH\3\docking_results\cetoxime_docked.pdbqt
naphazoline,-6.927,C:\Users\kunsh_ghp5duq\OneDrive\Desktop\SIH\3\docking_results\naphazoline_docked.pdbqt
dibenzepin,-6.926,C:\Users\kunsh_ghp5duq\OneDrive\Desktop\SIH\3\docking_results\dibenzepin_docked.pdbqt
bumadizone,-6.924,C:\Users\kunsh_ghp5duq\OneDrive\Desktop\SIH\3\docking_results\bumadizone_docked.pdbqt
alitretinoin,-6.924,C:\Users\kunsh_ghp5duq\OneDrive\Desktop\SIH\3\docking_results\alitretinoin_docked.pdbqt
ramelteon,-6.924,C:\Users\kunsh_ghp5duq\OneDrive\Desktop\SIH\3\docking_results\ramelteon_docked.pdbqt
bucumolol,-6.924,C:\Users\kunsh_ghp5duq\OneDrive\Desktop\SIH\3\docking_results\bucumolol_docked.pdbqt
tacrine,-6.923,C:\Users\kunsh_ghp5duq\OneDrive\Desktop\SIH\3\docking_results\tacrine_docked.pdbqt
citalopram,-6.923,C:\Users\kunsh_ghp5duq\OneDrive\Desktop\SIH\3\docking_results\citalopram_docked.pdbqt
pheneturide,-6.922,C:\Users\kunsh_ghp5duq\OneDrive\Desktop\SIH\3\docking_results\pheneturide_docked.pdbqt
macitentan,-6.92,C:\Users\kunsh_ghp5duq\OneDrive\Desktop\SIH\3\docking_results\macitentan_docked.pdbqt
methyltestosterone,-6.92,C:\Users\kunsh_ghp5duq\OneDrive\Desktop\SIH\3\docking_results\methyltestosterone_docked.pdbqt
azapetine,-6.92,C:\Users\kunsh_ghp5duq\OneDrive\Desktop\SIH\3\docking_results\azapetine_docked.pdbqt
clorazepate,-6.919,C:\Users\kunsh_ghp5duq\OneDrive\Desktop\SIH\3\docking_results\clorazepate_docked.pdbqt
clotrimazole,-6.918,C:\Users\kunsh_ghp5duq\OneDrive\Desktop\SIH\3\docking_results\clotrimazole_docked.pdbqt
deutetrabenazine,-6.917,C:\Users\kunsh_ghp5duq\OneDrive\Desktop\SIH\3\docking_results\deutetrabenazine_docked.pdbqt
propranolol,-6.917,C:\Users\kunsh_ghp5duq\OneDrive\Desktop\SIH\3\docking_results\propranolol_docked.pdbqt
toloxatone,-6.917,C:\Users\kunsh_ghp5duq\OneDrive\Desktop\SIH\3\docking_results\toloxatone_docked.pdbqt
triclabendazole,-6.916,C:\Users\kunsh_ghp5duq\OneDrive\Desktop\SIH\3\docking_results\triclabendazole_docked.pdbqt
saroglitazar,-6.916,C:\Users\kunsh_ghp5duq\OneDrive\Desktop\SIH\3\docking_results\saroglitazar_docked.pdbqt
ibuprofen_piconol,-6.915,C:\Users\kunsh_ghp5duq\OneDrive\Desktop\SIH\3\docking_results\ibuprofen_piconol_docked.pdbqt
sotalol,-6.914,C:\Users\kunsh_ghp5duq\OneDrive\Desktop\SIH\3\docking_results\sotalol_docked.pdbqt
sulfaperin,-6.914,C:\Users\kunsh_ghp5duq\OneDrive\Desktop\SIH\3\docking_results\sulfaperin_docked.pdbqt
xamoterol,-6.913,C:\Users\kunsh_ghp5duq\OneDrive\Desktop\SIH\3\docking_results\xamoterol_docked.pdbqt
cyclodrine,-6.913,C:\Users\kunsh_ghp5duq\OneDrive\Desktop\SIH\3\docking_results\cyclodrine_docked.pdbqt
viquidil,-6.913,C:\Users\kunsh_ghp5duq\OneDrive\Desktop\SIH\3\docking_results\viquidil_docked.pdbqt
acepromazine,-6.911,C:\Users\kunsh_ghp5duq\OneDrive\Desktop\SIH\3\docking_results\acepromazine_docked.pdbqt
debrisoquine,-6.911,C:\Users\kunsh_ghp5duq\OneDrive\Desktop\SIH\3\docking_results\debrisoquine_docked.pdbqt
bufuralol,-6.91,C:\Users\kunsh_ghp5duq\OneDrive\Desktop\SIH\3\docking_results\bufuralol_docked.pdbqt
clorexolone,-6.909,C:\Users\kunsh_ghp5duq\OneDrive\Desktop\SIH\3\docking_results\clorexolone_docked.pdbqt
agomelatine,-6.908,C:\Users\kunsh_ghp5duq\OneDrive\Desktop\SIH\3\docking_results\agomelatine_docked.pdbqt
aminoacridine,-6.908,C:\Users\kunsh_ghp5duq\OneDrive\Desktop\SIH\3\docking_results\aminoacridine_docked.pdbqt
fenofibrate,-6.908,C:\Users\kunsh_ghp5duq\OneDrive\Desktop\SIH\3\docking_results\fenofibrate_docked.pdbqt
duloxetine,-6.907,C:\Users\kunsh_ghp5duq\OneDrive\Desktop\SIH\3\docking_results\duloxetine_docked.pdbqt
dydrogesterone,-6.907,C:\Users\kunsh_ghp5duq\OneDrive\Desktop\SIH\3\docking_results\dydrogesterone_docked.pdbqt
sulfameter,-6.906,C:\Users\kunsh_ghp5duq\OneDrive\Desktop\SIH\3\docking_results\sulfameter_docked.pdbqt
buspirone,-6.906,C:\Users\kunsh_ghp5duq\OneDrive\Desktop\SIH\3\docking_results\buspirone_docked.pdbqt
flutamide,-6.905,C:\Users\kunsh_ghp5duq\OneDrive\Desktop\SIH\3\docking_results\flutamide_docked.pdbqt
gemfibrozil,-6.905,C:\Users\kunsh_ghp5duq\OneDrive\Desktop\SIH\3\docking_results\gemfibrozil_docked.pdbqt
escitalopram,-6.905,C:\Users\kunsh_ghp5duq\OneDrive\Desktop\SIH\3\docking_results\escitalopram_docked.pdbqt
phanquinone,-6.904,C:\Users\kunsh_ghp5duq\OneDrive\Desktop\SIH\3\docking_results\phanquinone_docked.pdbqt
brovincamine,-6.901,C:\Users\kunsh_ghp5duq\OneDrive\Desktop\SIH\3\docking_results\brovincamine_docked.pdbqt
fenticlor,-6.9,C:\Users\kunsh_ghp5duq\OneDrive\Desktop\SIH\3\docking_results\fenticlor_docked.pdbqt
tioconazole,-6.9,C:\Users\kunsh_ghp5duq\OneDrive\Desktop\SIH\3\docking_results\tioconazole_docked.pdbqt
biotin,-6.9,C:\Users\kunsh_ghp5duq\OneDrive\Desktop\SIH\3\docking_results\biotin_docked.pdbqt
reboxetine,-6.899,C:\Users\kunsh_ghp5duq\OneDrive\Desktop\SIH\3\docking_results\reboxetine_docked.pdbqt
isoflupredone_acetate,-6.896,C:\Users\kunsh_ghp5duq\OneDrive\Desktop\SIH\3\docking_results\isoflupredone_acetate_docked.pdbqt
spizofurone,-6.893,C:\Users\kunsh_ghp5duq\OneDrive\Desktop\SIH\3\docking_results\spizofurone_docked.pdbqt
ospemifene,-6.892,C:\Users\kunsh_ghp5duq\OneDrive\Desktop\SIH\3\docking_results\ospemifene_docked.pdbqt
pipethanate,-6.892,C:\Users\kunsh_ghp5duq\OneDrive\Desktop\SIH\3\docking_results\pipethanate_docked.pdbqt
ceftizoxime,-6.891,C:\Users\kunsh_ghp5duq\OneDrive\Desktop\SIH\3\docking_results\ceftizoxime_docked.pdbqt
ticlopidine,-6.89,C:\Users\kunsh_ghp5duq\OneDrive\Desktop\SIH\3\docking_results\ticlopidine_docked.pdbqt
phethenylate,-6.886,C:\Users\kunsh_ghp5duq\OneDrive\Desktop\SIH\3\docking_results\phethenylate_docked.pdbqt
bamipine,-6.884,C:\Users\kunsh_ghp5duq\OneDrive\Desktop\SIH\3\docking_results\bamipine_docked.pdbqt
diprophylline,-6.884,C:\Users\kunsh_ghp5duq\OneDrive\Desktop\SIH\3\docking_results\diprophylline_docked.pdbqt
olanexidine,-6.883,C:\Users\kunsh_ghp5duq\OneDrive\Desktop\SIH\3\docking_results\olanexidine_docked.pdbqt
fenyramidol,-6.883,C:\Users\kunsh_ghp5duq\OneDrive\Desktop\SIH\3\docking_results\fenyramidol_docked.pdbqt
befunolol,-6.881,C:\Users\kunsh_ghp5duq\OneDrive\Desktop\SIH\3\docking_results\befunolol_docked.pdbqt
enprostil,-6.881,C:\Users\kunsh_ghp5duq\OneDrive\Desktop\SIH\3\docking_results\enprostil_docked.pdbqt
fluocinolone_acetonide,-6.88,C:\Users\kunsh_ghp5duq\OneDrive\Desktop\SIH\3\docking_results\fluocinolone_acetonide_docked.pdbqt
olanzapine,-6.879,C:\Users\kunsh_ghp5duq\OneDrive\Desktop\SIH\3\docking_results\olanzapine_docked.pdbqt
glymidine,-6.878,C:\Users\kunsh_ghp5duq\OneDrive\Desktop\SIH\3\docking_results\glymidine_docked.pdbqt
butidrine,-6.877,C:\Users\kunsh_ghp5duq\OneDrive\Desktop\SIH\3\docking_results\butidrine_docked.pdbqt
meradimate,-6.877,C:\Users\kunsh_ghp5duq\OneDrive\Desktop\SIH\3\docking_results\meradimate_docked.pdbqt
cloperastine,-6.877,C:\Users\kunsh_ghp5duq\OneDrive\Desktop\SIH\3\docking_results\cloperastine_docked.pdbqt
sulfamidochrysoidine,-6.875,C:\Users\kunsh_ghp5duq\OneDrive\Desktop\SIH\3\docking_results\sulfamidochrysoidine_docked.pdbqt
acadesine,-6.873,C:\Users\kunsh_ghp5duq\OneDrive\Desktop\SIH\3\docking_results\acadesine_docked.pdbqt
sulfamethoxazole,-6.871,C:\Users\kunsh_ghp5duq\OneDrive\Desktop\SIH\3\docking_results\sulfamethoxazole_docked.pdbqt
tryptophan,-6.871,C:\Users\kunsh_ghp5duq\OneDrive\Desktop\SIH\3\docking_results\tryptophan_docked.pdbqt
ethisterone,-6.869,C:\Users\kunsh_ghp5duq\OneDrive\Desktop\SIH\3\docking_results\ethisterone_docked.pdbqt
rufloxacin,-6.869,C:\Users\kunsh_ghp5duq\OneDrive\Desktop\SIH\3\docking_results\rufloxacin_docked.pdbqt
arbutamine,-6.866,C:\Users\kunsh_ghp5duq\OneDrive\Desktop\SIH\3\docking_results\arbutamine_docked.pdbqt
nitracrine,-6.866,C:\Users\kunsh_ghp5duq\OneDrive\Desktop\SIH\3\docking_results\nitracrine_docked.pdbqt
pirmenol,-6.865,C:\Users\kunsh_ghp5duq\OneDrive\Desktop\SIH\3\docking_results\pirmenol_docked.pdbqt
mepindolol,-6.865,C:\Users\kunsh_ghp5duq\OneDrive\Desktop\SIH\3\docking_results\mepindolol_docked.pdbqt
mesterolone,-6.865,C:\Users\kunsh_ghp5duq\OneDrive\Desktop\SIH\3\docking_results\mesterolone_docked.pdbqt
eprazinone,-6.865,C:\Users\kunsh_ghp5duq\OneDrive\Desktop\SIH\3\docking_results\eprazinone_docked.pdbqt
cyclopentobarbital,-6.863,C:\Users\kunsh_ghp5duq\OneDrive\Desktop\SIH\3\docking_results\cyclopentobarbital_docked.pdbqt
benoxaprofen,-6.862,C:\Users\kunsh_ghp5duq\OneDrive\Desktop\SIH\3\docking_results\benoxaprofen_docked.pdbqt
sulfapyridine,-6.861,C:\Users\kunsh_ghp5duq\OneDrive\Desktop\SIH\3\docking_results\sulfapyridine_docked.pdbqt
sulfasymazine,-6.861,C:\Users\kunsh_ghp5duq\OneDrive\Desktop\SIH\3\docking_results\sulfasymazine_docked.pdbqt
etoperidone,-6.861,C:\Users\kunsh_ghp5duq\OneDrive\Desktop\SIH\3\docking_results\etoperidone_docked.pdbqt
tiamiprine,-6.861,C:\Users\kunsh_ghp5duq\OneDrive\Desktop\SIH\3\docking_results\tiamiprine_docked.pdbqt
cyclomethycaine,-6.859,C:\Users\kunsh_ghp5duq\OneDrive\Desktop\SIH\3\docking_results\cyclomethycaine_docked.pdbqt
phenazopyridine,-6.859,C:\Users\kunsh_ghp5duq\OneDrive\Desktop\SIH\3\docking_results\phenazopyridine_docked.pdbqt
heptobarbital,-6.858,C:\Users\kunsh_ghp5duq\OneDrive\Desktop\SIH\3\docking_results\heptobarbital_docked.pdbqt
terbinafine,-6.857,C:\Users\kunsh_ghp5duq\OneDrive\Desktop\SIH\3\docking_results\terbinafine_docked.pdbqt
clevudine,-6.857,C:\Users\kunsh_ghp5duq\OneDrive\Desktop\SIH\3\docking_results\clevudine_docked.pdbqt
tranilast,-6.855,C:\Users\kunsh_ghp5duq\OneDrive\Desktop\SIH\3\docking_results\tranilast_docked.pdbqt
nifurfoline,-6.854,C:\Users\kunsh_ghp5duq\OneDrive\Desktop\SIH\3\docking_results\nifurfoline_docked.pdbqt
moquizone,-6.853,C:\Users\kunsh_ghp5duq\OneDrive\Desktop\SIH\3\docking_results\moquizone_docked.pdbqt
ethyl_dibunate,-6.853,C:\Users\kunsh_ghp5duq\OneDrive\Desktop\SIH\3\docking_results\ethyl_dibunate_docked.pdbqt
chlorquinaldol,-6.851,C:\Users\kunsh_ghp5duq\OneDrive\Desktop\SIH\3\docking_results\chlorquinaldol_docked.pdbqt
amanozine,-6.851,C:\Users\kunsh_ghp5duq\OneDrive\Desktop\SIH\3\docking_results\amanozine_docked.pdbqt
lansoprazole,-6.85,C:\Users\kunsh_ghp5duq\OneDrive\Desktop\SIH\3\docking_results\lansoprazole_docked.pdbqt
camazepam,-6.85,C:\Users\kunsh_ghp5duq\OneDrive\Desktop\SIH\3\docking_results\camazepam_docked.pdbqt
lucanthone,-6.849,C:\Users\kunsh_ghp5duq\OneDrive\Desktop\SIH\3\docking_results\lucanthone_docked.pdbqt
butorphanol,-6.849,C:\Users\kunsh_ghp5duq\OneDrive\Desktop\SIH\3\docking_results\butorphanol_docked.pdbqt
mexazolam,-6.849,C:\Users\kunsh_ghp5duq\OneDrive\Desktop\SIH\3\docking_results\mexazolam_docked.pdbqt
benzoin,-6.849,C:\Users\kunsh_ghp5duq\OneDrive\Desktop\SIH\3\docking_results\benzoin_docked.pdbqt
bolandiol_dipropionate,-6.847,C:\Users\kunsh_ghp5duq\OneDrive\Desktop\SIH\3\docking_results\bolandiol_dipropionate_docked.pdbqt
lacosamide,-6.846,C:\Users\kunsh_ghp5duq\OneDrive\Desktop\SIH\3\docking_results\lacosamide_docked.pdbqt
pinacidil,-6.845,C:\Users\kunsh_ghp5duq\OneDrive\Desktop\SIH\3\docking_results\pinacidil_docked.pdbqt
flosequinan,-6.845,C:\Users\kunsh_ghp5duq\OneDrive\Desktop\SIH\3\docking_results\flosequinan_docked.pdbqt
reposal,-6.845,C:\Users\kunsh_ghp5duq\OneDrive\Desktop\SIH\3\docking_results\reposal_docked.pdbqt
acitretin,-6.844,C:\Users\kunsh_ghp5duq\OneDrive\Desktop\SIH\3\docking_results\acitretin_docked.pdbqt
vidarabine,-6.844,C:\Users\kunsh_ghp5duq\OneDrive\Desktop\SIH\3\docking_results\vidarabine_docked.pdbqt
feprazone,-6.843,C:\Users\kunsh_ghp5duq\OneDrive\Desktop\SIH\3\docking_results\feprazone_docked.pdbqt
cyclobarbital,-6.843,C:\Users\kunsh_ghp5duq\OneDrive\Desktop\SIH\3\docking_results\cyclobarbital_docked.pdbqt
pentamidine,-6.842,C:\Users\kunsh_ghp5duq\OneDrive\Desktop\SIH\3\docking_results\pentamidine_docked.pdbqt
tevenel,-6.842,C:\Users\kunsh_ghp5duq\OneDrive\Desktop\SIH\3\docking_results\tevenel_docked.pdbqt
amfetaminil,-6.841,C:\Users\kunsh_ghp5duq\OneDrive\Desktop\SIH\3\docking_results\amfetaminil_docked.pdbqt
rofecoxib,-6.841,C:\Users\kunsh_ghp5duq\OneDrive\Desktop\SIH\3\docking_results\rofecoxib_docked.pdbqt
seratrodast,-6.841,C:\Users\kunsh_ghp5duq\OneDrive\Desktop\SIH\3\docking_results\seratrodast_docked.pdbqt
nordefrin,-6.84,C:\Users\kunsh_ghp5duq\OneDrive\Desktop\SIH\3\docking_results\nordefrin_docked.pdbqt
pyricarbate,-6.84,C:\Users\kunsh_ghp5duq\OneDrive\Desktop\SIH\3\docking_results\pyricarbate_docked.pdbqt
ibopamine,-6.84,C:\Users\kunsh_ghp5duq\OneDrive\Desktop\SIH\3\docking_results\ibopamine_docked.pdbqt
benzydamine,-6.839,C:\Users\kunsh_ghp5duq\OneDrive\Desktop\SIH\3\docking_results\benzydamine_docked.pdbqt
guabenxan,-6.838,C:\Users\kunsh_ghp5duq\OneDrive\Desktop\SIH\3\docking_results\guabenxan_docked.pdbqt
dimethisterone,-6.838,C:\Users\kunsh_ghp5duq\OneDrive\Desktop\SIH\3\docking_results\dimethisterone_docked.pdbqt
adenosine,-6.838,C:\Users\kunsh_ghp5duq\OneDrive\Desktop\SIH\3\docking_results\adenosine_docked.pdbqt
sulfadimidine,-6.837,C:\Users\kunsh_ghp5duq\OneDrive\Desktop\SIH\3\docking_results\sulfadimidine_docked.pdbqt
ancitabine,-6.837,C:\Users\kunsh_ghp5duq\OneDrive\Desktop\SIH\3\docking_results\ancitabine_docked.pdbqt
clomacran,-6.836,C:\Users\kunsh_ghp5duq\OneDrive\Desktop\SIH\3\docking_results\clomacran_docked.pdbqt
norethandrolone,-6.835,C:\Users\kunsh_ghp5duq\OneDrive\Desktop\SIH\3\docking_results\norethandrolone_docked.pdbqt
bunitrolol,-6.835,C:\Users\kunsh_ghp5duq\OneDrive\Desktop\SIH\3\docking_results\bunitrolol_docked.pdbqt
ritodrine,-6.831,C:\Users\kunsh_ghp5duq\OneDrive\Desktop\SIH\3\docking_results\ritodrine_docked.pdbqt
melatonin,-6.83,C:\Users\kunsh_ghp5duq\OneDrive\Desktop\SIH\3\docking_results\melatonin_docked.pdbqt
nifenazone,-6.829,C:\Users\kunsh_ghp5duq\OneDrive\Desktop\SIH\3\docking_results\nifenazone_docked.pdbqt
eliglustat,-6.829,C:\Users\kunsh_ghp5duq\OneDrive\Desktop\SIH\3\docking_results\eliglustat_docked.pdbqt
stepronin,-6.829,C:\Users\kunsh_ghp5duq\OneDrive\Desktop\SIH\3\docking_results\stepronin_docked.pdbqt
acalabrutinib,-6.829,C:\Users\kunsh_ghp5duq\OneDrive\Desktop\SIH\3\docking_results\acalabrutinib_docked.pdbqt
azaribine,-6.828,C:\Users\kunsh_ghp5duq\OneDrive\Desktop\SIH\3\docking_results\azaribine_docked.pdbqt
rimiterol,-6.826,C:\Users\kunsh_ghp5duq\OneDrive\Desktop\SIH\3\docking_results\rimiterol_docked.pdbqt
nomifensine,-6.825,C:\Users\kunsh_ghp5duq\OneDrive\Desktop\SIH\3\docking_results\nomifensine_docked.pdbqt
bentazepam,-6.825,C:\Users\kunsh_ghp5duq\OneDrive\Desktop\SIH\3\docking_results\bentazepam_docked.pdbqt
fluorodopa__18F_,-6.824,C:\Users\kunsh_ghp5duq\OneDrive\Desktop\SIH\3\docking_results\fluorodopa__18F__docked.pdbqt
nicorandil,-6.824,C:\Users\kunsh_ghp5duq\OneDrive\Desktop\SIH\3\docking_results\nicorandil_docked.pdbqt
morazone,-6.824,C:\Users\kunsh_ghp5duq\OneDrive\Desktop\SIH\3\docking_results\morazone_docked.pdbqt
troxacitabine,-6.821,C:\Users\kunsh_ghp5duq\OneDrive\Desktop\SIH\3\docking_results\troxacitabine_docked.pdbqt
istradefylline,-6.821,C:\Users\kunsh_ghp5duq\OneDrive\Desktop\SIH\3\docking_results\istradefylline_docked.pdbqt
etynodiol,-6.82,C:\Users\kunsh_ghp5duq\OneDrive\Desktop\SIH\3\docking_results\etynodiol_docked.pdbqt
hexylcaine,-6.818,C:\Users\kunsh_ghp5duq\OneDrive\Desktop\SIH\3\docking_results\hexylcaine_docked.pdbqt
bupranolol,-6.818,C:\Users\kunsh_ghp5duq\OneDrive\Desktop\SIH\3\docking_results\bupranolol_docked.pdbqt
homatropine,-6.818,C:\Users\kunsh_ghp5duq\OneDrive\Desktop\SIH\3\docking_results\homatropine_docked.pdbqt
hexobarbital,-6.816,C:\Users\kunsh_ghp5duq\OneDrive\Desktop\SIH\3\docking_results\hexobarbital_docked.pdbqt
guaiacol_carbonate,-6.815,C:\Users\kunsh_ghp5duq\OneDrive\Desktop\SIH\3\docking_results\guaiacol_carbonate_docked.pdbqt
amoscanate,-6.814,C:\Users\kunsh_ghp5duq\OneDrive\Desktop\SIH\3\docking_results\amoscanate_docked.pdbqt
calcifediol,-6.813,C:\Users\kunsh_ghp5duq\OneDrive\Desktop\SIH\3\docking_results\calcifediol_docked.pdbqt
pyritinol,-6.812,C:\Users\kunsh_ghp5duq\OneDrive\Desktop\SIH\3\docking_results\pyritinol_docked.pdbqt
estradiol_dipropionate,-6.811,C:\Users\kunsh_ghp5duq\OneDrive\Desktop\SIH\3\docking_results\estradiol_dipropionate_docked.pdbqt
triamcinolone_hexacetonide,-6.81,C:\Users\kunsh_ghp5duq\OneDrive\Desktop\SIH\3\docking_results\triamcinolone_hexacetonide_docked.pdbqt
ambutonium,-6.81,C:\Users\kunsh_ghp5duq\OneDrive\Desktop\SIH\3\docking_results\ambutonium_docked.pdbqt
meprednisone,-6.81,C:\Users\kunsh_ghp5duq\OneDrive\Desktop\SIH\3\docking_results\meprednisone_docked.pdbqt
tribuzone,-6.809,C:\Users\kunsh_ghp5duq\OneDrive\Desktop\SIH\3\docking_results\tribuzone_docked.pdbqt
triamcinolone,-6.808,C:\Users\kunsh_ghp5duq\OneDrive\Desktop\SIH\3\docking_results\triamcinolone_docked.pdbqt
khellin,-6.807,C:\Users\kunsh_ghp5duq\OneDrive\Desktop\SIH\3\docking_results\khellin_docked.pdbqt
zanubrutinib,-6.807,C:\Users\kunsh_ghp5duq\OneDrive\Desktop\SIH\3\docking_results\zanubrutinib_docked.pdbqt
pidotimod,-6.807,C:\Users\kunsh_ghp5duq\OneDrive\Desktop\SIH\3\docking_results\pidotimod_docked.pdbqt
vincamine,-6.806,C:\Users\kunsh_ghp5duq\OneDrive\Desktop\SIH\3\docking_results\vincamine_docked.pdbqt
tizanidine,-6.806,C:\Users\kunsh_ghp5duq\OneDrive\Desktop\SIH\3\docking_results\tizanidine_docked.pdbqt
levodopa,-6.803,C:\Users\kunsh_ghp5duq\OneDrive\Desktop\SIH\3\docking_results\levodopa_docked.pdbqt
ropivacaine,-6.803,C:\Users\kunsh_ghp5duq\OneDrive\Desktop\SIH\3\docking_results\ropivacaine_docked.pdbqt
erdafitinib,-6.802,C:\Users\kunsh_ghp5duq\OneDrive\Desktop\SIH\3\docking_results\erdafitinib_docked.pdbqt
sulfadiazine,-6.798,C:\Users\kunsh_ghp5duq\OneDrive\Desktop\SIH\3\docking_results\sulfadiazine_docked.pdbqt
racecadotril,-6.798,C:\Users\kunsh_ghp5duq\OneDrive\Desktop\SIH\3\docking_results\racecadotril_docked.pdbqt
medrysone,-6.796,C:\Users\kunsh_ghp5duq\OneDrive\Desktop\SIH\3\docking_results\medrysone_docked.pdbqt
chlormezanone,-6.795,C:\Users\kunsh_ghp5duq\OneDrive\Desktop\SIH\3\docking_results\chlormezanone_docked.pdbqt
inaperisone,-6.794,C:\Users\kunsh_ghp5duq\OneDrive\Desktop\SIH\3\docking_results\inaperisone_docked.pdbqt
mitoguazone,-6.793,C:\Users\kunsh_ghp5duq\OneDrive\Desktop\SIH\3\docking_results\mitoguazone_docked.pdbqt
kinetin,-6.793,C:\Users\kunsh_ghp5duq\OneDrive\Desktop\SIH\3\docking_results\kinetin_docked.pdbqt
pyridoxal_phosphate,-6.792,C:\Users\kunsh_ghp5duq\OneDrive\Desktop\SIH\3\docking_results\pyridoxal_phosphate_docked.pdbqt
penmesterol,-6.792,C:\Users\kunsh_ghp5duq\OneDrive\Desktop\SIH\3\docking_results\penmesterol_docked.pdbqt
sulfamethylthiazole,-6.791,C:\Users\kunsh_ghp5duq\OneDrive\Desktop\SIH\3\docking_results\sulfamethylthiazole_docked.pdbqt
dexrabeprazole,-6.791,C:\Users\kunsh_ghp5duq\OneDrive\Desktop\SIH\3\docking_results\dexrabeprazole_docked.pdbqt
metopon,-6.79,C:\Users\kunsh_ghp5duq\OneDrive\Desktop\SIH\3\docking_results\metopon_docked.pdbqt
fenozolone,-6.787,C:\Users\kunsh_ghp5duq\OneDrive\Desktop\SIH\3\docking_results\fenozolone_docked.pdbqt
rabeprazole,-6.787,C:\Users\kunsh_ghp5duq\OneDrive\Desktop\SIH\3\docking_results\rabeprazole_docked.pdbqt
lamivudine,-6.786,C:\Users\kunsh_ghp5duq\OneDrive\Desktop\SIH\3\docking_results\lamivudine_docked.pdbqt
ripretinib,-6.786,C:\Users\kunsh_ghp5duq\OneDrive\Desktop\SIH\3\docking_results\ripretinib_docked.pdbqt
aminohippuric_acid,-6.786,C:\Users\kunsh_ghp5duq\OneDrive\Desktop\SIH\3\docking_results\aminohippuric_acid_docked.pdbqt
primaquine,-6.784,C:\Users\kunsh_ghp5duq\OneDrive\Desktop\SIH\3\docking_results\primaquine_docked.pdbqt
phenosulfazole,-6.784,C:\Users\kunsh_ghp5duq\OneDrive\Desktop\SIH\3\docking_results\phenosulfazole_docked.pdbqt
xylometazoline,-6.784,C:\Users\kunsh_ghp5duq\OneDrive\Desktop\SIH\3\docking_results\xylometazoline_docked.pdbqt
dexamethasone,-6.783,C:\Users\kunsh_ghp5duq\OneDrive\Desktop\SIH\3\docking_results\dexamethasone_docked.pdbqt
tienilic_acid,-6.783,C:\Users\kunsh_ghp5duq\OneDrive\Desktop\SIH\3\docking_results\tienilic_acid_docked.pdbqt
fenpiprane,-6.782,C:\Users\kunsh_ghp5duq\OneDrive\Desktop\SIH\3\docking_results\fenpiprane_docked.pdbqt
metirosine,-6.782,C:\Users\kunsh_ghp5duq\OneDrive\Desktop\SIH\3\docking_results\metirosine_docked.pdbqt
carbaryl,-6.781,C:\Users\kunsh_ghp5duq\OneDrive\Desktop\SIH\3\docking_results\carbaryl_docked.pdbqt
methestrol,-6.781,C:\Users\kunsh_ghp5duq\OneDrive\Desktop\SIH\3\docking_results\methestrol_docked.pdbqt
idrocilamide,-6.781,C:\Users\kunsh_ghp5duq\OneDrive\Desktop\SIH\3\docking_results\idrocilamide_docked.pdbqt
tazobactam,-6.781,C:\Users\kunsh_ghp5duq\OneDrive\Desktop\SIH\3\docking_results\tazobactam_docked.pdbqt
fleroxacin,-6.781,C:\Users\kunsh_ghp5duq\OneDrive\Desktop\SIH\3\docking_results\fleroxacin_docked.pdbqt
fendiline,-6.78,C:\Users\kunsh_ghp5duq\OneDrive\Desktop\SIH\3\docking_results\fendiline_docked.pdbqt
sulfasomizole,-6.778,C:\Users\kunsh_ghp5duq\OneDrive\Desktop\SIH\3\docking_results\sulfasomizole_docked.pdbqt
lomifylline,-6.777,C:\Users\kunsh_ghp5duq\OneDrive\Desktop\SIH\3\docking_results\lomifylline_docked.pdbqt
bucricaine,-6.775,C:\Users\kunsh_ghp5duq\OneDrive\Desktop\SIH\3\docking_results\bucricaine_docked.pdbqt
azapropazone,-6.774,C:\Users\kunsh_ghp5duq\OneDrive\Desktop\SIH\3\docking_results\azapropazone_docked.pdbqt
bopindolol,-6.771,C:\Users\kunsh_ghp5duq\OneDrive\Desktop\SIH\3\docking_results\bopindolol_docked.pdbqt
bufexamac,-6.77,C:\Users\kunsh_ghp5duq\OneDrive\Desktop\SIH\3\docking_results\bufexamac_docked.pdbqt
hydroflumethiazide,-6.77,C:\Users\kunsh_ghp5duq\OneDrive\Desktop\SIH\3\docking_results\hydroflumethiazide_docked.pdbqt
menadione,-6.769,C:\Users\kunsh_ghp5duq\OneDrive\Desktop\SIH\3\docking_results\menadione_docked.pdbqt
diloxanide_furoate,-6.769,C:\Users\kunsh_ghp5duq\OneDrive\Desktop\SIH\3\docking_results\diloxanide_furoate_docked.pdbqt
metandienone,-6.768,C:\Users\kunsh_ghp5duq\OneDrive\Desktop\SIH\3\docking_results\metandienone_docked.pdbqt
difemetorex,-6.768,C:\Users\kunsh_ghp5duq\OneDrive\Desktop\SIH\3\docking_results\difemetorex_docked.pdbqt
taurosteine,-6.767,C:\Users\kunsh_ghp5duq\OneDrive\Desktop\SIH\3\docking_results\taurosteine_docked.pdbqt
trilostane,-6.764,C:\Users\kunsh_ghp5duq\OneDrive\Desktop\SIH\3\docking_results\trilostane_docked.pdbqt
thioridazine,-6.764,C:\Users\kunsh_ghp5duq\OneDrive\Desktop\SIH\3\docking_results\thioridazine_docked.pdbqt
fluclorolone,-6.763,C:\Users\kunsh_ghp5duq\OneDrive\Desktop\SIH\3\docking_results\fluclorolone_docked.pdbqt
tolbutamide,-6.763,C:\Users\kunsh_ghp5duq\OneDrive\Desktop\SIH\3\docking_results\tolbutamide_docked.pdbqt
aminopropylone,-6.763,C:\Users\kunsh_ghp5duq\OneDrive\Desktop\SIH\3\docking_results\aminopropylone_docked.pdbqt
dimetindene,-6.762,C:\Users\kunsh_ghp5duq\OneDrive\Desktop\SIH\3\docking_results\dimetindene_docked.pdbqt
tafluprost,-6.762,C:\Users\kunsh_ghp5duq\OneDrive\Desktop\SIH\3\docking_results\tafluprost_docked.pdbqt
teprenone,-6.761,C:\Users\kunsh_ghp5duq\OneDrive\Desktop\SIH\3\docking_results\teprenone_docked.pdbqt
bevantolol,-6.761,C:\Users\kunsh_ghp5duq\OneDrive\Desktop\SIH\3\docking_results\bevantolol_docked.pdbqt
levomepromazine,-6.761,C:\Users\kunsh_ghp5duq\OneDrive\Desktop\SIH\3\docking_results\levomepromazine_docked.pdbqt
actarit,-6.759,C:\Users\kunsh_ghp5duq\OneDrive\Desktop\SIH\3\docking_results\actarit_docked.pdbqt
tinoridine,-6.758,C:\Users\kunsh_ghp5duq\OneDrive\Desktop\SIH\3\docking_results\tinoridine_docked.pdbqt
cyclopentolate,-6.757,C:\Users\kunsh_ghp5duq\OneDrive\Desktop\SIH\3\docking_results\cyclopentolate_docked.pdbqt
procodazole,-6.756,C:\Users\kunsh_ghp5duq\OneDrive\Desktop\SIH\3\docking_results\procodazole_docked.pdbqt
disofenin,-6.754,C:\Users\kunsh_ghp5duq\OneDrive\Desktop\SIH\3\docking_results\disofenin_docked.pdbqt
sparteine,-6.754,C:\Users\kunsh_ghp5duq\OneDrive\Desktop\SIH\3\docking_results\sparteine_docked.pdbqt
alprenolol,-6.752,C:\Users\kunsh_ghp5duq\OneDrive\Desktop\SIH\3\docking_results\alprenolol_docked.pdbqt
lisuride,-6.751,C:\Users\kunsh_ghp5duq\OneDrive\Desktop\SIH\3\docking_results\lisuride_docked.pdbqt
isosorbide_dinitrate,-6.75,C:\Users\kunsh_ghp5duq\OneDrive\Desktop\SIH\3\docking_results\isosorbide_dinitrate_docked.pdbqt
gemcitabine,-6.749,C:\Users\kunsh_ghp5duq\OneDrive\Desktop\SIH\3\docking_results\gemcitabine_docked.pdbqt
alfuzosin,-6.749,C:\Users\kunsh_ghp5duq\OneDrive\Desktop\SIH\3\docking_results\alfuzosin_docked.pdbqt
misoprostol,-6.747,C:\Users\kunsh_ghp5duq\OneDrive\Desktop\SIH\3\docking_results\misoprostol_docked.pdbqt
disufenton,-6.743,C:\Users\kunsh_ghp5duq\OneDrive\Desktop\SIH\3\docking_results\disufenton_docked.pdbqt
anileridine,-6.742,C:\Users\kunsh_ghp5duq\OneDrive\Desktop\SIH\3\docking_results\anileridine_docked.pdbqt
sulfaethidole,-6.74,C:\Users\kunsh_ghp5duq\OneDrive\Desktop\SIH\3\docking_results\sulfaethidole_docked.pdbqt
mofebutazone,-6.74,C:\Users\kunsh_ghp5duq\OneDrive\Desktop\SIH\3\docking_results\mofebutazone_docked.pdbqt
haloperidol,-6.739,C:\Users\kunsh_ghp5duq\OneDrive\Desktop\SIH\3\docking_results\haloperidol_docked.pdbqt
nepinalone,-6.739,C:\Users\kunsh_ghp5duq\OneDrive\Desktop\SIH\3\docking_results\nepinalone_docked.pdbqt
ubrogepant,-6.738,C:\Users\kunsh_ghp5duq\OneDrive\Desktop\SIH\3\docking_results\ubrogepant_docked.pdbqt
dropropizine,-6.737,C:\Users\kunsh_ghp5duq\OneDrive\Desktop\SIH\3\docking_results\dropropizine_docked.pdbqt
etofibrate,-6.735,C:\Users\kunsh_ghp5duq\OneDrive\Desktop\SIH\3\docking_results\etofibrate_docked.pdbqt
albendazole,-6.735,C:\Users\kunsh_ghp5duq\OneDrive\Desktop\SIH\3\docking_results\albendazole_docked.pdbqt
lorcainide,-6.734,C:\Users\kunsh_ghp5duq\OneDrive\Desktop\SIH\3\docking_results\lorcainide_docked.pdbqt
antazoline,-6.734,C:\Users\kunsh_ghp5duq\OneDrive\Desktop\SIH\3\docking_results\antazoline_docked.pdbqt
pyrvinium,-6.732,C:\Users\kunsh_ghp5duq\OneDrive\Desktop\SIH\3\docking_results\pyrvinium_docked.pdbqt
dopexamine,-6.731,C:\Users\kunsh_ghp5duq\OneDrive\Desktop\SIH\3\docking_results\dopexamine_docked.pdbqt
varenicline,-6.73,C:\Users\kunsh_ghp5duq\OneDrive\Desktop\SIH\3\docking_results\varenicline_docked.pdbqt
probenecid,-6.73,C:\Users\kunsh_ghp5duq\OneDrive\Desktop\SIH\3\docking_results\probenecid_docked.pdbqt
topiramate,-6.73,C:\Users\kunsh_ghp5duq\OneDrive\Desktop\SIH\3\docking_results\topiramate_docked.pdbqt
hydroxyzine,-6.729,C:\Users\kunsh_ghp5duq\OneDrive\Desktop\SIH\3\docking_results\hydroxyzine_docked.pdbqt
luliconazole,-6.729,C:\Users\kunsh_ghp5duq\OneDrive\Desktop\SIH\3\docking_results\luliconazole_docked.pdbqt
lauroguadine,-6.727,C:\Users\kunsh_ghp5duq\OneDrive\Desktop\SIH\3\docking_results\lauroguadine_docked.pdbqt
doxifluridine,-6.726,C:\Users\kunsh_ghp5duq\OneDrive\Desktop\SIH\3\docking_results\doxifluridine_docked.pdbqt
prenalterol,-6.726,C:\Users\kunsh_ghp5duq\OneDrive\Desktop\SIH\3\docking_results\prenalterol_docked.pdbqt
atropine,-6.723,C:\Users\kunsh_ghp5duq\OneDrive\Desktop\SIH\3\docking_results\atropine_docked.pdbqt
aminosalicylic_acid_hydrazide,-6.723,C:\Users\kunsh_ghp5duq\OneDrive\Desktop\SIH\3\docking_results\aminosalicylic_acid_hydrazide_docked.pdbqt
propipocaine,-6.722,C:\Users\kunsh_ghp5duq\OneDrive\Desktop\SIH\3\docking_results\propipocaine_docked.pdbqt
metipranolol,-6.718,C:\Users\kunsh_ghp5duq\OneDrive\Desktop\SIH\3\docking_results\metipranolol_docked.pdbqt
niridazole,-6.717,C:\Users\kunsh_ghp5duq\OneDrive\Desktop\SIH\3\docking_results\niridazole_docked.pdbqt
tasimelteon,-6.716,C:\Users\kunsh_ghp5duq\OneDrive\Desktop\SIH\3\docking_results\tasimelteon_docked.pdbqt
ethoxzolamide,-6.716,C:\Users\kunsh_ghp5duq\OneDrive\Desktop\SIH\3\docking_results\ethoxzolamide_docked.pdbqt
bumetanide,-6.713,C:\Users\kunsh_ghp5duq\OneDrive\Desktop\SIH\3\docking_results\bumetanide_docked.pdbqt
isradipine,-6.712,C:\Users\kunsh_ghp5duq\OneDrive\Desktop\SIH\3\docking_results\isradipine_docked.pdbqt
chlorprothixene,-6.712,C:\Users\kunsh_ghp5duq\OneDrive\Desktop\SIH\3\docking_results\chlorprothixene_docked.pdbqt
cinitapride,-6.711,C:\Users\kunsh_ghp5duq\OneDrive\Desktop\SIH\3\docking_results\cinitapride_docked.pdbqt
gemeprost,-6.709,C:\Users\kunsh_ghp5duq\OneDrive\Desktop\SIH\3\docking_results\gemeprost_docked.pdbqt
perindopril,-6.709,C:\Users\kunsh_ghp5duq\OneDrive\Desktop\SIH\3\docking_results\perindopril_docked.pdbqt
propantheline,-6.706,C:\Users\kunsh_ghp5duq\OneDrive\Desktop\SIH\3\docking_results\propantheline_docked.pdbqt
meticillin,-6.705,C:\Users\kunsh_ghp5duq\OneDrive\Desktop\SIH\3\docking_results\meticillin_docked.pdbqt
rotigotine,-6.705,C:\Users\kunsh_ghp5duq\OneDrive\Desktop\SIH\3\docking_results\rotigotine_docked.pdbqt
clobenzepam,-6.705,C:\Users\kunsh_ghp5duq\OneDrive\Desktop\SIH\3\docking_results\clobenzepam_docked.pdbqt
sulfamethizole,-6.703,C:\Users\kunsh_ghp5duq\OneDrive\Desktop\SIH\3\docking_results\sulfamethizole_docked.pdbqt
midodrine,-6.703,C:\Users\kunsh_ghp5duq\OneDrive\Desktop\SIH\3\docking_results\midodrine_docked.pdbqt
orciprenaline,-6.701,C:\Users\kunsh_ghp5duq\OneDrive\Desktop\SIH\3\docking_results\orciprenaline_docked.pdbqt
nipradilol,-6.701,C:\Users\kunsh_ghp5duq\OneDrive\Desktop\SIH\3\docking_results\nipradilol_docked.pdbqt
metyrapone,-6.7,C:\Users\kunsh_ghp5duq\OneDrive\Desktop\SIH\3\docking_results\metyrapone_docked.pdbqt
phenyl_acetylsalicylate,-6.699,C:\Users\kunsh_ghp5duq\OneDrive\Desktop\SIH\3\docking_results\phenyl_acetylsalicylate_docked.pdbqt
pirfenidone,-6.699,C:\Users\kunsh_ghp5duq\OneDrive\Desktop\SIH\3\docking_results\pirfenidone_docked.pdbqt
pipenzolate,-6.698,C:\Users\kunsh_ghp5duq\OneDrive\Desktop\SIH\3\docking_results\pipenzolate_docked.pdbqt
tinazoline,-6.697,C:\Users\kunsh_ghp5duq\OneDrive\Desktop\SIH\3\docking_results\tinazoline_docked.pdbqt
minaprine,-6.697,C:\Users\kunsh_ghp5duq\OneDrive\Desktop\SIH\3\docking_results\minaprine_docked.pdbqt
chlorthenoxazine,-6.694,C:\Users\kunsh_ghp5duq\OneDrive\Desktop\SIH\3\docking_results\chlorthenoxazine_docked.pdbqt
phenbutamide,-6.694,C:\Users\kunsh_ghp5duq\OneDrive\Desktop\SIH\3\docking_results\phenbutamide_docked.pdbqt
meropenem,-6.693,C:\Users\kunsh_ghp5duq\OneDrive\Desktop\SIH\3\docking_results\meropenem_docked.pdbqt
dipyrocetyl,-6.693,C:\Users\kunsh_ghp5duq\OneDrive\Desktop\SIH\3\docking_results\dipyrocetyl_docked.pdbqt
etebenecid,-6.692,C:\Users\kunsh_ghp5duq\OneDrive\Desktop\SIH\3\docking_results\etebenecid_docked.pdbqt
umifenovir,-6.692,C:\Users\kunsh_ghp5duq\OneDrive\Desktop\SIH\3\docking_results\umifenovir_docked.pdbqt
prilocaine,-6.691,C:\Users\kunsh_ghp5duq\OneDrive\Desktop\SIH\3\docking_results\prilocaine_docked.pdbqt
oxprenolol,-6.69,C:\Users\kunsh_ghp5duq\OneDrive\Desktop\SIH\3\docking_results\oxprenolol_docked.pdbqt
esmolol,-6.688,C:\Users\kunsh_ghp5duq\OneDrive\Desktop\SIH\3\docking_results\esmolol_docked.pdbqt
fluprednidene,-6.687,C:\Users\kunsh_ghp5duq\OneDrive\Desktop\SIH\3\docking_results\fluprednidene_docked.pdbqt
piposulfan,-6.684,C:\Users\kunsh_ghp5duq\OneDrive\Desktop\SIH\3\docking_results\piposulfan_docked.pdbqt
pyrovalerone,-6.683,C:\Users\kunsh_ghp5duq\OneDrive\Desktop\SIH\3\docking_results\pyrovalerone_docked.pdbqt
levobetaxolol,-6.682,C:\Users\kunsh_ghp5duq\OneDrive\Desktop\SIH\3\docking_results\levobetaxolol_docked.pdbqt
betamipron,-6.682,C:\Users\kunsh_ghp5duq\OneDrive\Desktop\SIH\3\docking_results\betamipron_docked.pdbqt
halcinonide,-6.682,C:\Users\kunsh_ghp5duq\OneDrive\Desktop\SIH\3\docking_results\halcinonide_docked.pdbqt
sulfacarbamide,-6.681,C:\Users\kunsh_ghp5duq\OneDrive\Desktop\SIH\3\docking_results\sulfacarbamide_docked.pdbqt
alpiropride,-6.681,C:\Users\kunsh_ghp5duq\OneDrive\Desktop\SIH\3\docking_results\alpiropride_docked.pdbqt
ethylmorphine,-6.68,C:\Users\kunsh_ghp5duq\OneDrive\Desktop\SIH\3\docking_results\ethylmorphine_docked.pdbqt
sulfachrysoidine,-6.68,C:\Users\kunsh_ghp5duq\OneDrive\Desktop\SIH\3\docking_results\sulfachrysoidine_docked.pdbqt
alibendol,-6.679,C:\Users\kunsh_ghp5duq\OneDrive\Desktop\SIH\3\docking_results\alibendol_docked.pdbqt
sulbactam_pivoxyl,-6.678,C:\Users\kunsh_ghp5duq\OneDrive\Desktop\SIH\3\docking_results\sulbactam_pivoxyl_docked.pdbqt
fentanyl,-6.678,C:\Users\kunsh_ghp5duq\OneDrive\Desktop\SIH\3\docking_results\fentanyl_docked.pdbqt
cefetamet,-6.675,C:\Users\kunsh_ghp5duq\OneDrive\Desktop\SIH\3\docking_results\cefetamet_docked.pdbqt
dihydrotachysterol,-6.675,C:\Users\kunsh_ghp5duq\OneDrive\Desktop\SIH\3\docking_results\dihydrotachysterol_docked.pdbqt
ciprofibrate,-6.674,C:\Users\kunsh_ghp5duq\OneDrive\Desktop\SIH\3\docking_results\ciprofibrate_docked.pdbqt
warfarin,-6.673,C:\Users\kunsh_ghp5duq\OneDrive\Desktop\SIH\3\docking_results\warfarin_docked.pdbqt
cerulenin,-6.673,C:\Users\kunsh_ghp5duq\OneDrive\Desktop\SIH\3\docking_results\cerulenin_docked.pdbqt
methylnaltrexone,-6.671,C:\Users\kunsh_ghp5duq\OneDrive\Desktop\SIH\3\docking_results\methylnaltrexone_docked.pdbqt
carbutamide,-6.669,C:\Users\kunsh_ghp5duq\OneDrive\Desktop\SIH\3\docking_results\carbutamide_docked.pdbqt
physostigmine,-6.668,C:\Users\kunsh_ghp5duq\OneDrive\Desktop\SIH\3\docking_results\physostigmine_docked.pdbqt
cycloxilic_acid,-6.667,C:\Users\kunsh_ghp5duq\OneDrive\Desktop\SIH\3\docking_results\cycloxilic_acid_docked.pdbqt
chlorphenesin_carbamate,-6.667,C:\Users\kunsh_ghp5duq\OneDrive\Desktop\SIH\3\docking_results\chlorphenesin_carbamate_docked.pdbqt
flunarizine,-6.666,C:\Users\kunsh_ghp5duq\OneDrive\Desktop\SIH\3\docking_results\flunarizine_docked.pdbqt
morphine,-6.665,C:\Users\kunsh_ghp5duq\OneDrive\Desktop\SIH\3\docking_results\morphine_docked.pdbqt
sulfaguanidine,-6.665,C:\Users\kunsh_ghp5duq\OneDrive\Desktop\SIH\3\docking_results\sulfaguanidine_docked.pdbqt
amorolfine,-6.664,C:\Users\kunsh_ghp5duq\OneDrive\Desktop\SIH\3\docking_results\amorolfine_docked.pdbqt
enzacamene,-6.663,C:\Users\kunsh_ghp5duq\OneDrive\Desktop\SIH\3\docking_results\enzacamene_docked.pdbqt
mimosine,-6.663,C:\Users\kunsh_ghp5duq\OneDrive\Desktop\SIH\3\docking_results\mimosine_docked.pdbqt
vanitiolide,-6.663,C:\Users\kunsh_ghp5duq\OneDrive\Desktop\SIH\3\docking_results\vanitiolide_docked.pdbqt
azacyclonol,-6.663,C:\Users\kunsh_ghp5duq\OneDrive\Desktop\SIH\3\docking_results\azacyclonol_docked.pdbqt
chlorpropamide,-6.662,C:\Users\kunsh_ghp5duq\OneDrive\Desktop\SIH\3\docking_results\chlorpropamide_docked.pdbqt
nintedanib,-6.659,C:\Users\kunsh_ghp5duq\OneDrive\Desktop\SIH\3\docking_results\nintedanib_docked.pdbqt
veralipride,-6.658,C:\Users\kunsh_ghp5duq\OneDrive\Desktop\SIH\3\docking_results\veralipride_docked.pdbqt
isoprenaline,-6.657,C:\Users\kunsh_ghp5duq\OneDrive\Desktop\SIH\3\docking_results\isoprenaline_docked.pdbqt
levosalbutamol,-6.657,C:\Users\kunsh_ghp5duq\OneDrive\Desktop\SIH\3\docking_results\levosalbutamol_docked.pdbqt
roquinimex,-6.657,C:\Users\kunsh_ghp5duq\OneDrive\Desktop\SIH\3\docking_results\roquinimex_docked.pdbqt
tetrabenazine,-6.656,C:\Users\kunsh_ghp5duq\OneDrive\Desktop\SIH\3\docking_results\tetrabenazine_docked.pdbqt
doxofylline,-6.656,C:\Users\kunsh_ghp5duq\OneDrive\Desktop\SIH\3\docking_results\doxofylline_docked.pdbqt
tecovirimat,-6.655,C:\Users\kunsh_ghp5duq\OneDrive\Desktop\SIH\3\docking_results\tecovirimat_docked.pdbqt
thiazosulfone,-6.655,C:\Users\kunsh_ghp5duq\OneDrive\Desktop\SIH\3\docking_results\thiazosulfone_docked.pdbqt
zotepine,-6.653,C:\Users\kunsh_ghp5duq\OneDrive\Desktop\SIH\3\docking_results\zotepine_docked.pdbqt
fluorometholone_acetate,-6.651,C:\Users\kunsh_ghp5duq\OneDrive\Desktop\SIH\3\docking_results\fluorometholone_acetate_docked.pdbqt
picoperine,-6.65,C:\Users\kunsh_ghp5duq\OneDrive\Desktop\SIH\3\docking_results\picoperine_docked.pdbqt
levisoprenaline,-6.649,C:\Users\kunsh_ghp5duq\OneDrive\Desktop\SIH\3\docking_results\levisoprenaline_docked.pdbqt
amphotalide,-6.649,C:\Users\kunsh_ghp5duq\OneDrive\Desktop\SIH\3\docking_results\amphotalide_docked.pdbqt
clidinium,-6.649,C:\Users\kunsh_ghp5duq\OneDrive\Desktop\SIH\3\docking_results\clidinium_docked.pdbqt
morinamide,-6.648,C:\Users\kunsh_ghp5duq\OneDrive\Desktop\SIH\3\docking_results\morinamide_docked.pdbqt
_S_-nitrendipine,-6.647,C:\Users\kunsh_ghp5duq\OneDrive\Desktop\SIH\3\docking_results\_S_-nitrendipine_docked.pdbqt
betamethasone,-6.646,C:\Users\kunsh_ghp5duq\OneDrive\Desktop\SIH\3\docking_results\betamethasone_docked.pdbqt
valganciclovir,-6.646,C:\Users\kunsh_ghp5duq\OneDrive\Desktop\SIH\3\docking_results\valganciclovir_docked.pdbqt
furfenorex,-6.645,C:\Users\kunsh_ghp5duq\OneDrive\Desktop\SIH\3\docking_results\furfenorex_docked.pdbqt
ganciclovir,-6.645,C:\Users\kunsh_ghp5duq\OneDrive\Desktop\SIH\3\docking_results\ganciclovir_docked.pdbqt
benzyl_benzoate,-6.644,C:\Users\kunsh_ghp5duq\OneDrive\Desktop\SIH\3\docking_results\benzyl_benzoate_docked.pdbqt
poldine,-6.643,C:\Users\kunsh_ghp5duq\OneDrive\Desktop\SIH\3\docking_results\poldine_docked.pdbqt
retinol_acetate,-6.643,C:\Users\kunsh_ghp5duq\OneDrive\Desktop\SIH\3\docking_results\retinol_acetate_docked.pdbqt
cytarabine,-6.642,C:\Users\kunsh_ghp5duq\OneDrive\Desktop\SIH\3\docking_results\cytarabine_docked.pdbqt
ibuprofen_guaiacol_ester,-6.641,C:\Users\kunsh_ghp5duq\OneDrive\Desktop\SIH\3\docking_results\ibuprofen_guaiacol_ester_docked.pdbqt
triflusal,-6.641,C:\Users\kunsh_ghp5duq\OneDrive\Desktop\SIH\3\docking_results\triflusal_docked.pdbqt
metolazone,-6.638,C:\Users\kunsh_ghp5duq\OneDrive\Desktop\SIH\3\docking_results\metolazone_docked.pdbqt
lidamidine,-6.638,C:\Users\kunsh_ghp5duq\OneDrive\Desktop\SIH\3\docking_results\lidamidine_docked.pdbqt
biphenylol,-6.637,C:\Users\kunsh_ghp5duq\OneDrive\Desktop\SIH\3\docking_results\biphenylol_docked.pdbqt
trimethobenzamide,-6.637,C:\Users\kunsh_ghp5duq\OneDrive\Desktop\SIH\3\docking_results\trimethobenzamide_docked.pdbqt
androstenediol,-6.635,C:\Users\kunsh_ghp5duq\OneDrive\Desktop\SIH\3\docking_results\androstenediol_docked.pdbqt
piribedil,-6.634,C:\Users\kunsh_ghp5duq\OneDrive\Desktop\SIH\3\docking_results\piribedil_docked.pdbqt
leiopyrrole,-6.633,C:\Users\kunsh_ghp5duq\OneDrive\Desktop\SIH\3\docking_results\leiopyrrole_docked.pdbqt
sulfathiazole,-6.633,C:\Users\kunsh_ghp5duq\OneDrive\Desktop\SIH\3\docking_results\sulfathiazole_docked.pdbqt
naftidrofuryl,-6.632,C:\Users\kunsh_ghp5duq\OneDrive\Desktop\SIH\3\docking_results\naftidrofuryl_docked.pdbqt
butizide,-6.631,C:\Users\kunsh_ghp5duq\OneDrive\Desktop\SIH\3\docking_results\butizide_docked.pdbqt
levallorphan,-6.631,C:\Users\kunsh_ghp5duq\OneDrive\Desktop\SIH\3\docking_results\levallorphan_docked.pdbqt
tertatolol,-6.63,C:\Users\kunsh_ghp5duq\OneDrive\Desktop\SIH\3\docking_results\tertatolol_docked.pdbqt
molindone,-6.629,C:\Users\kunsh_ghp5duq\OneDrive\Desktop\SIH\3\docking_results\molindone_docked.pdbqt
dextromethorphan,-6.628,C:\Users\kunsh_ghp5duq\OneDrive\Desktop\SIH\3\docking_results\dextromethorphan_docked.pdbqt
beclobrate,-6.627,C:\Users\kunsh_ghp5duq\OneDrive\Desktop\SIH\3\docking_results\beclobrate_docked.pdbqt
amezinium_metilsulfate,-6.626,C:\Users\kunsh_ghp5duq\OneDrive\Desktop\SIH\3\docking_results\amezinium_metilsulfate_docked.pdbqt
tenoxicam,-6.626,C:\Users\kunsh_ghp5duq\OneDrive\Desktop\SIH\3\docking_results\tenoxicam_docked.pdbqt
pridinol,-6.622,C:\Users\kunsh_ghp5duq\OneDrive\Desktop\SIH\3\docking_results\pridinol_docked.pdbqt
isothipendyl,-6.622,C:\Users\kunsh_ghp5duq\OneDrive\Desktop\SIH\3\docking_results\isothipendyl_docked.pdbqt
taribavirin,-6.621,C:\Users\kunsh_ghp5duq\OneDrive\Desktop\SIH\3\docking_results\taribavirin_docked.pdbqt
oxandrolone,-6.62,C:\Users\kunsh_ghp5duq\OneDrive\Desktop\SIH\3\docking_results\oxandrolone_docked.pdbqt
propiverine,-6.62,C:\Users\kunsh_ghp5duq\OneDrive\Desktop\SIH\3\docking_results\propiverine_docked.pdbqt
hexocyclium,-6.62,C:\Users\kunsh_ghp5duq\OneDrive\Desktop\SIH\3\docking_results\hexocyclium_docked.pdbqt
naloxone,-6.62,C:\Users\kunsh_ghp5duq\OneDrive\Desktop\SIH\3\docking_results\naloxone_docked.pdbqt
fluclorolone_acetonide,-6.62,C:\Users\kunsh_ghp5duq\OneDrive\Desktop\SIH\3\docking_results\fluclorolone_acetonide_docked.pdbqt
carbenicillin,-6.619,C:\Users\kunsh_ghp5duq\OneDrive\Desktop\SIH\3\docking_results\carbenicillin_docked.pdbqt
trichlormethiazide,-6.615,C:\Users\kunsh_ghp5duq\OneDrive\Desktop\SIH\3\docking_results\trichlormethiazide_docked.pdbqt
muzolimine,-6.615,C:\Users\kunsh_ghp5duq\OneDrive\Desktop\SIH\3\docking_results\muzolimine_docked.pdbqt
flunitrazepam,-6.614,C:\Users\kunsh_ghp5duq\OneDrive\Desktop\SIH\3\docking_results\flunitrazepam_docked.pdbqt
moprolol,-6.611,C:\Users\kunsh_ghp5duq\OneDrive\Desktop\SIH\3\docking_results\moprolol_docked.pdbqt
mephenoxalone,-6.611,C:\Users\kunsh_ghp5duq\OneDrive\Desktop\SIH\3\docking_results\mephenoxalone_docked.pdbqt
fluvoxamine,-6.61,C:\Users\kunsh_ghp5duq\OneDrive\Desktop\SIH\3\docking_results\fluvoxamine_docked.pdbqt
levomoprolol,-6.608,C:\Users\kunsh_ghp5duq\OneDrive\Desktop\SIH\3\docking_results\levomoprolol_docked.pdbqt
sulfathiourea,-6.608,C:\Users\kunsh_ghp5duq\OneDrive\Desktop\SIH\3\docking_results\sulfathiourea_docked.pdbqt
bucloxic_acid,-6.607,C:\Users\kunsh_ghp5duq\OneDrive\Desktop\SIH\3\docking_results\bucloxic_acid_docked.pdbqt
pheneticillin,-6.607,C:\Users\kunsh_ghp5duq\OneDrive\Desktop\SIH\3\docking_results\pheneticillin_docked.pdbqt
linezolid,-6.604,C:\Users\kunsh_ghp5duq\OneDrive\Desktop\SIH\3\docking_results\linezolid_docked.pdbqt
benzylthiouracil,-6.604,C:\Users\kunsh_ghp5duq\OneDrive\Desktop\SIH\3\docking_results\benzylthiouracil_docked.pdbqt
acetylsalicylic_acid,-6.603,C:\Users\kunsh_ghp5duq\OneDrive\Desktop\SIH\3\docking_results\acetylsalicylic_acid_docked.pdbqt
pentoxifylline,-6.602,C:\Users\kunsh_ghp5duq\OneDrive\Desktop\SIH\3\docking_results\pentoxifylline_docked.pdbqt
racepinefrine,-6.599,C:\Users\kunsh_ghp5duq\OneDrive\Desktop\SIH\3\docking_results\racepinefrine_docked.pdbqt
methylthioninium_chloride,-6.598,C:\Users\kunsh_ghp5duq\OneDrive\Desktop\SIH\3\docking_results\methylthioninium_chloride_docked.pdbqt
vesnarinone,-6.597,C:\Users\kunsh_ghp5duq\OneDrive\Desktop\SIH\3\docking_results\vesnarinone_docked.pdbqt
butibufen,-6.597,C:\Users\kunsh_ghp5duq\OneDrive\Desktop\SIH\3\docking_results\butibufen_docked.pdbqt
famprofazone,-6.593,C:\Users\kunsh_ghp5duq\OneDrive\Desktop\SIH\3\docking_results\famprofazone_docked.pdbqt
pirprofen,-6.592,C:\Users\kunsh_ghp5duq\OneDrive\Desktop\SIH\3\docking_results\pirprofen_docked.pdbqt
bufetolol,-6.592,C:\Users\kunsh_ghp5duq\OneDrive\Desktop\SIH\3\docking_results\bufetolol_docked.pdbqt
benzatropine,-6.591,C:\Users\kunsh_ghp5duq\OneDrive\Desktop\SIH\3\docking_results\benzatropine_docked.pdbqt
dimethylaminopropionylphenothiazine,-6.591,C:\Users\kunsh_ghp5duq\OneDrive\Desktop\SIH\3\docking_results\dimethylaminopropionylphenothiazine_docked.pdbqt
tolonium,-6.591,C:\Users\kunsh_ghp5duq\OneDrive\Desktop\SIH\3\docking_results\tolonium_docked.pdbqt
perazine,-6.59,C:\Users\kunsh_ghp5duq\OneDrive\Desktop\SIH\3\docking_results\perazine_docked.pdbqt
eucatropine,-6.59,C:\Users\kunsh_ghp5duq\OneDrive\Desktop\SIH\3\docking_results\eucatropine_docked.pdbqt
ethacrynic_acid,-6.589,C:\Users\kunsh_ghp5duq\OneDrive\Desktop\SIH\3\docking_results\ethacrynic_acid_docked.pdbqt
phenyltoloxamine,-6.588,C:\Users\kunsh_ghp5duq\OneDrive\Desktop\SIH\3\docking_results\phenyltoloxamine_docked.pdbqt
oxymorphone,-6.588,C:\Users\kunsh_ghp5duq\OneDrive\Desktop\SIH\3\docking_results\oxymorphone_docked.pdbqt
ronifibrate,-6.587,C:\Users\kunsh_ghp5duq\OneDrive\Desktop\SIH\3\docking_results\ronifibrate_docked.pdbqt
acefylline,-6.586,C:\Users\kunsh_ghp5duq\OneDrive\Desktop\SIH\3\docking_results\acefylline_docked.pdbqt
metizoline,-6.586,C:\Users\kunsh_ghp5duq\OneDrive\Desktop\SIH\3\docking_results\metizoline_docked.pdbqt
levonorgestrel,-6.586,C:\Users\kunsh_ghp5duq\OneDrive\Desktop\SIH\3\docking_results\levonorgestrel_docked.pdbqt
desvenlafaxine,-6.584,C:\Users\kunsh_ghp5duq\OneDrive\Desktop\SIH\3\docking_results\desvenlafaxine_docked.pdbqt
Padimate_A,-6.584,C:\Users\kunsh_ghp5duq\OneDrive\Desktop\SIH\3\docking_results\Padimate_A_docked.pdbqt
ipidacrine,-6.584,C:\Users\kunsh_ghp5duq\OneDrive\Desktop\SIH\3\docking_results\ipidacrine_docked.pdbqt
androstanolone,-6.583,C:\Users\kunsh_ghp5duq\OneDrive\Desktop\SIH\3\docking_results\androstanolone_docked.pdbqt
fenadiazole,-6.582,C:\Users\kunsh_ghp5duq\OneDrive\Desktop\SIH\3\docking_results\fenadiazole_docked.pdbqt
tamoxifen,-6.581,C:\Users\kunsh_ghp5duq\OneDrive\Desktop\SIH\3\docking_results\tamoxifen_docked.pdbqt
trengestone,-6.58,C:\Users\kunsh_ghp5duq\OneDrive\Desktop\SIH\3\docking_results\trengestone_docked.pdbqt
nidroxyzone,-6.579,C:\Users\kunsh_ghp5duq\OneDrive\Desktop\SIH\3\docking_results\nidroxyzone_docked.pdbqt
epalrestat,-6.576,C:\Users\kunsh_ghp5duq\OneDrive\Desktop\SIH\3\docking_results\epalrestat_docked.pdbqt
sulbentine,-6.576,C:\Users\kunsh_ghp5duq\OneDrive\Desktop\SIH\3\docking_results\sulbentine_docked.pdbqt
cetamolol,-6.575,C:\Users\kunsh_ghp5duq\OneDrive\Desktop\SIH\3\docking_results\cetamolol_docked.pdbqt
bifemelane,-6.575,C:\Users\kunsh_ghp5duq\OneDrive\Desktop\SIH\3\docking_results\bifemelane_docked.pdbqt
troxipide,-6.575,C:\Users\kunsh_ghp5duq\OneDrive\Desktop\SIH\3\docking_results\troxipide_docked.pdbqt
pramocaine,-6.575,C:\Users\kunsh_ghp5duq\OneDrive\Desktop\SIH\3\docking_results\pramocaine_docked.pdbqt
cinametic_acid,-6.575,C:\Users\kunsh_ghp5duq\OneDrive\Desktop\SIH\3\docking_results\cinametic_acid_docked.pdbqt
ambazone,-6.574,C:\Users\kunsh_ghp5duq\OneDrive\Desktop\SIH\3\docking_results\ambazone_docked.pdbqt
ciclopirox,-6.572,C:\Users\kunsh_ghp5duq\OneDrive\Desktop\SIH\3\docking_results\ciclopirox_docked.pdbqt
lascufloxacin,-6.572,C:\Users\kunsh_ghp5duq\OneDrive\Desktop\SIH\3\docking_results\lascufloxacin_docked.pdbqt
doxepin,-6.571,C:\Users\kunsh_ghp5duq\OneDrive\Desktop\SIH\3\docking_results\doxepin_docked.pdbqt
bambuterol,-6.571,C:\Users\kunsh_ghp5duq\OneDrive\Desktop\SIH\3\docking_results\bambuterol_docked.pdbqt
dimethoxanate,-6.571,C:\Users\kunsh_ghp5duq\OneDrive\Desktop\SIH\3\docking_results\dimethoxanate_docked.pdbqt
sulfadicramide,-6.57,C:\Users\kunsh_ghp5duq\OneDrive\Desktop\SIH\3\docking_results\sulfadicramide_docked.pdbqt
tolonidine,-6.57,C:\Users\kunsh_ghp5duq\OneDrive\Desktop\SIH\3\docking_results\tolonidine_docked.pdbqt
norethindrone_acetate,-6.57,C:\Users\kunsh_ghp5duq\OneDrive\Desktop\SIH\3\docking_results\norethindrone_acetate_docked.pdbqt
glybuthiazol,-6.568,C:\Users\kunsh_ghp5duq\OneDrive\Desktop\SIH\3\docking_results\glybuthiazol_docked.pdbqt
atomoxetine,-6.568,C:\Users\kunsh_ghp5duq\OneDrive\Desktop\SIH\3\docking_results\atomoxetine_docked.pdbqt
parathiazine,-6.568,C:\Users\kunsh_ghp5duq\OneDrive\Desktop\SIH\3\docking_results\parathiazine_docked.pdbqt
benfluorex,-6.566,C:\Users\kunsh_ghp5duq\OneDrive\Desktop\SIH\3\docking_results\benfluorex_docked.pdbqt
pyrrolnitrin,-6.566,C:\Users\kunsh_ghp5duq\OneDrive\Desktop\SIH\3\docking_results\pyrrolnitrin_docked.pdbqt
codeine,-6.564,C:\Users\kunsh_ghp5duq\OneDrive\Desktop\SIH\3\docking_results\codeine_docked.pdbqt
diampromide,-6.564,C:\Users\kunsh_ghp5duq\OneDrive\Desktop\SIH\3\docking_results\diampromide_docked.pdbqt
carboquone,-6.564,C:\Users\kunsh_ghp5duq\OneDrive\Desktop\SIH\3\docking_results\carboquone_docked.pdbqt
alminoprofen,-6.563,C:\Users\kunsh_ghp5duq\OneDrive\Desktop\SIH\3\docking_results\alminoprofen_docked.pdbqt
amrinone,-6.561,C:\Users\kunsh_ghp5duq\OneDrive\Desktop\SIH\3\docking_results\amrinone_docked.pdbqt
azacitidine,-6.561,C:\Users\kunsh_ghp5duq\OneDrive\Desktop\SIH\3\docking_results\azacitidine_docked.pdbqt
talinolol,-6.561,C:\Users\kunsh_ghp5duq\OneDrive\Desktop\SIH\3\docking_results\talinolol_docked.pdbqt
isoetarine,-6.56,C:\Users\kunsh_ghp5duq\OneDrive\Desktop\SIH\3\docking_results\isoetarine_docked.pdbqt
maltose,-6.56,C:\Users\kunsh_ghp5duq\OneDrive\Desktop\SIH\3\docking_results\maltose_docked.pdbqt
morinidazole,-6.559,C:\Users\kunsh_ghp5duq\OneDrive\Desktop\SIH\3\docking_results\morinidazole_docked.pdbqt
limaprost,-6.558,C:\Users\kunsh_ghp5duq\OneDrive\Desktop\SIH\3\docking_results\limaprost_docked.pdbqt
benzalamide,-6.558,C:\Users\kunsh_ghp5duq\OneDrive\Desktop\SIH\3\docking_results\benzalamide_docked.pdbqt
meloxicam,-6.557,C:\Users\kunsh_ghp5duq\OneDrive\Desktop\SIH\3\docking_results\meloxicam_docked.pdbqt
glybuzole,-6.556,C:\Users\kunsh_ghp5duq\OneDrive\Desktop\SIH\3\docking_results\glybuzole_docked.pdbqt
tiemonium,-6.555,C:\Users\kunsh_ghp5duq\OneDrive\Desktop\SIH\3\docking_results\tiemonium_docked.pdbqt
plaunotol,-6.555,C:\Users\kunsh_ghp5duq\OneDrive\Desktop\SIH\3\docking_results\plaunotol_docked.pdbqt
thiamphenicol,-6.555,C:\Users\kunsh_ghp5duq\OneDrive\Desktop\SIH\3\docking_results\thiamphenicol_docked.pdbqt
propiram,-6.555,C:\Users\kunsh_ghp5duq\OneDrive\Desktop\SIH\3\docking_results\propiram_docked.pdbqt
aminoquinuride,-6.553,C:\Users\kunsh_ghp5duq\OneDrive\Desktop\SIH\3\docking_results\aminoquinuride_docked.pdbqt
pivhydrazine,-6.552,C:\Users\kunsh_ghp5duq\OneDrive\Desktop\SIH\3\docking_results\pivhydrazine_docked.pdbqt
diphemanil,-6.552,C:\Users\kunsh_ghp5duq\OneDrive\Desktop\SIH\3\docking_results\diphemanil_docked.pdbqt
etifoxine,-6.551,C:\Users\kunsh_ghp5duq\OneDrive\Desktop\SIH\3\docking_results\etifoxine_docked.pdbqt
alprostadil,-6.551,C:\Users\kunsh_ghp5duq\OneDrive\Desktop\SIH\3\docking_results\alprostadil_docked.pdbqt
prasugrel,-6.551,C:\Users\kunsh_ghp5duq\OneDrive\Desktop\SIH\3\docking_results\prasugrel_docked.pdbqt
naltrexone,-6.55,C:\Users\kunsh_ghp5duq\OneDrive\Desktop\SIH\3\docking_results\naltrexone_docked.pdbqt
metisazone,-6.547,C:\Users\kunsh_ghp5duq\OneDrive\Desktop\SIH\3\docking_results\metisazone_docked.pdbqt
mephenytoin,-6.547,C:\Users\kunsh_ghp5duq\OneDrive\Desktop\SIH\3\docking_results\mephenytoin_docked.pdbqt
trimetazidine,-6.546,C:\Users\kunsh_ghp5duq\OneDrive\Desktop\SIH\3\docking_results\trimetazidine_docked.pdbqt
hymecromone,-6.546,C:\Users\kunsh_ghp5duq\OneDrive\Desktop\SIH\3\docking_results\hymecromone_docked.pdbqt
atenolol,-6.545,C:\Users\kunsh_ghp5duq\OneDrive\Desktop\SIH\3\docking_results\atenolol_docked.pdbqt
guanabenz,-6.544,C:\Users\kunsh_ghp5duq\OneDrive\Desktop\SIH\3\docking_results\guanabenz_docked.pdbqt
diaziquone,-6.543,C:\Users\kunsh_ghp5duq\OneDrive\Desktop\SIH\3\docking_results\diaziquone_docked.pdbqt
procyclidine,-6.543,C:\Users\kunsh_ghp5duq\OneDrive\Desktop\SIH\3\docking_results\procyclidine_docked.pdbqt
dimecrotic_acid,-6.542,C:\Users\kunsh_ghp5duq\OneDrive\Desktop\SIH\3\docking_results\dimecrotic_acid_docked.pdbqt
famciclovir,-6.541,C:\Users\kunsh_ghp5duq\OneDrive\Desktop\SIH\3\docking_results\famciclovir_docked.pdbqt
hydroxychloroquine,-6.54,C:\Users\kunsh_ghp5duq\OneDrive\Desktop\SIH\3\docking_results\hydroxychloroquine_docked.pdbqt
dexfenfluramine,-6.538,C:\Users\kunsh_ghp5duq\OneDrive\Desktop\SIH\3\docking_results\dexfenfluramine_docked.pdbqt
metochalcone,-6.538,C:\Users\kunsh_ghp5duq\OneDrive\Desktop\SIH\3\docking_results\metochalcone_docked.pdbqt
laquinimod,-6.538,C:\Users\kunsh_ghp5duq\OneDrive\Desktop\SIH\3\docking_results\laquinimod_docked.pdbqt
benzyl_nicotinate,-6.537,C:\Users\kunsh_ghp5duq\OneDrive\Desktop\SIH\3\docking_results\benzyl_nicotinate_docked.pdbqt
tenonitrozole,-6.537,C:\Users\kunsh_ghp5duq\OneDrive\Desktop\SIH\3\docking_results\tenonitrozole_docked.pdbqt
omadacycline,-6.536,C:\Users\kunsh_ghp5duq\OneDrive\Desktop\SIH\3\docking_results\omadacycline_docked.pdbqt
sulpiride,-6.535,C:\Users\kunsh_ghp5duq\OneDrive\Desktop\SIH\3\docking_results\sulpiride_docked.pdbqt
exiproben,-6.533,C:\Users\kunsh_ghp5duq\OneDrive\Desktop\SIH\3\docking_results\exiproben_docked.pdbqt
cadralazine,-6.533,C:\Users\kunsh_ghp5duq\OneDrive\Desktop\SIH\3\docking_results\cadralazine_docked.pdbqt
melevodopa,-6.532,C:\Users\kunsh_ghp5duq\OneDrive\Desktop\SIH\3\docking_results\melevodopa_docked.pdbqt
epitiostanol,-6.532,C:\Users\kunsh_ghp5duq\OneDrive\Desktop\SIH\3\docking_results\epitiostanol_docked.pdbqt
oxycodone,-6.528,C:\Users\kunsh_ghp5duq\OneDrive\Desktop\SIH\3\docking_results\oxycodone_docked.pdbqt
fluorometholone,-6.528,C:\Users\kunsh_ghp5duq\OneDrive\Desktop\SIH\3\docking_results\fluorometholone_docked.pdbqt
methdilazine,-6.527,C:\Users\kunsh_ghp5duq\OneDrive\Desktop\SIH\3\docking_results\methdilazine_docked.pdbqt
methylhomatropine,-6.527,C:\Users\kunsh_ghp5duq\OneDrive\Desktop\SIH\3\docking_results\methylhomatropine_docked.pdbqt
tiludronic_acid,-6.526,C:\Users\kunsh_ghp5duq\OneDrive\Desktop\SIH\3\docking_results\tiludronic_acid_docked.pdbqt
caroverine,-6.525,C:\Users\kunsh_ghp5duq\OneDrive\Desktop\SIH\3\docking_results\caroverine_docked.pdbqt
actinoquinol,-6.522,C:\Users\kunsh_ghp5duq\OneDrive\Desktop\SIH\3\docking_results\actinoquinol_docked.pdbqt
amidefrine,-6.52,C:\Users\kunsh_ghp5duq\OneDrive\Desktop\SIH\3\docking_results\amidefrine_docked.pdbqt
bromhexine,-6.519,C:\Users\kunsh_ghp5duq\OneDrive\Desktop\SIH\3\docking_results\bromhexine_docked.pdbqt
etilevodopa,-6.518,C:\Users\kunsh_ghp5duq\OneDrive\Desktop\SIH\3\docking_results\etilevodopa_docked.pdbqt
meprotixol,-6.517,C:\Users\kunsh_ghp5duq\OneDrive\Desktop\SIH\3\docking_results\meprotixol_docked.pdbqt
climbazole,-6.517,C:\Users\kunsh_ghp5duq\OneDrive\Desktop\SIH\3\docking_results\climbazole_docked.pdbqt
drofenine,-6.516,C:\Users\kunsh_ghp5duq\OneDrive\Desktop\SIH\3\docking_results\drofenine_docked.pdbqt
azelastine,-6.515,C:\Users\kunsh_ghp5duq\OneDrive\Desktop\SIH\3\docking_results\azelastine_docked.pdbqt
tropicamide,-6.514,C:\Users\kunsh_ghp5duq\OneDrive\Desktop\SIH\3\docking_results\tropicamide_docked.pdbqt
salicylsulfuric_acid,-6.514,C:\Users\kunsh_ghp5duq\OneDrive\Desktop\SIH\3\docking_results\salicylsulfuric_acid_docked.pdbqt
benzestrol,-6.511,C:\Users\kunsh_ghp5duq\OneDrive\Desktop\SIH\3\docking_results\benzestrol_docked.pdbqt
salacetamide,-6.511,C:\Users\kunsh_ghp5duq\OneDrive\Desktop\SIH\3\docking_results\salacetamide_docked.pdbqt
tegafur,-6.511,C:\Users\kunsh_ghp5duq\OneDrive\Desktop\SIH\3\docking_results\tegafur_docked.pdbqt
tyrosine,-6.51,C:\Users\kunsh_ghp5duq\OneDrive\Desktop\SIH\3\docking_results\tyrosine_docked.pdbqt
diacetazotol,-6.51,C:\Users\kunsh_ghp5duq\OneDrive\Desktop\SIH\3\docking_results\diacetazotol_docked.pdbqt
pamaquine,-6.51,C:\Users\kunsh_ghp5duq\OneDrive\Desktop\SIH\3\docking_results\pamaquine_docked.pdbqt
dienestrol,-6.508,C:\Users\kunsh_ghp5duq\OneDrive\Desktop\SIH\3\docking_results\dienestrol_docked.pdbqt
zalcitabine,-6.507,C:\Users\kunsh_ghp5duq\OneDrive\Desktop\SIH\3\docking_results\zalcitabine_docked.pdbqt
carbubarb,-6.507,C:\Users\kunsh_ghp5duq\OneDrive\Desktop\SIH\3\docking_results\carbubarb_docked.pdbqt
clopamide,-6.506,C:\Users\kunsh_ghp5duq\OneDrive\Desktop\SIH\3\docking_results\clopamide_docked.pdbqt
phenoperidine,-6.505,C:\Users\kunsh_ghp5duq\OneDrive\Desktop\SIH\3\docking_results\phenoperidine_docked.pdbqt
salbutamol,-6.505,C:\Users\kunsh_ghp5duq\OneDrive\Desktop\SIH\3\docking_results\salbutamol_docked.pdbqt
quinisocaine,-6.505,C:\Users\kunsh_ghp5duq\OneDrive\Desktop\SIH\3\docking_results\quinisocaine_docked.pdbqt
amiloride,-6.504,C:\Users\kunsh_ghp5duq\OneDrive\Desktop\SIH\3\docking_results\amiloride_docked.pdbqt
artemisinin,-6.503,C:\Users\kunsh_ghp5duq\OneDrive\Desktop\SIH\3\docking_results\artemisinin_docked.pdbqt
chlorcyclizine,-6.5,C:\Users\kunsh_ghp5duq\OneDrive\Desktop\SIH\3\docking_results\chlorcyclizine_docked.pdbqt
sultopride,-6.5,C:\Users\kunsh_ghp5duq\OneDrive\Desktop\SIH\3\docking_results\sultopride_docked.pdbqt
triamcinolone_acetonide,-6.499,C:\Users\kunsh_ghp5duq\OneDrive\Desktop\SIH\3\docking_results\triamcinolone_acetonide_docked.pdbqt
bupropion,-6.498,C:\Users\kunsh_ghp5duq\OneDrive\Desktop\SIH\3\docking_results\bupropion_docked.pdbqt
nilvadipine,-6.498,C:\Users\kunsh_ghp5duq\OneDrive\Desktop\SIH\3\docking_results\nilvadipine_docked.pdbqt
ibuprofen,-6.496,C:\Users\kunsh_ghp5duq\OneDrive\Desktop\SIH\3\docking_results\ibuprofen_docked.pdbqt
ipriflavone,-6.495,C:\Users\kunsh_ghp5duq\OneDrive\Desktop\SIH\3\docking_results\ipriflavone_docked.pdbqt
mabuprofen,-6.495,C:\Users\kunsh_ghp5duq\OneDrive\Desktop\SIH\3\docking_results\mabuprofen_docked.pdbqt
solriamfetol,-6.494,C:\Users\kunsh_ghp5duq\OneDrive\Desktop\SIH\3\docking_results\solriamfetol_docked.pdbqt
terazosin,-6.494,C:\Users\kunsh_ghp5duq\OneDrive\Desktop\SIH\3\docking_results\terazosin_docked.pdbqt
procarbazine,-6.492,C:\Users\kunsh_ghp5duq\OneDrive\Desktop\SIH\3\docking_results\procarbazine_docked.pdbqt
fenfluramine,-6.491,C:\Users\kunsh_ghp5duq\OneDrive\Desktop\SIH\3\docking_results\fenfluramine_docked.pdbqt
brodimoprim,-6.49,C:\Users\kunsh_ghp5duq\OneDrive\Desktop\SIH\3\docking_results\brodimoprim_docked.pdbqt
pyrrocaine,-6.489,C:\Users\kunsh_ghp5duq\OneDrive\Desktop\SIH\3\docking_results\pyrrocaine_docked.pdbqt
hydralazine,-6.489,C:\Users\kunsh_ghp5duq\OneDrive\Desktop\SIH\3\docking_results\hydralazine_docked.pdbqt
levosulpiride,-6.489,C:\Users\kunsh_ghp5duq\OneDrive\Desktop\SIH\3\docking_results\levosulpiride_docked.pdbqt
clonazepam,-6.489,C:\Users\kunsh_ghp5duq\OneDrive\Desktop\SIH\3\docking_results\clonazepam_docked.pdbqt
nalorphine,-6.488,C:\Users\kunsh_ghp5duq\OneDrive\Desktop\SIH\3\docking_results\nalorphine_docked.pdbqt
peramivir,-6.488,C:\Users\kunsh_ghp5duq\OneDrive\Desktop\SIH\3\docking_results\peramivir_docked.pdbqt
decitabine,-6.487,C:\Users\kunsh_ghp5duq\OneDrive\Desktop\SIH\3\docking_results\decitabine_docked.pdbqt
tiratricol,-6.486,C:\Users\kunsh_ghp5duq\OneDrive\Desktop\SIH\3\docking_results\tiratricol_docked.pdbqt
carsalam,-6.485,C:\Users\kunsh_ghp5duq\OneDrive\Desktop\SIH\3\docking_results\carsalam_docked.pdbqt
droprenilamine,-6.485,C:\Users\kunsh_ghp5duq\OneDrive\Desktop\SIH\3\docking_results\droprenilamine_docked.pdbqt
fadrozole,-6.484,C:\Users\kunsh_ghp5duq\OneDrive\Desktop\SIH\3\docking_results\fadrozole_docked.pdbqt
pirbuterol,-6.484,C:\Users\kunsh_ghp5duq\OneDrive\Desktop\SIH\3\docking_results\pirbuterol_docked.pdbqt
ethotoin,-6.483,C:\Users\kunsh_ghp5duq\OneDrive\Desktop\SIH\3\docking_results\ethotoin_docked.pdbqt
rosaprostol,-6.482,C:\Users\kunsh_ghp5duq\OneDrive\Desktop\SIH\3\docking_results\rosaprostol_docked.pdbqt
gabexate,-6.482,C:\Users\kunsh_ghp5duq\OneDrive\Desktop\SIH\3\docking_results\gabexate_docked.pdbqt
phentolamine,-6.479,C:\Users\kunsh_ghp5duq\OneDrive\Desktop\SIH\3\docking_results\phentolamine_docked.pdbqt
meobentine,-6.478,C:\Users\kunsh_ghp5duq\OneDrive\Desktop\SIH\3\docking_results\meobentine_docked.pdbqt
phenacemide,-6.477,C:\Users\kunsh_ghp5duq\OneDrive\Desktop\SIH\3\docking_results\phenacemide_docked.pdbqt
methsuximide,-6.475,C:\Users\kunsh_ghp5duq\OneDrive\Desktop\SIH\3\docking_results\methsuximide_docked.pdbqt
lornoxicam,-6.474,C:\Users\kunsh_ghp5duq\OneDrive\Desktop\SIH\3\docking_results\lornoxicam_docked.pdbqt
cinepazet,-6.473,C:\Users\kunsh_ghp5duq\OneDrive\Desktop\SIH\3\docking_results\cinepazet_docked.pdbqt
dyclonine,-6.472,C:\Users\kunsh_ghp5duq\OneDrive\Desktop\SIH\3\docking_results\dyclonine_docked.pdbqt
dipiproverine,-6.472,C:\Users\kunsh_ghp5duq\OneDrive\Desktop\SIH\3\docking_results\dipiproverine_docked.pdbqt
mefruside,-6.472,C:\Users\kunsh_ghp5duq\OneDrive\Desktop\SIH\3\docking_results\mefruside_docked.pdbqt
proguanil,-6.471,C:\Users\kunsh_ghp5duq\OneDrive\Desktop\SIH\3\docking_results\proguanil_docked.pdbqt
quinagolide,-6.47,C:\Users\kunsh_ghp5duq\OneDrive\Desktop\SIH\3\docking_results\quinagolide_docked.pdbqt
flutropium,-6.468,C:\Users\kunsh_ghp5duq\OneDrive\Desktop\SIH\3\docking_results\flutropium_docked.pdbqt
phensuximide,-6.467,C:\Users\kunsh_ghp5duq\OneDrive\Desktop\SIH\3\docking_results\phensuximide_docked.pdbqt
dexibuprofen,-6.464,C:\Users\kunsh_ghp5duq\OneDrive\Desktop\SIH\3\docking_results\dexibuprofen_docked.pdbqt
ketamine,-6.464,C:\Users\kunsh_ghp5duq\OneDrive\Desktop\SIH\3\docking_results\ketamine_docked.pdbqt
oxyfenamate,-6.463,C:\Users\kunsh_ghp5duq\OneDrive\Desktop\SIH\3\docking_results\oxyfenamate_docked.pdbqt
dextropropoxyphene,-6.462,C:\Users\kunsh_ghp5duq\OneDrive\Desktop\SIH\3\docking_results\dextropropoxyphene_docked.pdbqt
hydromorphone,-6.462,C:\Users\kunsh_ghp5duq\OneDrive\Desktop\SIH\3\docking_results\hydromorphone_docked.pdbqt
propyphenazone,-6.461,C:\Users\kunsh_ghp5duq\OneDrive\Desktop\SIH\3\docking_results\propyphenazone_docked.pdbqt
nimetazepam,-6.46,C:\Users\kunsh_ghp5duq\OneDrive\Desktop\SIH\3\docking_results\nimetazepam_docked.pdbqt
oxyclipine,-6.46,C:\Users\kunsh_ghp5duq\OneDrive\Desktop\SIH\3\docking_results\oxyclipine_docked.pdbqt
carmofur,-6.459,C:\Users\kunsh_ghp5duq\OneDrive\Desktop\SIH\3\docking_results\carmofur_docked.pdbqt
dapsone,-6.458,C:\Users\kunsh_ghp5duq\OneDrive\Desktop\SIH\3\docking_results\dapsone_docked.pdbqt
remoxipride,-6.458,C:\Users\kunsh_ghp5duq\OneDrive\Desktop\SIH\3\docking_results\remoxipride_docked.pdbqt
dimemorfan,-6.457,C:\Users\kunsh_ghp5duq\OneDrive\Desktop\SIH\3\docking_results\dimemorfan_docked.pdbqt
promestriene,-6.456,C:\Users\kunsh_ghp5duq\OneDrive\Desktop\SIH\3\docking_results\promestriene_docked.pdbqt
fenoxazoline,-6.456,C:\Users\kunsh_ghp5duq\OneDrive\Desktop\SIH\3\docking_results\fenoxazoline_docked.pdbqt
amolanone,-6.455,C:\Users\kunsh_ghp5duq\OneDrive\Desktop\SIH\3\docking_results\amolanone_docked.pdbqt
cibenzoline,-6.453,C:\Users\kunsh_ghp5duq\OneDrive\Desktop\SIH\3\docking_results\cibenzoline_docked.pdbqt
eicosapentaenoic_acid,-6.45,C:\Users\kunsh_ghp5duq\OneDrive\Desktop\SIH\3\docking_results\eicosapentaenoic_acid_docked.pdbqt
ripazepam,-6.449,C:\Users\kunsh_ghp5duq\OneDrive\Desktop\SIH\3\docking_results\ripazepam_docked.pdbqt
retinol,-6.446,C:\Users\kunsh_ghp5duq\OneDrive\Desktop\SIH\3\docking_results\retinol_docked.pdbqt
meticrane,-6.446,C:\Users\kunsh_ghp5duq\OneDrive\Desktop\SIH\3\docking_results\meticrane_docked.pdbqt
butofilolol,-6.445,C:\Users\kunsh_ghp5duq\OneDrive\Desktop\SIH\3\docking_results\butofilolol_docked.pdbqt
pentetic_acid,-6.444,C:\Users\kunsh_ghp5duq\OneDrive\Desktop\SIH\3\docking_results\pentetic_acid_docked.pdbqt
guanoclor,-6.444,C:\Users\kunsh_ghp5duq\OneDrive\Desktop\SIH\3\docking_results\guanoclor_docked.pdbqt
pemoline,-6.444,C:\Users\kunsh_ghp5duq\OneDrive\Desktop\SIH\3\docking_results\pemoline_docked.pdbqt
glutathione,-6.443,C:\Users\kunsh_ghp5duq\OneDrive\Desktop\SIH\3\docking_results\glutathione_docked.pdbqt
dimevamide,-6.442,C:\Users\kunsh_ghp5duq\OneDrive\Desktop\SIH\3\docking_results\dimevamide_docked.pdbqt
clofarabine,-6.442,C:\Users\kunsh_ghp5duq\OneDrive\Desktop\SIH\3\docking_results\clofarabine_docked.pdbqt
levofacetoperane,-6.441,C:\Users\kunsh_ghp5duq\OneDrive\Desktop\SIH\3\docking_results\levofacetoperane_docked.pdbqt
tramadol,-6.44,C:\Users\kunsh_ghp5duq\OneDrive\Desktop\SIH\3\docking_results\tramadol_docked.pdbqt
cinolazepam,-6.44,C:\Users\kunsh_ghp5duq\OneDrive\Desktop\SIH\3\docking_results\cinolazepam_docked.pdbqt
pramiverine,-6.439,C:\Users\kunsh_ghp5duq\OneDrive\Desktop\SIH\3\docking_results\pramiverine_docked.pdbqt
ethylnorepinephrine,-6.439,C:\Users\kunsh_ghp5duq\OneDrive\Desktop\SIH\3\docking_results\ethylnorepinephrine_docked.pdbqt
terodiline,-6.437,C:\Users\kunsh_ghp5duq\OneDrive\Desktop\SIH\3\docking_results\terodiline_docked.pdbqt
amocarzine,-6.436,C:\Users\kunsh_ghp5duq\OneDrive\Desktop\SIH\3\docking_results\amocarzine_docked.pdbqt
prothipendyl,-6.436,C:\Users\kunsh_ghp5duq\OneDrive\Desktop\SIH\3\docking_results\prothipendyl_docked.pdbqt
buphenine,-6.436,C:\Users\kunsh_ghp5duq\OneDrive\Desktop\SIH\3\docking_results\buphenine_docked.pdbqt
fepradinol,-6.435,C:\Users\kunsh_ghp5duq\OneDrive\Desktop\SIH\3\docking_results\fepradinol_docked.pdbqt
histapyrrodine,-6.435,C:\Users\kunsh_ghp5duq\OneDrive\Desktop\SIH\3\docking_results\histapyrrodine_docked.pdbqt
zipeprol,-6.435,C:\Users\kunsh_ghp5duq\OneDrive\Desktop\SIH\3\docking_results\zipeprol_docked.pdbqt
tocainide,-6.434,C:\Users\kunsh_ghp5duq\OneDrive\Desktop\SIH\3\docking_results\tocainide_docked.pdbqt
tiocarlide,-6.43,C:\Users\kunsh_ghp5duq\OneDrive\Desktop\SIH\3\docking_results\tiocarlide_docked.pdbqt
doxylamine,-6.43,C:\Users\kunsh_ghp5duq\OneDrive\Desktop\SIH\3\docking_results\doxylamine_docked.pdbqt
promethazine,-6.43,C:\Users\kunsh_ghp5duq\OneDrive\Desktop\SIH\3\docking_results\promethazine_docked.pdbqt
aranidipine,-6.428,C:\Users\kunsh_ghp5duq\OneDrive\Desktop\SIH\3\docking_results\aranidipine_docked.pdbqt
rucaparib,-6.427,C:\Users\kunsh_ghp5duq\OneDrive\Desktop\SIH\3\docking_results\rucaparib_docked.pdbqt
fenalcomine,-6.427,C:\Users\kunsh_ghp5duq\OneDrive\Desktop\SIH\3\docking_results\fenalcomine_docked.pdbqt
temozolomide,-6.427,C:\Users\kunsh_ghp5duq\OneDrive\Desktop\SIH\3\docking_results\temozolomide_docked.pdbqt
molsidomine,-6.426,C:\Users\kunsh_ghp5duq\OneDrive\Desktop\SIH\3\docking_results\molsidomine_docked.pdbqt
teclothiazide,-6.426,C:\Users\kunsh_ghp5duq\OneDrive\Desktop\SIH\3\docking_results\teclothiazide_docked.pdbqt
cimetropium,-6.426,C:\Users\kunsh_ghp5duq\OneDrive\Desktop\SIH\3\docking_results\cimetropium_docked.pdbqt
thioacetazone,-6.425,C:\Users\kunsh_ghp5duq\OneDrive\Desktop\SIH\3\docking_results\thioacetazone_docked.pdbqt
diphenylpyraline,-6.424,C:\Users\kunsh_ghp5duq\OneDrive\Desktop\SIH\3\docking_results\diphenylpyraline_docked.pdbqt
acetylmethadol,-6.423,C:\Users\kunsh_ghp5duq\OneDrive\Desktop\SIH\3\docking_results\acetylmethadol_docked.pdbqt
acyclovir,-6.421,C:\Users\kunsh_ghp5duq\OneDrive\Desktop\SIH\3\docking_results\acyclovir_docked.pdbqt
cyamemazine,-6.419,C:\Users\kunsh_ghp5duq\OneDrive\Desktop\SIH\3\docking_results\cyamemazine_docked.pdbqt
bisaramil,-6.419,C:\Users\kunsh_ghp5duq\OneDrive\Desktop\SIH\3\docking_results\bisaramil_docked.pdbqt
aceglatone,-6.417,C:\Users\kunsh_ghp5duq\OneDrive\Desktop\SIH\3\docking_results\aceglatone_docked.pdbqt
fenproporex,-6.417,C:\Users\kunsh_ghp5duq\OneDrive\Desktop\SIH\3\docking_results\fenproporex_docked.pdbqt
hydrocodone,-6.417,C:\Users\kunsh_ghp5duq\OneDrive\Desktop\SIH\3\docking_results\hydrocodone_docked.pdbqt
riluzole,-6.415,C:\Users\kunsh_ghp5duq\OneDrive\Desktop\SIH\3\docking_results\riluzole_docked.pdbqt
nicofibrate,-6.415,C:\Users\kunsh_ghp5duq\OneDrive\Desktop\SIH\3\docking_results\nicofibrate_docked.pdbqt
emepronium,-6.414,C:\Users\kunsh_ghp5duq\OneDrive\Desktop\SIH\3\docking_results\emepronium_docked.pdbqt
amphenidone,-6.413,C:\Users\kunsh_ghp5duq\OneDrive\Desktop\SIH\3\docking_results\amphenidone_docked.pdbqt
imiquimod,-6.413,C:\Users\kunsh_ghp5duq\OneDrive\Desktop\SIH\3\docking_results\imiquimod_docked.pdbqt
dioxethedrin,-6.412,C:\Users\kunsh_ghp5duq\OneDrive\Desktop\SIH\3\docking_results\dioxethedrin_docked.pdbqt
clebopride,-6.412,C:\Users\kunsh_ghp5duq\OneDrive\Desktop\SIH\3\docking_results\clebopride_docked.pdbqt
piminodine,-6.411,C:\Users\kunsh_ghp5duq\OneDrive\Desktop\SIH\3\docking_results\piminodine_docked.pdbqt
etoxazene,-6.408,C:\Users\kunsh_ghp5duq\OneDrive\Desktop\SIH\3\docking_results\etoxazene_docked.pdbqt
medifoxamine,-6.407,C:\Users\kunsh_ghp5duq\OneDrive\Desktop\SIH\3\docking_results\medifoxamine_docked.pdbqt
felbamate,-6.406,C:\Users\kunsh_ghp5duq\OneDrive\Desktop\SIH\3\docking_results\felbamate_docked.pdbqt
fluoxymesterone,-6.404,C:\Users\kunsh_ghp5duq\OneDrive\Desktop\SIH\3\docking_results\fluoxymesterone_docked.pdbqt
parsalmide,-6.403,C:\Users\kunsh_ghp5duq\OneDrive\Desktop\SIH\3\docking_results\parsalmide_docked.pdbqt
monobenzone,-6.402,C:\Users\kunsh_ghp5duq\OneDrive\Desktop\SIH\3\docking_results\monobenzone_docked.pdbqt
epoprostenol,-6.402,C:\Users\kunsh_ghp5duq\OneDrive\Desktop\SIH\3\docking_results\epoprostenol_docked.pdbqt
proxyphylline,-6.4,C:\Users\kunsh_ghp5duq\OneDrive\Desktop\SIH\3\docking_results\proxyphylline_docked.pdbqt
chlorproethazine,-6.399,C:\Users\kunsh_ghp5duq\OneDrive\Desktop\SIH\3\docking_results\chlorproethazine_docked.pdbqt
capobenic_acid,-6.397,C:\Users\kunsh_ghp5duq\OneDrive\Desktop\SIH\3\docking_results\capobenic_acid_docked.pdbqt
etamiphylline,-6.396,C:\Users\kunsh_ghp5duq\OneDrive\Desktop\SIH\3\docking_results\etamiphylline_docked.pdbqt
cytisine,-6.396,C:\Users\kunsh_ghp5duq\OneDrive\Desktop\SIH\3\docking_results\cytisine_docked.pdbqt
thurfyl_nicotinate,-6.393,C:\Users\kunsh_ghp5duq\OneDrive\Desktop\SIH\3\docking_results\thurfyl_nicotinate_docked.pdbqt
eperisone,-6.392,C:\Users\kunsh_ghp5duq\OneDrive\Desktop\SIH\3\docking_results\eperisone_docked.pdbqt
mestanolone,-6.391,C:\Users\kunsh_ghp5duq\OneDrive\Desktop\SIH\3\docking_results\mestanolone_docked.pdbqt
succinylsulfathiazole,-6.391,C:\Users\kunsh_ghp5duq\OneDrive\Desktop\SIH\3\docking_results\succinylsulfathiazole_docked.pdbqt
clobenzorex,-6.39,C:\Users\kunsh_ghp5duq\OneDrive\Desktop\SIH\3\docking_results\clobenzorex_docked.pdbqt
ambroxol,-6.39,C:\Users\kunsh_ghp5duq\OneDrive\Desktop\SIH\3\docking_results\ambroxol_docked.pdbqt
chlorpromazine,-6.389,C:\Users\kunsh_ghp5duq\OneDrive\Desktop\SIH\3\docking_results\chlorpromazine_docked.pdbqt
siccanin,-6.389,C:\Users\kunsh_ghp5duq\OneDrive\Desktop\SIH\3\docking_results\siccanin_docked.pdbqt
prajmalium,-6.388,C:\Users\kunsh_ghp5duq\OneDrive\Desktop\SIH\3\docking_results\prajmalium_docked.pdbqt
rhodoquine,-6.388,C:\Users\kunsh_ghp5duq\OneDrive\Desktop\SIH\3\docking_results\rhodoquine_docked.pdbqt
triclosan,-6.387,C:\Users\kunsh_ghp5duq\OneDrive\Desktop\SIH\3\docking_results\triclosan_docked.pdbqt
dexmedetomidine,-6.385,C:\Users\kunsh_ghp5duq\OneDrive\Desktop\SIH\3\docking_results\dexmedetomidine_docked.pdbqt
aminorex,-6.385,C:\Users\kunsh_ghp5duq\OneDrive\Desktop\SIH\3\docking_results\aminorex_docked.pdbqt
hexestrol,-6.384,C:\Users\kunsh_ghp5duq\OneDrive\Desktop\SIH\3\docking_results\hexestrol_docked.pdbqt
floredil,-6.384,C:\Users\kunsh_ghp5duq\OneDrive\Desktop\SIH\3\docking_results\floredil_docked.pdbqt
fosfluconazole,-6.382,C:\Users\kunsh_ghp5duq\OneDrive\Desktop\SIH\3\docking_results\fosfluconazole_docked.pdbqt
diatrizoate,-6.378,C:\Users\kunsh_ghp5duq\OneDrive\Desktop\SIH\3\docking_results\diatrizoate_docked.pdbqt
nitrendipine,-6.378,C:\Users\kunsh_ghp5duq\OneDrive\Desktop\SIH\3\docking_results\nitrendipine_docked.pdbqt
desomorphine,-6.377,C:\Users\kunsh_ghp5duq\OneDrive\Desktop\SIH\3\docking_results\desomorphine_docked.pdbqt
dihydrocodeine,-6.377,C:\Users\kunsh_ghp5duq\OneDrive\Desktop\SIH\3\docking_results\dihydrocodeine_docked.pdbqt
etryptamine,-6.375,C:\Users\kunsh_ghp5duq\OneDrive\Desktop\SIH\3\docking_results\etryptamine_docked.pdbqt
nalbuphine,-6.375,C:\Users\kunsh_ghp5duq\OneDrive\Desktop\SIH\3\docking_results\nalbuphine_docked.pdbqt
carbocromen,-6.374,C:\Users\kunsh_ghp5duq\OneDrive\Desktop\SIH\3\docking_results\carbocromen_docked.pdbqt
ciclonicate,-6.373,C:\Users\kunsh_ghp5duq\OneDrive\Desktop\SIH\3\docking_results\ciclonicate_docked.pdbqt
lorlatinib,-6.371,C:\Users\kunsh_ghp5duq\OneDrive\Desktop\SIH\3\docking_results\lorlatinib_docked.pdbqt
carbocysteine-lysine,-6.37,C:\Users\kunsh_ghp5duq\OneDrive\Desktop\SIH\3\docking_results\carbocysteine-lysine_docked.pdbqt
clopidogrel,-6.37,C:\Users\kunsh_ghp5duq\OneDrive\Desktop\SIH\3\docking_results\clopidogrel_docked.pdbqt
pheniodol_sodium,-6.369,C:\Users\kunsh_ghp5duq\OneDrive\Desktop\SIH\3\docking_results\pheniodol_sodium_docked.pdbqt
artemotil,-6.369,C:\Users\kunsh_ghp5duq\OneDrive\Desktop\SIH\3\docking_results\artemotil_docked.pdbqt
tegaserod,-6.368,C:\Users\kunsh_ghp5duq\OneDrive\Desktop\SIH\3\docking_results\tegaserod_docked.pdbqt
cafaminol,-6.368,C:\Users\kunsh_ghp5duq\OneDrive\Desktop\SIH\3\docking_results\cafaminol_docked.pdbqt
proparacaine,-6.368,C:\Users\kunsh_ghp5duq\OneDrive\Desktop\SIH\3\docking_results\proparacaine_docked.pdbqt
buramate,-6.367,C:\Users\kunsh_ghp5duq\OneDrive\Desktop\SIH\3\docking_results\buramate_docked.pdbqt
thenalidine,-6.367,C:\Users\kunsh_ghp5duq\OneDrive\Desktop\SIH\3\docking_results\thenalidine_docked.pdbqt
carboprost,-6.363,C:\Users\kunsh_ghp5duq\OneDrive\Desktop\SIH\3\docking_results\carboprost_docked.pdbqt
sunitinib,-6.362,C:\Users\kunsh_ghp5duq\OneDrive\Desktop\SIH\3\docking_results\sunitinib_docked.pdbqt
bepridil,-6.362,C:\Users\kunsh_ghp5duq\OneDrive\Desktop\SIH\3\docking_results\bepridil_docked.pdbqt
etafenone,-6.361,C:\Users\kunsh_ghp5duq\OneDrive\Desktop\SIH\3\docking_results\etafenone_docked.pdbqt
nitrazepam,-6.36,C:\Users\kunsh_ghp5duq\OneDrive\Desktop\SIH\3\docking_results\nitrazepam_docked.pdbqt
dosulepin,-6.359,C:\Users\kunsh_ghp5duq\OneDrive\Desktop\SIH\3\docking_results\dosulepin_docked.pdbqt
artenimol,-6.357,C:\Users\kunsh_ghp5duq\OneDrive\Desktop\SIH\3\docking_results\artenimol_docked.pdbqt
methohexital,-6.357,C:\Users\kunsh_ghp5duq\OneDrive\Desktop\SIH\3\docking_results\methohexital_docked.pdbqt
cimetidine,-6.352,C:\Users\kunsh_ghp5duq\OneDrive\Desktop\SIH\3\docking_results\cimetidine_docked.pdbqt
pyrimethamine,-6.352,C:\Users\kunsh_ghp5duq\OneDrive\Desktop\SIH\3\docking_results\pyrimethamine_docked.pdbqt
icotinib,-6.351,C:\Users\kunsh_ghp5duq\OneDrive\Desktop\SIH\3\docking_results\icotinib_docked.pdbqt
methopromazine,-6.351,C:\Users\kunsh_ghp5duq\OneDrive\Desktop\SIH\3\docking_results\methopromazine_docked.pdbqt
erdosteine,-6.349,C:\Users\kunsh_ghp5duq\OneDrive\Desktop\SIH\3\docking_results\erdosteine_docked.pdbqt
ramifenazone,-6.349,C:\Users\kunsh_ghp5duq\OneDrive\Desktop\SIH\3\docking_results\ramifenazone_docked.pdbqt
xibornol,-6.348,C:\Users\kunsh_ghp5duq\OneDrive\Desktop\SIH\3\docking_results\xibornol_docked.pdbqt
levorphanol,-6.348,C:\Users\kunsh_ghp5duq\OneDrive\Desktop\SIH\3\docking_results\levorphanol_docked.pdbqt
bietamiverine,-6.347,C:\Users\kunsh_ghp5duq\OneDrive\Desktop\SIH\3\docking_results\bietamiverine_docked.pdbqt
chlorotrianisene,-6.346,C:\Users\kunsh_ghp5duq\OneDrive\Desktop\SIH\3\docking_results\chlorotrianisene_docked.pdbqt
isomethadone,-6.346,C:\Users\kunsh_ghp5duq\OneDrive\Desktop\SIH\3\docking_results\isomethadone_docked.pdbqt
terbutaline,-6.345,C:\Users\kunsh_ghp5duq\OneDrive\Desktop\SIH\3\docking_results\terbutaline_docked.pdbqt
ipratropium,-6.344,C:\Users\kunsh_ghp5duq\OneDrive\Desktop\SIH\3\docking_results\ipratropium_docked.pdbqt
epinephrine,-6.343,C:\Users\kunsh_ghp5duq\OneDrive\Desktop\SIH\3\docking_results\epinephrine_docked.pdbqt
lanoconazole,-6.343,C:\Users\kunsh_ghp5duq\OneDrive\Desktop\SIH\3\docking_results\lanoconazole_docked.pdbqt
oxolamine,-6.343,C:\Users\kunsh_ghp5duq\OneDrive\Desktop\SIH\3\docking_results\oxolamine_docked.pdbqt
dipyrithione,-6.342,C:\Users\kunsh_ghp5duq\OneDrive\Desktop\SIH\3\docking_results\dipyrithione_docked.pdbqt
protiofate,-6.342,C:\Users\kunsh_ghp5duq\OneDrive\Desktop\SIH\3\docking_results\protiofate_docked.pdbqt
chlorozotocin,-6.342,C:\Users\kunsh_ghp5duq\OneDrive\Desktop\SIH\3\docking_results\chlorozotocin_docked.pdbqt
cloforex,-6.342,C:\Users\kunsh_ghp5duq\OneDrive\Desktop\SIH\3\docking_results\cloforex_docked.pdbqt
tymazoline,-6.341,C:\Users\kunsh_ghp5duq\OneDrive\Desktop\SIH\3\docking_results\tymazoline_docked.pdbqt
tetroxoprim,-6.341,C:\Users\kunsh_ghp5duq\OneDrive\Desktop\SIH\3\docking_results\tetroxoprim_docked.pdbqt
inqovi,-6.341,C:\Users\kunsh_ghp5duq\OneDrive\Desktop\SIH\3\docking_results\inqovi_docked.pdbqt
cycrimine,-6.338,C:\Users\kunsh_ghp5duq\OneDrive\Desktop\SIH\3\docking_results\cycrimine_docked.pdbqt
hyoscyamine,-6.338,C:\Users\kunsh_ghp5duq\OneDrive\Desktop\SIH\3\docking_results\hyoscyamine_docked.pdbqt
hydroxypethidine,-6.336,C:\Users\kunsh_ghp5duq\OneDrive\Desktop\SIH\3\docking_results\hydroxypethidine_docked.pdbqt
benzoyl_peroxide,-6.336,C:\Users\kunsh_ghp5duq\OneDrive\Desktop\SIH\3\docking_results\benzoyl_peroxide_docked.pdbqt
tofenacin,-6.335,C:\Users\kunsh_ghp5duq\OneDrive\Desktop\SIH\3\docking_results\tofenacin_docked.pdbqt
denaverine,-6.335,C:\Users\kunsh_ghp5duq\OneDrive\Desktop\SIH\3\docking_results\denaverine_docked.pdbqt
cloricromen,-6.333,C:\Users\kunsh_ghp5duq\OneDrive\Desktop\SIH\3\docking_results\cloricromen_docked.pdbqt
oxybuprocaine,-6.333,C:\Users\kunsh_ghp5duq\OneDrive\Desktop\SIH\3\docking_results\oxybuprocaine_docked.pdbqt
corbadrine,-6.332,C:\Users\kunsh_ghp5duq\OneDrive\Desktop\SIH\3\docking_results\corbadrine_docked.pdbqt
triprolidine,-6.331,C:\Users\kunsh_ghp5duq\OneDrive\Desktop\SIH\3\docking_results\triprolidine_docked.pdbqt
prenylamine,-6.327,C:\Users\kunsh_ghp5duq\OneDrive\Desktop\SIH\3\docking_results\prenylamine_docked.pdbqt
trimethoprim,-6.326,C:\Users\kunsh_ghp5duq\OneDrive\Desktop\SIH\3\docking_results\trimethoprim_docked.pdbqt
chloropyramine,-6.326,C:\Users\kunsh_ghp5duq\OneDrive\Desktop\SIH\3\docking_results\chloropyramine_docked.pdbqt
phendimetrazine,-6.326,C:\Users\kunsh_ghp5duq\OneDrive\Desktop\SIH\3\docking_results\phendimetrazine_docked.pdbqt
melphalan,-6.325,C:\Users\kunsh_ghp5duq\OneDrive\Desktop\SIH\3\docking_results\melphalan_docked.pdbqt
tinofedrine,-6.325,C:\Users\kunsh_ghp5duq\OneDrive\Desktop\SIH\3\docking_results\tinofedrine_docked.pdbqt
medetomidine,-6.324,C:\Users\kunsh_ghp5duq\OneDrive\Desktop\SIH\3\docking_results\medetomidine_docked.pdbqt
risedronic_acid,-6.323,C:\Users\kunsh_ghp5duq\OneDrive\Desktop\SIH\3\docking_results\risedronic_acid_docked.pdbqt
styramate,-6.32,C:\Users\kunsh_ghp5duq\OneDrive\Desktop\SIH\3\docking_results\styramate_docked.pdbqt
abametapir,-6.318,C:\Users\kunsh_ghp5duq\OneDrive\Desktop\SIH\3\docking_results\abametapir_docked.pdbqt
clofibride,-6.316,C:\Users\kunsh_ghp5duq\OneDrive\Desktop\SIH\3\docking_results\clofibride_docked.pdbqt
cetilistat,-6.316,C:\Users\kunsh_ghp5duq\OneDrive\Desktop\SIH\3\docking_results\cetilistat_docked.pdbqt
tolycaine,-6.315,C:\Users\kunsh_ghp5duq\OneDrive\Desktop\SIH\3\docking_results\tolycaine_docked.pdbqt
dihexyverine,-6.314,C:\Users\kunsh_ghp5duq\OneDrive\Desktop\SIH\3\docking_results\dihexyverine_docked.pdbqt
pildralazine,-6.313,C:\Users\kunsh_ghp5duq\OneDrive\Desktop\SIH\3\docking_results\pildralazine_docked.pdbqt
levamisole,-6.313,C:\Users\kunsh_ghp5duq\OneDrive\Desktop\SIH\3\docking_results\levamisole_docked.pdbqt
ethyl_loflazepate,-6.312,C:\Users\kunsh_ghp5duq\OneDrive\Desktop\SIH\3\docking_results\ethyl_loflazepate_docked.pdbqt
avapritinib,-6.312,C:\Users\kunsh_ghp5duq\OneDrive\Desktop\SIH\3\docking_results\avapritinib_docked.pdbqt
phenazone,-6.311,C:\Users\kunsh_ghp5duq\OneDrive\Desktop\SIH\3\docking_results\phenazone_docked.pdbqt
rociverine,-6.31,C:\Users\kunsh_ghp5duq\OneDrive\Desktop\SIH\3\docking_results\rociverine_docked.pdbqt
octabenzone,-6.31,C:\Users\kunsh_ghp5duq\OneDrive\Desktop\SIH\3\docking_results\octabenzone_docked.pdbqt
guanacline,-6.308,C:\Users\kunsh_ghp5duq\OneDrive\Desktop\SIH\3\docking_results\guanacline_docked.pdbqt
proglumide,-6.308,C:\Users\kunsh_ghp5duq\OneDrive\Desktop\SIH\3\docking_results\proglumide_docked.pdbqt
acotiamide,-6.307,C:\Users\kunsh_ghp5duq\OneDrive\Desktop\SIH\3\docking_results\acotiamide_docked.pdbqt
lofexidine,-6.307,C:\Users\kunsh_ghp5duq\OneDrive\Desktop\SIH\3\docking_results\lofexidine_docked.pdbqt
chlorfenethazine,-6.307,C:\Users\kunsh_ghp5duq\OneDrive\Desktop\SIH\3\docking_results\chlorfenethazine_docked.pdbqt
mabuterol,-6.306,C:\Users\kunsh_ghp5duq\OneDrive\Desktop\SIH\3\docking_results\mabuterol_docked.pdbqt
atropine_oxyde,-6.305,C:\Users\kunsh_ghp5duq\OneDrive\Desktop\SIH\3\docking_results\atropine_oxyde_docked.pdbqt
aminosalicylic_acid,-6.305,C:\Users\kunsh_ghp5duq\OneDrive\Desktop\SIH\3\docking_results\aminosalicylic_acid_docked.pdbqt
bromazepam,-6.303,C:\Users\kunsh_ghp5duq\OneDrive\Desktop\SIH\3\docking_results\bromazepam_docked.pdbqt
practolol,-6.301,C:\Users\kunsh_ghp5duq\OneDrive\Desktop\SIH\3\docking_results\practolol_docked.pdbqt
irsogladine,-6.299,C:\Users\kunsh_ghp5duq\OneDrive\Desktop\SIH\3\docking_results\irsogladine_docked.pdbqt
disopyramide,-6.299,C:\Users\kunsh_ghp5duq\OneDrive\Desktop\SIH\3\docking_results\disopyramide_docked.pdbqt
clotiazepam,-6.298,C:\Users\kunsh_ghp5duq\OneDrive\Desktop\SIH\3\docking_results\clotiazepam_docked.pdbqt
bermoprofen,-6.295,C:\Users\kunsh_ghp5duq\OneDrive\Desktop\SIH\3\docking_results\bermoprofen_docked.pdbqt
adrenalone,-6.294,C:\Users\kunsh_ghp5duq\OneDrive\Desktop\SIH\3\docking_results\adrenalone_docked.pdbqt
bibenzonium,-6.294,C:\Users\kunsh_ghp5duq\OneDrive\Desktop\SIH\3\docking_results\bibenzonium_docked.pdbqt
sodium_tetradecyl_sulfate,-6.294,C:\Users\kunsh_ghp5duq\OneDrive\Desktop\SIH\3\docking_results\sodium_tetradecyl_sulfate_docked.pdbqt
isopropamide,-6.294,C:\Users\kunsh_ghp5duq\OneDrive\Desktop\SIH\3\docking_results\isopropamide_docked.pdbqt
cyclizine,-6.294,C:\Users\kunsh_ghp5duq\OneDrive\Desktop\SIH\3\docking_results\cyclizine_docked.pdbqt
mebutizide,-6.293,C:\Users\kunsh_ghp5duq\OneDrive\Desktop\SIH\3\docking_results\mebutizide_docked.pdbqt
articaine,-6.292,C:\Users\kunsh_ghp5duq\OneDrive\Desktop\SIH\3\docking_results\articaine_docked.pdbqt
diethylstilbestrol,-6.292,C:\Users\kunsh_ghp5duq\OneDrive\Desktop\SIH\3\docking_results\diethylstilbestrol_docked.pdbqt
tedisamil,-6.29,C:\Users\kunsh_ghp5duq\OneDrive\Desktop\SIH\3\docking_results\tedisamil_docked.pdbqt
rimazolium,-6.287,C:\Users\kunsh_ghp5duq\OneDrive\Desktop\SIH\3\docking_results\rimazolium_docked.pdbqt
bupivacaine,-6.285,C:\Users\kunsh_ghp5duq\OneDrive\Desktop\SIH\3\docking_results\bupivacaine_docked.pdbqt
methanthelinium,-6.285,C:\Users\kunsh_ghp5duq\OneDrive\Desktop\SIH\3\docking_results\methanthelinium_docked.pdbqt
phenglutarimide,-6.284,C:\Users\kunsh_ghp5duq\OneDrive\Desktop\SIH\3\docking_results\phenglutarimide_docked.pdbqt
prifinium,-6.283,C:\Users\kunsh_ghp5duq\OneDrive\Desktop\SIH\3\docking_results\prifinium_docked.pdbqt
aminophenazone,-6.283,C:\Users\kunsh_ghp5duq\OneDrive\Desktop\SIH\3\docking_results\aminophenazone_docked.pdbqt
vonoprazan,-6.282,C:\Users\kunsh_ghp5duq\OneDrive\Desktop\SIH\3\docking_results\vonoprazan_docked.pdbqt
minoxidil,-6.282,C:\Users\kunsh_ghp5duq\OneDrive\Desktop\SIH\3\docking_results\minoxidil_docked.pdbqt
ibutilide,-6.277,C:\Users\kunsh_ghp5duq\OneDrive\Desktop\SIH\3\docking_results\ibutilide_docked.pdbqt
carisbamate,-6.275,C:\Users\kunsh_ghp5duq\OneDrive\Desktop\SIH\3\docking_results\carisbamate_docked.pdbqt
adiphenine,-6.275,C:\Users\kunsh_ghp5duq\OneDrive\Desktop\SIH\3\docking_results\adiphenine_docked.pdbqt
levobupivacaine,-6.273,C:\Users\kunsh_ghp5duq\OneDrive\Desktop\SIH\3\docking_results\levobupivacaine_docked.pdbqt
bunaftine,-6.273,C:\Users\kunsh_ghp5duq\OneDrive\Desktop\SIH\3\docking_results\bunaftine_docked.pdbqt
bisulepine,-6.273,C:\Users\kunsh_ghp5duq\OneDrive\Desktop\SIH\3\docking_results\bisulepine_docked.pdbqt
metoprolol,-6.272,C:\Users\kunsh_ghp5duq\OneDrive\Desktop\SIH\3\docking_results\metoprolol_docked.pdbqt
selpercatinib,-6.272,C:\Users\kunsh_ghp5duq\OneDrive\Desktop\SIH\3\docking_results\selpercatinib_docked.pdbqt
oxomemazine,-6.27,C:\Users\kunsh_ghp5duq\OneDrive\Desktop\SIH\3\docking_results\oxomemazine_docked.pdbqt
amisulpride,-6.27,C:\Users\kunsh_ghp5duq\OneDrive\Desktop\SIH\3\docking_results\amisulpride_docked.pdbqt
esketamine,-6.268,C:\Users\kunsh_ghp5duq\OneDrive\Desktop\SIH\3\docking_results\esketamine_docked.pdbqt
ambuside,-6.268,C:\Users\kunsh_ghp5duq\OneDrive\Desktop\SIH\3\docking_results\ambuside_docked.pdbqt
nemonapride,-6.268,C:\Users\kunsh_ghp5duq\OneDrive\Desktop\SIH\3\docking_results\nemonapride_docked.pdbqt
sufentanil,-6.268,C:\Users\kunsh_ghp5duq\OneDrive\Desktop\SIH\3\docking_results\sufentanil_docked.pdbqt
profenamine,-6.267,C:\Users\kunsh_ghp5duq\OneDrive\Desktop\SIH\3\docking_results\profenamine_docked.pdbqt
motretinide,-6.264,C:\Users\kunsh_ghp5duq\OneDrive\Desktop\SIH\3\docking_results\motretinide_docked.pdbqt
bempedoic_acid,-6.264,C:\Users\kunsh_ghp5duq\OneDrive\Desktop\SIH\3\docking_results\bempedoic_acid_docked.pdbqt
capecitabine,-6.264,C:\Users\kunsh_ghp5duq\OneDrive\Desktop\SIH\3\docking_results\capecitabine_docked.pdbqt
felodipine,-6.264,C:\Users\kunsh_ghp5duq\OneDrive\Desktop\SIH\3\docking_results\felodipine_docked.pdbqt
proxazole,-6.263,C:\Users\kunsh_ghp5duq\OneDrive\Desktop\SIH\3\docking_results\proxazole_docked.pdbqt
rioprostil,-6.262,C:\Users\kunsh_ghp5duq\OneDrive\Desktop\SIH\3\docking_results\rioprostil_docked.pdbqt
letosteine,-6.259,C:\Users\kunsh_ghp5duq\OneDrive\Desktop\SIH\3\docking_results\letosteine_docked.pdbqt
phenprocoumon,-6.259,C:\Users\kunsh_ghp5duq\OneDrive\Desktop\SIH\3\docking_results\phenprocoumon_docked.pdbqt
buflomedil,-6.258,C:\Users\kunsh_ghp5duq\OneDrive\Desktop\SIH\3\docking_results\buflomedil_docked.pdbqt
thiazinam,-6.257,C:\Users\kunsh_ghp5duq\OneDrive\Desktop\SIH\3\docking_results\thiazinam_docked.pdbqt
zanamivir,-6.257,C:\Users\kunsh_ghp5duq\OneDrive\Desktop\SIH\3\docking_results\zanamivir_docked.pdbqt
tolterodine,-6.254,C:\Users\kunsh_ghp5duq\OneDrive\Desktop\SIH\3\docking_results\tolterodine_docked.pdbqt
butazolamide,-6.254,C:\Users\kunsh_ghp5duq\OneDrive\Desktop\SIH\3\docking_results\butazolamide_docked.pdbqt
fotemustine,-6.253,C:\Users\kunsh_ghp5duq\OneDrive\Desktop\SIH\3\docking_results\fotemustine_docked.pdbqt
ketobemidone,-6.249,C:\Users\kunsh_ghp5duq\OneDrive\Desktop\SIH\3\docking_results\ketobemidone_docked.pdbqt
iodohippurate_sodium_I125,-6.248,C:\Users\kunsh_ghp5duq\OneDrive\Desktop\SIH\3\docking_results\iodohippurate_sodium_I125_docked.pdbqt
etomidate,-6.248,C:\Users\kunsh_ghp5duq\OneDrive\Desktop\SIH\3\docking_results\etomidate_docked.pdbqt
ropinirole,-6.244,C:\Users\kunsh_ghp5duq\OneDrive\Desktop\SIH\3\docking_results\ropinirole_docked.pdbqt
scopolamine_butylbromide,-6.244,C:\Users\kunsh_ghp5duq\OneDrive\Desktop\SIH\3\docking_results\scopolamine_butylbromide_docked.pdbqt
alloclamide,-6.244,C:\Users\kunsh_ghp5duq\OneDrive\Desktop\SIH\3\docking_results\alloclamide_docked.pdbqt
theobromine,-6.242,C:\Users\kunsh_ghp5duq\OneDrive\Desktop\SIH\3\docking_results\theobromine_docked.pdbqt
halazepam,-6.242,C:\Users\kunsh_ghp5duq\OneDrive\Desktop\SIH\3\docking_results\halazepam_docked.pdbqt
propenidazole,-6.239,C:\Users\kunsh_ghp5duq\OneDrive\Desktop\SIH\3\docking_results\propenidazole_docked.pdbqt
aminopromazine,-6.239,C:\Users\kunsh_ghp5duq\OneDrive\Desktop\SIH\3\docking_results\aminopromazine_docked.pdbqt
paraoxon,-6.237,C:\Users\kunsh_ghp5duq\OneDrive\Desktop\SIH\3\docking_results\paraoxon_docked.pdbqt
imolamine,-6.237,C:\Users\kunsh_ghp5duq\OneDrive\Desktop\SIH\3\docking_results\imolamine_docked.pdbqt
idebenone,-6.234,C:\Users\kunsh_ghp5duq\OneDrive\Desktop\SIH\3\docking_results\idebenone_docked.pdbqt
tiapride,-6.234,C:\Users\kunsh_ghp5duq\OneDrive\Desktop\SIH\3\docking_results\tiapride_docked.pdbqt
chlornaphazine,-6.231,C:\Users\kunsh_ghp5duq\OneDrive\Desktop\SIH\3\docking_results\chlornaphazine_docked.pdbqt
fedrilate,-6.23,C:\Users\kunsh_ghp5duq\OneDrive\Desktop\SIH\3\docking_results\fedrilate_docked.pdbqt
florbetaben_F18,-6.23,C:\Users\kunsh_ghp5duq\OneDrive\Desktop\SIH\3\docking_results\florbetaben_F18_docked.pdbqt
betoxycaine,-6.23,C:\Users\kunsh_ghp5duq\OneDrive\Desktop\SIH\3\docking_results\betoxycaine_docked.pdbqt
chlorphenamine,-6.23,C:\Users\kunsh_ghp5duq\OneDrive\Desktop\SIH\3\docking_results\chlorphenamine_docked.pdbqt
carbinoxamine,-6.226,C:\Users\kunsh_ghp5duq\OneDrive\Desktop\SIH\3\docking_results\carbinoxamine_docked.pdbqt
oxybutynin,-6.226,C:\Users\kunsh_ghp5duq\OneDrive\Desktop\SIH\3\docking_results\oxybutynin_docked.pdbqt
xenysalate,-6.225,C:\Users\kunsh_ghp5duq\OneDrive\Desktop\SIH\3\docking_results\xenysalate_docked.pdbqt
lactulose,-6.225,C:\Users\kunsh_ghp5duq\OneDrive\Desktop\SIH\3\docking_results\lactulose_docked.pdbqt
phenamine,-6.223,C:\Users\kunsh_ghp5duq\OneDrive\Desktop\SIH\3\docking_results\phenamine_docked.pdbqt
hydroxytetracaine,-6.222,C:\Users\kunsh_ghp5duq\OneDrive\Desktop\SIH\3\docking_results\hydroxytetracaine_docked.pdbqt
diazoxide,-6.221,C:\Users\kunsh_ghp5duq\OneDrive\Desktop\SIH\3\docking_results\diazoxide_docked.pdbqt
phencyclidine,-6.219,C:\Users\kunsh_ghp5duq\OneDrive\Desktop\SIH\3\docking_results\phencyclidine_docked.pdbqt
cinnamaverine,-6.218,C:\Users\kunsh_ghp5duq\OneDrive\Desktop\SIH\3\docking_results\cinnamaverine_docked.pdbqt
aprindine,-6.218,C:\Users\kunsh_ghp5duq\OneDrive\Desktop\SIH\3\docking_results\aprindine_docked.pdbqt
hopantenic_acid,-6.216,C:\Users\kunsh_ghp5duq\OneDrive\Desktop\SIH\3\docking_results\hopantenic_acid_docked.pdbqt
dorzolamide,-6.215,C:\Users\kunsh_ghp5duq\OneDrive\Desktop\SIH\3\docking_results\dorzolamide_docked.pdbqt
bisorcic,-6.215,C:\Users\kunsh_ghp5duq\OneDrive\Desktop\SIH\3\docking_results\bisorcic_docked.pdbqt
clofibric_acid,-6.214,C:\Users\kunsh_ghp5duq\OneDrive\Desktop\SIH\3\docking_results\clofibric_acid_docked.pdbqt
chloroquine,-6.214,C:\Users\kunsh_ghp5duq\OneDrive\Desktop\SIH\3\docking_results\chloroquine_docked.pdbqt
phenbenzamine,-6.213,C:\Users\kunsh_ghp5duq\OneDrive\Desktop\SIH\3\docking_results\phenbenzamine_docked.pdbqt
medrylamine,-6.211,C:\Users\kunsh_ghp5duq\OneDrive\Desktop\SIH\3\docking_results\medrylamine_docked.pdbqt
iophenoic_acid,-6.207,C:\Users\kunsh_ghp5duq\OneDrive\Desktop\SIH\3\docking_results\iophenoic_acid_docked.pdbqt
nimorazole,-6.207,C:\Users\kunsh_ghp5duq\OneDrive\Desktop\SIH\3\docking_results\nimorazole_docked.pdbqt
tromantadine,-6.207,C:\Users\kunsh_ghp5duq\OneDrive\Desktop\SIH\3\docking_results\tromantadine_docked.pdbqt
benactyzine,-6.205,C:\Users\kunsh_ghp5duq\OneDrive\Desktop\SIH\3\docking_results\benactyzine_docked.pdbqt
mepyramine,-6.204,C:\Users\kunsh_ghp5duq\OneDrive\Desktop\SIH\3\docking_results\mepyramine_docked.pdbqt
methylchromone,-6.204,C:\Users\kunsh_ghp5duq\OneDrive\Desktop\SIH\3\docking_results\methylchromone_docked.pdbqt
diazepam,-6.204,C:\Users\kunsh_ghp5duq\OneDrive\Desktop\SIH\3\docking_results\diazepam_docked.pdbqt
dinoprost,-6.204,C:\Users\kunsh_ghp5duq\OneDrive\Desktop\SIH\3\docking_results\dinoprost_docked.pdbqt
buclosamide,-6.204,C:\Users\kunsh_ghp5duq\OneDrive\Desktop\SIH\3\docking_results\buclosamide_docked.pdbqt
levopropoxyphene,-6.203,C:\Users\kunsh_ghp5duq\OneDrive\Desktop\SIH\3\docking_results\levopropoxyphene_docked.pdbqt
ibufenac,-6.202,C:\Users\kunsh_ghp5duq\OneDrive\Desktop\SIH\3\docking_results\ibufenac_docked.pdbqt
fabomotizole,-6.2,C:\Users\kunsh_ghp5duq\OneDrive\Desktop\SIH\3\docking_results\fabomotizole_docked.pdbqt
etidocaine,-6.197,C:\Users\kunsh_ghp5duq\OneDrive\Desktop\SIH\3\docking_results\etidocaine_docked.pdbqt
enprofylline,-6.197,C:\Users\kunsh_ghp5duq\OneDrive\Desktop\SIH\3\docking_results\enprofylline_docked.pdbqt
propanidid,-6.196,C:\Users\kunsh_ghp5duq\OneDrive\Desktop\SIH\3\docking_results\propanidid_docked.pdbqt
dimetotiazine,-6.195,C:\Users\kunsh_ghp5duq\OneDrive\Desktop\SIH\3\docking_results\dimetotiazine_docked.pdbqt
picilorex,-6.195,C:\Users\kunsh_ghp5duq\OneDrive\Desktop\SIH\3\docking_results\picilorex_docked.pdbqt
embramine,-6.195,C:\Users\kunsh_ghp5duq\OneDrive\Desktop\SIH\3\docking_results\embramine_docked.pdbqt
ranitidine,-6.194,C:\Users\kunsh_ghp5duq\OneDrive\Desktop\SIH\3\docking_results\ranitidine_docked.pdbqt
pecilocin,-6.194,C:\Users\kunsh_ghp5duq\OneDrive\Desktop\SIH\3\docking_results\pecilocin_docked.pdbqt
iodohippurate_sodium_I131,-6.194,C:\Users\kunsh_ghp5duq\OneDrive\Desktop\SIH\3\docking_results\iodohippurate_sodium_I131_docked.pdbqt
methylatropine,-6.193,C:\Users\kunsh_ghp5duq\OneDrive\Desktop\SIH\3\docking_results\methylatropine_docked.pdbqt
butanilicaine,-6.193,C:\Users\kunsh_ghp5duq\OneDrive\Desktop\SIH\3\docking_results\butanilicaine_docked.pdbqt
dibromotyrosine,-6.191,C:\Users\kunsh_ghp5duq\OneDrive\Desktop\SIH\3\docking_results\dibromotyrosine_docked.pdbqt
flutazolam,-6.189,C:\Users\kunsh_ghp5duq\OneDrive\Desktop\SIH\3\docking_results\flutazolam_docked.pdbqt
pentobarbital,-6.188,C:\Users\kunsh_ghp5duq\OneDrive\Desktop\SIH\3\docking_results\pentobarbital_docked.pdbqt
secobarbital,-6.187,C:\Users\kunsh_ghp5duq\OneDrive\Desktop\SIH\3\docking_results\secobarbital_docked.pdbqt
prucalopride,-6.185,C:\Users\kunsh_ghp5duq\OneDrive\Desktop\SIH\3\docking_results\prucalopride_docked.pdbqt
faropenem,-6.184,C:\Users\kunsh_ghp5duq\OneDrive\Desktop\SIH\3\docking_results\faropenem_docked.pdbqt
deptropine,-6.183,C:\Users\kunsh_ghp5duq\OneDrive\Desktop\SIH\3\docking_results\deptropine_docked.pdbqt
dextrofemine,-6.183,C:\Users\kunsh_ghp5duq\OneDrive\Desktop\SIH\3\docking_results\dextrofemine_docked.pdbqt
cotinine,-6.183,C:\Users\kunsh_ghp5duq\OneDrive\Desktop\SIH\3\docking_results\cotinine_docked.pdbqt
nealbarbital,-6.182,C:\Users\kunsh_ghp5duq\OneDrive\Desktop\SIH\3\docking_results\nealbarbital_docked.pdbqt
iproniazid,-6.181,C:\Users\kunsh_ghp5duq\OneDrive\Desktop\SIH\3\docking_results\iproniazid_docked.pdbqt
mecillinam,-6.181,C:\Users\kunsh_ghp5duq\OneDrive\Desktop\SIH\3\docking_results\mecillinam_docked.pdbqt
disulfamide,-6.179,C:\Users\kunsh_ghp5duq\OneDrive\Desktop\SIH\3\docking_results\disulfamide_docked.pdbqt
propacetamol,-6.176,C:\Users\kunsh_ghp5duq\OneDrive\Desktop\SIH\3\docking_results\propacetamol_docked.pdbqt
sulfisoxazole_acetyl,-6.175,C:\Users\kunsh_ghp5duq\OneDrive\Desktop\SIH\3\docking_results\sulfisoxazole_acetyl_docked.pdbqt
meprylcaine,-6.175,C:\Users\kunsh_ghp5duq\OneDrive\Desktop\SIH\3\docking_results\meprylcaine_docked.pdbqt
phenoxybenzamine,-6.175,C:\Users\kunsh_ghp5duq\OneDrive\Desktop\SIH\3\docking_results\phenoxybenzamine_docked.pdbqt
guanadrel,-6.174,C:\Users\kunsh_ghp5duq\OneDrive\Desktop\SIH\3\docking_results\guanadrel_docked.pdbqt
methadone,-6.173,C:\Users\kunsh_ghp5duq\OneDrive\Desktop\SIH\3\docking_results\methadone_docked.pdbqt
nicoclonate,-6.171,C:\Users\kunsh_ghp5duq\OneDrive\Desktop\SIH\3\docking_results\nicoclonate_docked.pdbqt
pimeclone,-6.17,C:\Users\kunsh_ghp5duq\OneDrive\Desktop\SIH\3\docking_results\pimeclone_docked.pdbqt
dipivefrine,-6.169,C:\Users\kunsh_ghp5duq\OneDrive\Desktop\SIH\3\docking_results\dipivefrine_docked.pdbqt
trospectomycin,-6.167,C:\Users\kunsh_ghp5duq\OneDrive\Desktop\SIH\3\docking_results\trospectomycin_docked.pdbqt
trimetozine,-6.164,C:\Users\kunsh_ghp5duq\OneDrive\Desktop\SIH\3\docking_results\trimetozine_docked.pdbqt
timolol,-6.164,C:\Users\kunsh_ghp5duq\OneDrive\Desktop\SIH\3\docking_results\timolol_docked.pdbqt
oxyphenonium,-6.163,C:\Users\kunsh_ghp5duq\OneDrive\Desktop\SIH\3\docking_results\oxyphenonium_docked.pdbqt
aminoglutethimide,-6.163,C:\Users\kunsh_ghp5duq\OneDrive\Desktop\SIH\3\docking_results\aminoglutethimide_docked.pdbqt
anethole_trithione,-6.162,C:\Users\kunsh_ghp5duq\OneDrive\Desktop\SIH\3\docking_results\anethole_trithione_docked.pdbqt
octisalate,-6.162,C:\Users\kunsh_ghp5duq\OneDrive\Desktop\SIH\3\docking_results\octisalate_docked.pdbqt
chlorambucil,-6.161,C:\Users\kunsh_ghp5duq\OneDrive\Desktop\SIH\3\docking_results\chlorambucil_docked.pdbqt
tigloidine,-6.161,C:\Users\kunsh_ghp5duq\OneDrive\Desktop\SIH\3\docking_results\tigloidine_docked.pdbqt
primidone,-6.161,C:\Users\kunsh_ghp5duq\OneDrive\Desktop\SIH\3\docking_results\primidone_docked.pdbqt
norepinephrine,-6.16,C:\Users\kunsh_ghp5duq\OneDrive\Desktop\SIH\3\docking_results\norepinephrine_docked.pdbqt
baclofen,-6.159,C:\Users\kunsh_ghp5duq\OneDrive\Desktop\SIH\3\docking_results\baclofen_docked.pdbqt
lorazepam,-6.158,C:\Users\kunsh_ghp5duq\OneDrive\Desktop\SIH\3\docking_results\lorazepam_docked.pdbqt
treosulfan,-6.156,C:\Users\kunsh_ghp5duq\OneDrive\Desktop\SIH\3\docking_results\treosulfan_docked.pdbqt
metabutethamine,-6.154,C:\Users\kunsh_ghp5duq\OneDrive\Desktop\SIH\3\docking_results\metabutethamine_docked.pdbqt
nitroxoline,-6.154,C:\Users\kunsh_ghp5duq\OneDrive\Desktop\SIH\3\docking_results\nitroxoline_docked.pdbqt
etamivan,-6.15,C:\Users\kunsh_ghp5duq\OneDrive\Desktop\SIH\3\docking_results\etamivan_docked.pdbqt
metrizoic_acid,-6.149,C:\Users\kunsh_ghp5duq\OneDrive\Desktop\SIH\3\docking_results\metrizoic_acid_docked.pdbqt
tybamate,-6.147,C:\Users\kunsh_ghp5duq\OneDrive\Desktop\SIH\3\docking_results\tybamate_docked.pdbqt
mephenesin,-6.145,C:\Users\kunsh_ghp5duq\OneDrive\Desktop\SIH\3\docking_results\mephenesin_docked.pdbqt
betaxolol,-6.143,C:\Users\kunsh_ghp5duq\OneDrive\Desktop\SIH\3\docking_results\betaxolol_docked.pdbqt
chlorphenoxamine,-6.141,C:\Users\kunsh_ghp5duq\OneDrive\Desktop\SIH\3\docking_results\chlorphenoxamine_docked.pdbqt
methylclothiazide,-6.141,C:\Users\kunsh_ghp5duq\OneDrive\Desktop\SIH\3\docking_results\methylclothiazide_docked.pdbqt
vinbarbital,-6.14,C:\Users\kunsh_ghp5duq\OneDrive\Desktop\SIH\3\docking_results\vinbarbital_docked.pdbqt
oxamarin,-6.138,C:\Users\kunsh_ghp5duq\OneDrive\Desktop\SIH\3\docking_results\oxamarin_docked.pdbqt
capsaicin,-6.138,C:\Users\kunsh_ghp5duq\OneDrive\Desktop\SIH\3\docking_results\capsaicin_docked.pdbqt
dexchlorpheniramine,-6.135,C:\Users\kunsh_ghp5duq\OneDrive\Desktop\SIH\3\docking_results\dexchlorpheniramine_docked.pdbqt
nifurzide,-6.134,C:\Users\kunsh_ghp5duq\OneDrive\Desktop\SIH\3\docking_results\nifurzide_docked.pdbqt
lormetazepam,-6.133,C:\Users\kunsh_ghp5duq\OneDrive\Desktop\SIH\3\docking_results\lormetazepam_docked.pdbqt
tricyclamol_chloride,-6.132,C:\Users\kunsh_ghp5duq\OneDrive\Desktop\SIH\3\docking_results\tricyclamol_chloride_docked.pdbqt
mecloxamine,-6.131,C:\Users\kunsh_ghp5duq\OneDrive\Desktop\SIH\3\docking_results\mecloxamine_docked.pdbqt
fursultiamine,-6.13,C:\Users\kunsh_ghp5duq\OneDrive\Desktop\SIH\3\docking_results\fursultiamine_docked.pdbqt
phenacaine,-6.128,C:\Users\kunsh_ghp5duq\OneDrive\Desktop\SIH\3\docking_results\phenacaine_docked.pdbqt
normethadone,-6.126,C:\Users\kunsh_ghp5duq\OneDrive\Desktop\SIH\3\docking_results\normethadone_docked.pdbqt
edaravone,-6.125,C:\Users\kunsh_ghp5duq\OneDrive\Desktop\SIH\3\docking_results\edaravone_docked.pdbqt
fencamfamin,-6.124,C:\Users\kunsh_ghp5duq\OneDrive\Desktop\SIH\3\docking_results\fencamfamin_docked.pdbqt
pramiracetam,-6.123,C:\Users\kunsh_ghp5duq\OneDrive\Desktop\SIH\3\docking_results\pramiracetam_docked.pdbqt
tripelennamine,-6.123,C:\Users\kunsh_ghp5duq\OneDrive\Desktop\SIH\3\docking_results\tripelennamine_docked.pdbqt
clenbuterol,-6.123,C:\Users\kunsh_ghp5duq\OneDrive\Desktop\SIH\3\docking_results\clenbuterol_docked.pdbqt
alimemazine,-6.123,C:\Users\kunsh_ghp5duq\OneDrive\Desktop\SIH\3\docking_results\alimemazine_docked.pdbqt
mitotane,-6.122,C:\Users\kunsh_ghp5duq\OneDrive\Desktop\SIH\3\docking_results\mitotane_docked.pdbqt
bucetin,-6.122,C:\Users\kunsh_ghp5duq\OneDrive\Desktop\SIH\3\docking_results\bucetin_docked.pdbqt
pentifylline,-6.121,C:\Users\kunsh_ghp5duq\OneDrive\Desktop\SIH\3\docking_results\pentifylline_docked.pdbqt
etilefrine_pivalate,-6.121,C:\Users\kunsh_ghp5duq\OneDrive\Desktop\SIH\3\docking_results\etilefrine_pivalate_docked.pdbqt
cinromide,-6.12,C:\Users\kunsh_ghp5duq\OneDrive\Desktop\SIH\3\docking_results\cinromide_docked.pdbqt
mafenide,-6.12,C:\Users\kunsh_ghp5duq\OneDrive\Desktop\SIH\3\docking_results\mafenide_docked.pdbqt
trimebutine,-6.119,C:\Users\kunsh_ghp5duq\OneDrive\Desktop\SIH\3\docking_results\trimebutine_docked.pdbqt
perflexane,-6.118,C:\Users\kunsh_ghp5duq\OneDrive\Desktop\SIH\3\docking_results\perflexane_docked.pdbqt
iopanoic_acid,-6.118,C:\Users\kunsh_ghp5duq\OneDrive\Desktop\SIH\3\docking_results\iopanoic_acid_docked.pdbqt
butylphthalide,-6.117,C:\Users\kunsh_ghp5duq\OneDrive\Desktop\SIH\3\docking_results\butylphthalide_docked.pdbqt
benzphetamine,-6.117,C:\Users\kunsh_ghp5duq\OneDrive\Desktop\SIH\3\docking_results\benzphetamine_docked.pdbqt
atrolactamide,-6.116,C:\Users\kunsh_ghp5duq\OneDrive\Desktop\SIH\3\docking_results\atrolactamide_docked.pdbqt
sulfacetamide,-6.116,C:\Users\kunsh_ghp5duq\OneDrive\Desktop\SIH\3\docking_results\sulfacetamide_docked.pdbqt
moxastine,-6.116,C:\Users\kunsh_ghp5duq\OneDrive\Desktop\SIH\3\docking_results\moxastine_docked.pdbqt
trimethyldiphenylpropylamine,-6.115,C:\Users\kunsh_ghp5duq\OneDrive\Desktop\SIH\3\docking_results\trimethyldiphenylpropylamine_docked.pdbqt
guancidine,-6.114,C:\Users\kunsh_ghp5duq\OneDrive\Desktop\SIH\3\docking_results\guancidine_docked.pdbqt
hydracarbazine,-6.113,C:\Users\kunsh_ghp5duq\OneDrive\Desktop\SIH\3\docking_results\hydracarbazine_docked.pdbqt
proxibarbal,-6.113,C:\Users\kunsh_ghp5duq\OneDrive\Desktop\SIH\3\docking_results\proxibarbal_docked.pdbqt
pirisudanol,-6.109,C:\Users\kunsh_ghp5duq\OneDrive\Desktop\SIH\3\docking_results\pirisudanol_docked.pdbqt
methoxamine,-6.109,C:\Users\kunsh_ghp5duq\OneDrive\Desktop\SIH\3\docking_results\methoxamine_docked.pdbqt
mesulfen,-6.109,C:\Users\kunsh_ghp5duq\OneDrive\Desktop\SIH\3\docking_results\mesulfen_docked.pdbqt
ciclonium,-6.108,C:\Users\kunsh_ghp5duq\OneDrive\Desktop\SIH\3\docking_results\ciclonium_docked.pdbqt
pronilide,-6.107,C:\Users\kunsh_ghp5duq\OneDrive\Desktop\SIH\3\docking_results\pronilide_docked.pdbqt
irofulven,-6.106,C:\Users\kunsh_ghp5duq\OneDrive\Desktop\SIH\3\docking_results\irofulven_docked.pdbqt
butethamine,-6.103,C:\Users\kunsh_ghp5duq\OneDrive\Desktop\SIH\3\docking_results\butethamine_docked.pdbqt
acebutolol,-6.101,C:\Users\kunsh_ghp5duq\OneDrive\Desktop\SIH\3\docking_results\acebutolol_docked.pdbqt
etretinate,-6.1,C:\Users\kunsh_ghp5duq\OneDrive\Desktop\SIH\3\docking_results\etretinate_docked.pdbqt
metampicillin,-6.1,C:\Users\kunsh_ghp5duq\OneDrive\Desktop\SIH\3\docking_results\metampicillin_docked.pdbqt
aminoxytriphene,-6.099,C:\Users\kunsh_ghp5duq\OneDrive\Desktop\SIH\3\docking_results\aminoxytriphene_docked.pdbqt
lidocaine,-6.097,C:\Users\kunsh_ghp5duq\OneDrive\Desktop\SIH\3\docking_results\lidocaine_docked.pdbqt
amfecloral,-6.096,C:\Users\kunsh_ghp5duq\OneDrive\Desktop\SIH\3\docking_results\amfecloral_docked.pdbqt
clofedanol,-6.095,C:\Users\kunsh_ghp5duq\OneDrive\Desktop\SIH\3\docking_results\clofedanol_docked.pdbqt
etifelmine,-6.095,C:\Users\kunsh_ghp5duq\OneDrive\Desktop\SIH\3\docking_results\etifelmine_docked.pdbqt
homarylamine,-6.095,C:\Users\kunsh_ghp5duq\OneDrive\Desktop\SIH\3\docking_results\homarylamine_docked.pdbqt
cioteronel,-6.095,C:\Users\kunsh_ghp5duq\OneDrive\Desktop\SIH\3\docking_results\cioteronel_docked.pdbqt
alphaprodine,-6.095,C:\Users\kunsh_ghp5duq\OneDrive\Desktop\SIH\3\docking_results\alphaprodine_docked.pdbqt
fenoxypropazine,-6.093,C:\Users\kunsh_ghp5duq\OneDrive\Desktop\SIH\3\docking_results\fenoxypropazine_docked.pdbqt
eldecalcitol,-6.093,C:\Users\kunsh_ghp5duq\OneDrive\Desktop\SIH\3\docking_results\eldecalcitol_docked.pdbqt
etofylline,-6.092,C:\Users\kunsh_ghp5duq\OneDrive\Desktop\SIH\3\docking_results\etofylline_docked.pdbqt
phenylbutanoic_acid,-6.092,C:\Users\kunsh_ghp5duq\OneDrive\Desktop\SIH\3\docking_results\phenylbutanoic_acid_docked.pdbqt
dinoprostone,-6.092,C:\Users\kunsh_ghp5duq\OneDrive\Desktop\SIH\3\docking_results\dinoprostone_docked.pdbqt
tetrazepam,-6.09,C:\Users\kunsh_ghp5duq\OneDrive\Desktop\SIH\3\docking_results\tetrazepam_docked.pdbqt
eterobarb,-6.09,C:\Users\kunsh_ghp5duq\OneDrive\Desktop\SIH\3\docking_results\eterobarb_docked.pdbqt
dimenoxadol,-6.089,C:\Users\kunsh_ghp5duq\OneDrive\Desktop\SIH\3\docking_results\dimenoxadol_docked.pdbqt
tiotropium_bromide,-6.087,C:\Users\kunsh_ghp5duq\OneDrive\Desktop\SIH\3\docking_results\tiotropium_bromide_docked.pdbqt
drotebanol,-6.084,C:\Users\kunsh_ghp5duq\OneDrive\Desktop\SIH\3\docking_results\drotebanol_docked.pdbqt
chloroxine,-6.084,C:\Users\kunsh_ghp5duq\OneDrive\Desktop\SIH\3\docking_results\chloroxine_docked.pdbqt
beclamide,-6.083,C:\Users\kunsh_ghp5duq\OneDrive\Desktop\SIH\3\docking_results\beclamide_docked.pdbqt
dimethazan,-6.083,C:\Users\kunsh_ghp5duq\OneDrive\Desktop\SIH\3\docking_results\dimethazan_docked.pdbqt
cannabidiol,-6.082,C:\Users\kunsh_ghp5duq\OneDrive\Desktop\SIH\3\docking_results\cannabidiol_docked.pdbqt
quazepam,-6.082,C:\Users\kunsh_ghp5duq\OneDrive\Desktop\SIH\3\docking_results\quazepam_docked.pdbqt
dimethocaine,-6.081,C:\Users\kunsh_ghp5duq\OneDrive\Desktop\SIH\3\docking_results\dimethocaine_docked.pdbqt
trepibutone,-6.08,C:\Users\kunsh_ghp5duq\OneDrive\Desktop\SIH\3\docking_results\trepibutone_docked.pdbqt
ambucetamide,-6.079,C:\Users\kunsh_ghp5duq\OneDrive\Desktop\SIH\3\docking_results\ambucetamide_docked.pdbqt
tiliquinol,-6.078,C:\Users\kunsh_ghp5duq\OneDrive\Desktop\SIH\3\docking_results\tiliquinol_docked.pdbqt
phenylbutazone,-6.078,C:\Users\kunsh_ghp5duq\OneDrive\Desktop\SIH\3\docking_results\phenylbutazone_docked.pdbqt
oxedrine,-6.078,C:\Users\kunsh_ghp5duq\OneDrive\Desktop\SIH\3\docking_results\oxedrine_docked.pdbqt
cloxiquine,-6.076,C:\Users\kunsh_ghp5duq\OneDrive\Desktop\SIH\3\docking_results\cloxiquine_docked.pdbqt
iodamide,-6.075,C:\Users\kunsh_ghp5duq\OneDrive\Desktop\SIH\3\docking_results\iodamide_docked.pdbqt
chloralose,-6.074,C:\Users\kunsh_ghp5duq\OneDrive\Desktop\SIH\3\docking_results\chloralose_docked.pdbqt
capuride,-6.074,C:\Users\kunsh_ghp5duq\OneDrive\Desktop\SIH\3\docking_results\capuride_docked.pdbqt
melperone,-6.074,C:\Users\kunsh_ghp5duq\OneDrive\Desktop\SIH\3\docking_results\melperone_docked.pdbqt
brivaracetam,-6.074,C:\Users\kunsh_ghp5duq\OneDrive\Desktop\SIH\3\docking_results\brivaracetam_docked.pdbqt
artemether,-6.073,C:\Users\kunsh_ghp5duq\OneDrive\Desktop\SIH\3\docking_results\artemether_docked.pdbqt
phenmetrazine,-6.073,C:\Users\kunsh_ghp5duq\OneDrive\Desktop\SIH\3\docking_results\phenmetrazine_docked.pdbqt
propentofylline,-6.072,C:\Users\kunsh_ghp5duq\OneDrive\Desktop\SIH\3\docking_results\propentofylline_docked.pdbqt
pseudoephedrine,-6.07,C:\Users\kunsh_ghp5duq\OneDrive\Desktop\SIH\3\docking_results\pseudoephedrine_docked.pdbqt
pargeverine,-6.068,C:\Users\kunsh_ghp5duq\OneDrive\Desktop\SIH\3\docking_results\pargeverine_docked.pdbqt
clofenotane,-6.068,C:\Users\kunsh_ghp5duq\OneDrive\Desktop\SIH\3\docking_results\clofenotane_docked.pdbqt
gilteritinib,-6.066,C:\Users\kunsh_ghp5duq\OneDrive\Desktop\SIH\3\docking_results\gilteritinib_docked.pdbqt
N-Acetylglucosamine,-6.065,C:\Users\kunsh_ghp5duq\OneDrive\Desktop\SIH\3\docking_results\N-Acetylglucosamine_docked.pdbqt
cicloprolol,-6.062,C:\Users\kunsh_ghp5duq\OneDrive\Desktop\SIH\3\docking_results\cicloprolol_docked.pdbqt
hexachlorophene,-6.062,C:\Users\kunsh_ghp5duq\OneDrive\Desktop\SIH\3\docking_results\hexachlorophene_docked.pdbqt
phenprobamate,-6.062,C:\Users\kunsh_ghp5duq\OneDrive\Desktop\SIH\3\docking_results\phenprobamate_docked.pdbqt
chlorbetamide,-6.06,C:\Users\kunsh_ghp5duq\OneDrive\Desktop\SIH\3\docking_results\chlorbetamide_docked.pdbqt
trimecaine,-6.059,C:\Users\kunsh_ghp5duq\OneDrive\Desktop\SIH\3\docking_results\trimecaine_docked.pdbqt
dimetacrine,-6.058,C:\Users\kunsh_ghp5duq\OneDrive\Desktop\SIH\3\docking_results\dimetacrine_docked.pdbqt
nifedipine,-6.055,C:\Users\kunsh_ghp5duq\OneDrive\Desktop\SIH\3\docking_results\nifedipine_docked.pdbqt
apraclonidine,-6.054,C:\Users\kunsh_ghp5duq\OneDrive\Desktop\SIH\3\docking_results\apraclonidine_docked.pdbqt
thonzylamine,-6.053,C:\Users\kunsh_ghp5duq\OneDrive\Desktop\SIH\3\docking_results\thonzylamine_docked.pdbqt
bamethan,-6.049,C:\Users\kunsh_ghp5duq\OneDrive\Desktop\SIH\3\docking_results\bamethan_docked.pdbqt
tritiozine,-6.048,C:\Users\kunsh_ghp5duq\OneDrive\Desktop\SIH\3\docking_results\tritiozine_docked.pdbqt
moroxydine,-6.047,C:\Users\kunsh_ghp5duq\OneDrive\Desktop\SIH\3\docking_results\moroxydine_docked.pdbqt
amixetrine,-6.047,C:\Users\kunsh_ghp5duq\OneDrive\Desktop\SIH\3\docking_results\amixetrine_docked.pdbqt
tetrabarbital,-6.047,C:\Users\kunsh_ghp5duq\OneDrive\Desktop\SIH\3\docking_results\tetrabarbital_docked.pdbqt
promazine,-6.046,C:\Users\kunsh_ghp5duq\OneDrive\Desktop\SIH\3\docking_results\promazine_docked.pdbqt
Ioflupane_I-123,-6.046,C:\Users\kunsh_ghp5duq\OneDrive\Desktop\SIH\3\docking_results\Ioflupane_I-123_docked.pdbqt
fenethazine,-6.043,C:\Users\kunsh_ghp5duq\OneDrive\Desktop\SIH\3\docking_results\fenethazine_docked.pdbqt
enallylpropymal,-6.043,C:\Users\kunsh_ghp5duq\OneDrive\Desktop\SIH\3\docking_results\enallylpropymal_docked.pdbqt
temazepam,-6.043,C:\Users\kunsh_ghp5duq\OneDrive\Desktop\SIH\3\docking_results\temazepam_docked.pdbqt
voglibose,-6.043,C:\Users\kunsh_ghp5duq\OneDrive\Desktop\SIH\3\docking_results\voglibose_docked.pdbqt
metoclopramide,-6.042,C:\Users\kunsh_ghp5duq\OneDrive\Desktop\SIH\3\docking_results\metoclopramide_docked.pdbqt
rivastigmine,-6.042,C:\Users\kunsh_ghp5duq\OneDrive\Desktop\SIH\3\docking_results\rivastigmine_docked.pdbqt
adicillin,-6.042,C:\Users\kunsh_ghp5duq\OneDrive\Desktop\SIH\3\docking_results\adicillin_docked.pdbqt
aminomethylbenzoic_acid,-6.041,C:\Users\kunsh_ghp5duq\OneDrive\Desktop\SIH\3\docking_results\aminomethylbenzoic_acid_docked.pdbqt
levomethadyl_acetate,-6.04,C:\Users\kunsh_ghp5duq\OneDrive\Desktop\SIH\3\docking_results\levomethadyl_acetate_docked.pdbqt
diisopromine,-6.037,C:\Users\kunsh_ghp5duq\OneDrive\Desktop\SIH\3\docking_results\diisopromine_docked.pdbqt
dezocine,-6.036,C:\Users\kunsh_ghp5duq\OneDrive\Desktop\SIH\3\docking_results\dezocine_docked.pdbqt
edetic_acid,-6.035,C:\Users\kunsh_ghp5duq\OneDrive\Desktop\SIH\3\docking_results\edetic_acid_docked.pdbqt
benzomethamine,-6.035,C:\Users\kunsh_ghp5duq\OneDrive\Desktop\SIH\3\docking_results\benzomethamine_docked.pdbqt
celiprolol,-6.035,C:\Users\kunsh_ghp5duq\OneDrive\Desktop\SIH\3\docking_results\celiprolol_docked.pdbqt
mepiperphenidol,-6.03,C:\Users\kunsh_ghp5duq\OneDrive\Desktop\SIH\3\docking_results\mepiperphenidol_docked.pdbqt
isopromethazine,-6.029,C:\Users\kunsh_ghp5duq\OneDrive\Desktop\SIH\3\docking_results\isopromethazine_docked.pdbqt
ibandronic_acid,-6.028,C:\Users\kunsh_ghp5duq\OneDrive\Desktop\SIH\3\docking_results\ibandronic_acid_docked.pdbqt
clofenamide,-6.027,C:\Users\kunsh_ghp5duq\OneDrive\Desktop\SIH\3\docking_results\clofenamide_docked.pdbqt
chlorproguanil,-6.027,C:\Users\kunsh_ghp5duq\OneDrive\Desktop\SIH\3\docking_results\chlorproguanil_docked.pdbqt
oxyquinoline,-6.027,C:\Users\kunsh_ghp5duq\OneDrive\Desktop\SIH\3\docking_results\oxyquinoline_docked.pdbqt
octacaine,-6.024,C:\Users\kunsh_ghp5duq\OneDrive\Desktop\SIH\3\docking_results\octacaine_docked.pdbqt
methscopolamine,-6.024,C:\Users\kunsh_ghp5duq\OneDrive\Desktop\SIH\3\docking_results\methscopolamine_docked.pdbqt
drotaverine,-6.024,C:\Users\kunsh_ghp5duq\OneDrive\Desktop\SIH\3\docking_results\drotaverine_docked.pdbqt
tosylchloramide_sodium,-6.021,C:\Users\kunsh_ghp5duq\OneDrive\Desktop\SIH\3\docking_results\tosylchloramide_sodium_docked.pdbqt
kainic_acid,-6.019,C:\Users\kunsh_ghp5duq\OneDrive\Desktop\SIH\3\docking_results\kainic_acid_docked.pdbqt
etilefrine,-6.019,C:\Users\kunsh_ghp5duq\OneDrive\Desktop\SIH\3\docking_results\etilefrine_docked.pdbqt
chlorzoxazone,-6.019,C:\Users\kunsh_ghp5duq\OneDrive\Desktop\SIH\3\docking_results\chlorzoxazone_docked.pdbqt
piprozolin,-6.019,C:\Users\kunsh_ghp5duq\OneDrive\Desktop\SIH\3\docking_results\piprozolin_docked.pdbqt
loretin,-6.018,C:\Users\kunsh_ghp5duq\OneDrive\Desktop\SIH\3\docking_results\loretin_docked.pdbqt
ibudilast,-6.018,C:\Users\kunsh_ghp5duq\OneDrive\Desktop\SIH\3\docking_results\ibudilast_docked.pdbqt
glycol_salicylate,-6.016,C:\Users\kunsh_ghp5duq\OneDrive\Desktop\SIH\3\docking_results\glycol_salicylate_docked.pdbqt
clobazam,-6.014,C:\Users\kunsh_ghp5duq\OneDrive\Desktop\SIH\3\docking_results\clobazam_docked.pdbqt
glyceryl_trinitrate,-6.012,C:\Users\kunsh_ghp5duq\OneDrive\Desktop\SIH\3\docking_results\glyceryl_trinitrate_docked.pdbqt
spectinomycin,-6.012,C:\Users\kunsh_ghp5duq\OneDrive\Desktop\SIH\3\docking_results\spectinomycin_docked.pdbqt
bendamustine,-6.01,C:\Users\kunsh_ghp5duq\OneDrive\Desktop\SIH\3\docking_results\bendamustine_docked.pdbqt
tilbroquinol,-6.007,C:\Users\kunsh_ghp5duq\OneDrive\Desktop\SIH\3\docking_results\tilbroquinol_docked.pdbqt
fosfosal,-6.004,C:\Users\kunsh_ghp5duq\OneDrive\Desktop\SIH\3\docking_results\fosfosal_docked.pdbqt
moxonidine,-6.003,C:\Users\kunsh_ghp5duq\OneDrive\Desktop\SIH\3\docking_results\moxonidine_docked.pdbqt
butobarbital,-6.003,C:\Users\kunsh_ghp5duq\OneDrive\Desktop\SIH\3\docking_results\butobarbital_docked.pdbqt
mivotilate,-6.001,C:\Users\kunsh_ghp5duq\OneDrive\Desktop\SIH\3\docking_results\mivotilate_docked.pdbqt
butacetin,-6.0,C:\Users\kunsh_ghp5duq\OneDrive\Desktop\SIH\3\docking_results\butacetin_docked.pdbqt
pentrinitrol,-6.0,C:\Users\kunsh_ghp5duq\OneDrive\Desktop\SIH\3\docking_results\pentrinitrol_docked.pdbqt
levomilnacipran,-5.996,C:\Users\kunsh_ghp5duq\OneDrive\Desktop\SIH\3\docking_results\levomilnacipran_docked.pdbqt
guaiapate,-5.994,C:\Users\kunsh_ghp5duq\OneDrive\Desktop\SIH\3\docking_results\guaiapate_docked.pdbqt
phenylephrine,-5.994,C:\Users\kunsh_ghp5duq\OneDrive\Desktop\SIH\3\docking_results\phenylephrine_docked.pdbqt
lapyrium_chloride,-5.988,C:\Users\kunsh_ghp5duq\OneDrive\Desktop\SIH\3\docking_results\lapyrium_chloride_docked.pdbqt
amylocaine,-5.986,C:\Users\kunsh_ghp5duq\OneDrive\Desktop\SIH\3\docking_results\amylocaine_docked.pdbqt
chloroprocaine,-5.985,C:\Users\kunsh_ghp5duq\OneDrive\Desktop\SIH\3\docking_results\chloroprocaine_docked.pdbqt
cicrotoic_acid,-5.984,C:\Users\kunsh_ghp5duq\OneDrive\Desktop\SIH\3\docking_results\cicrotoic_acid_docked.pdbqt
diiodotyrosine,-5.983,C:\Users\kunsh_ghp5duq\OneDrive\Desktop\SIH\3\docking_results\diiodotyrosine_docked.pdbqt
pentostatin,-5.982,C:\Users\kunsh_ghp5duq\OneDrive\Desktop\SIH\3\docking_results\pentostatin_docked.pdbqt
enilconazole,-5.982,C:\Users\kunsh_ghp5duq\OneDrive\Desktop\SIH\3\docking_results\enilconazole_docked.pdbqt
suvorexant,-5.98,C:\Users\kunsh_ghp5duq\OneDrive\Desktop\SIH\3\docking_results\suvorexant_docked.pdbqt
cyprodenate,-5.979,C:\Users\kunsh_ghp5duq\OneDrive\Desktop\SIH\3\docking_results\cyprodenate_docked.pdbqt
carisoprodol,-5.978,C:\Users\kunsh_ghp5duq\OneDrive\Desktop\SIH\3\docking_results\carisoprodol_docked.pdbqt
propallylonal,-5.976,C:\Users\kunsh_ghp5duq\OneDrive\Desktop\SIH\3\docking_results\propallylonal_docked.pdbqt
butaverine,-5.975,C:\Users\kunsh_ghp5duq\OneDrive\Desktop\SIH\3\docking_results\butaverine_docked.pdbqt
phenamacide,-5.974,C:\Users\kunsh_ghp5duq\OneDrive\Desktop\SIH\3\docking_results\phenamacide_docked.pdbqt
fospropofol,-5.972,C:\Users\kunsh_ghp5duq\OneDrive\Desktop\SIH\3\docking_results\fospropofol_docked.pdbqt
gentisic_acid,-5.971,C:\Users\kunsh_ghp5duq\OneDrive\Desktop\SIH\3\docking_results\gentisic_acid_docked.pdbqt
methazolamide,-5.971,C:\Users\kunsh_ghp5duq\OneDrive\Desktop\SIH\3\docking_results\methazolamide_docked.pdbqt
etozolin,-5.97,C:\Users\kunsh_ghp5duq\OneDrive\Desktop\SIH\3\docking_results\etozolin_docked.pdbqt
phenaglycodol,-5.966,C:\Users\kunsh_ghp5duq\OneDrive\Desktop\SIH\3\docking_results\phenaglycodol_docked.pdbqt
epirizole,-5.965,C:\Users\kunsh_ghp5duq\OneDrive\Desktop\SIH\3\docking_results\epirizole_docked.pdbqt
thiamine,-5.965,C:\Users\kunsh_ghp5duq\OneDrive\Desktop\SIH\3\docking_results\thiamine_docked.pdbqt
fludiazepam,-5.964,C:\Users\kunsh_ghp5duq\OneDrive\Desktop\SIH\3\docking_results\fludiazepam_docked.pdbqt
prolintane,-5.963,C:\Users\kunsh_ghp5duq\OneDrive\Desktop\SIH\3\docking_results\prolintane_docked.pdbqt
albutoin,-5.962,C:\Users\kunsh_ghp5duq\OneDrive\Desktop\SIH\3\docking_results\albutoin_docked.pdbqt
thymol,-5.962,C:\Users\kunsh_ghp5duq\OneDrive\Desktop\SIH\3\docking_results\thymol_docked.pdbqt
cyclobutyrol,-5.96,C:\Users\kunsh_ghp5duq\OneDrive\Desktop\SIH\3\docking_results\cyclobutyrol_docked.pdbqt
lomustine,-5.958,C:\Users\kunsh_ghp5duq\OneDrive\Desktop\SIH\3\docking_results\lomustine_docked.pdbqt
trinitrophenol,-5.958,C:\Users\kunsh_ghp5duq\OneDrive\Desktop\SIH\3\docking_results\trinitrophenol_docked.pdbqt
sobrerol,-5.958,C:\Users\kunsh_ghp5duq\OneDrive\Desktop\SIH\3\docking_results\sobrerol_docked.pdbqt
quinupramine,-5.957,C:\Users\kunsh_ghp5duq\OneDrive\Desktop\SIH\3\docking_results\quinupramine_docked.pdbqt
iotalamic_acid,-5.957,C:\Users\kunsh_ghp5duq\OneDrive\Desktop\SIH\3\docking_results\iotalamic_acid_docked.pdbqt
amiphenazole,-5.957,C:\Users\kunsh_ghp5duq\OneDrive\Desktop\SIH\3\docking_results\amiphenazole_docked.pdbqt
pentapiperium_metilsulfate,-5.955,C:\Users\kunsh_ghp5duq\OneDrive\Desktop\SIH\3\docking_results\pentapiperium_metilsulfate_docked.pdbqt
phenylpropanolamine,-5.951,C:\Users\kunsh_ghp5duq\OneDrive\Desktop\SIH\3\docking_results\phenylpropanolamine_docked.pdbqt
metharbital,-5.951,C:\Users\kunsh_ghp5duq\OneDrive\Desktop\SIH\3\docking_results\metharbital_docked.pdbqt
procainamide,-5.949,C:\Users\kunsh_ghp5duq\OneDrive\Desktop\SIH\3\docking_results\procainamide_docked.pdbqt
moxisylyte,-5.949,C:\Users\kunsh_ghp5duq\OneDrive\Desktop\SIH\3\docking_results\moxisylyte_docked.pdbqt
betanaphthol,-5.949,C:\Users\kunsh_ghp5duq\OneDrive\Desktop\SIH\3\docking_results\betanaphthol_docked.pdbqt
amobarbital,-5.948,C:\Users\kunsh_ghp5duq\OneDrive\Desktop\SIH\3\docking_results\amobarbital_docked.pdbqt
acetazolamide,-5.947,C:\Users\kunsh_ghp5duq\OneDrive\Desktop\SIH\3\docking_results\acetazolamide_docked.pdbqt
phenicarbazide,-5.946,C:\Users\kunsh_ghp5duq\OneDrive\Desktop\SIH\3\docking_results\phenicarbazide_docked.pdbqt
ciramadol,-5.946,C:\Users\kunsh_ghp5duq\OneDrive\Desktop\SIH\3\docking_results\ciramadol_docked.pdbqt
benzoxonium_chloride,-5.945,C:\Users\kunsh_ghp5duq\OneDrive\Desktop\SIH\3\docking_results\benzoxonium_chloride_docked.pdbqt
tifenamil,-5.945,C:\Users\kunsh_ghp5duq\OneDrive\Desktop\SIH\3\docking_results\tifenamil_docked.pdbqt
viminol,-5.944,C:\Users\kunsh_ghp5duq\OneDrive\Desktop\SIH\3\docking_results\viminol_docked.pdbqt
phenylalanine,-5.942,C:\Users\kunsh_ghp5duq\OneDrive\Desktop\SIH\3\docking_results\phenylalanine_docked.pdbqt
difemerine,-5.942,C:\Users\kunsh_ghp5duq\OneDrive\Desktop\SIH\3\docking_results\difemerine_docked.pdbqt
clorprenaline,-5.941,C:\Users\kunsh_ghp5duq\OneDrive\Desktop\SIH\3\docking_results\clorprenaline_docked.pdbqt
orphenadrine,-5.941,C:\Users\kunsh_ghp5duq\OneDrive\Desktop\SIH\3\docking_results\orphenadrine_docked.pdbqt
phenacetin,-5.941,C:\Users\kunsh_ghp5duq\OneDrive\Desktop\SIH\3\docking_results\phenacetin_docked.pdbqt
cathine,-5.939,C:\Users\kunsh_ghp5duq\OneDrive\Desktop\SIH\3\docking_results\cathine_docked.pdbqt
arotinolol,-5.938,C:\Users\kunsh_ghp5duq\OneDrive\Desktop\SIH\3\docking_results\arotinolol_docked.pdbqt
desalkylflurazepam,-5.938,C:\Users\kunsh_ghp5duq\OneDrive\Desktop\SIH\3\docking_results\desalkylflurazepam_docked.pdbqt
coumarin,-5.936,C:\Users\kunsh_ghp5duq\OneDrive\Desktop\SIH\3\docking_results\coumarin_docked.pdbqt
besifloxacin,-5.934,C:\Users\kunsh_ghp5duq\OneDrive\Desktop\SIH\3\docking_results\besifloxacin_docked.pdbqt
fludeoxyglucose__18F_,-5.932,C:\Users\kunsh_ghp5duq\OneDrive\Desktop\SIH\3\docking_results\fludeoxyglucose__18F__docked.pdbqt
broxyquinoline,-5.931,C:\Users\kunsh_ghp5duq\OneDrive\Desktop\SIH\3\docking_results\broxyquinoline_docked.pdbqt
clofibrate,-5.93,C:\Users\kunsh_ghp5duq\OneDrive\Desktop\SIH\3\docking_results\clofibrate_docked.pdbqt
glucosamine,-5.929,C:\Users\kunsh_ghp5duq\OneDrive\Desktop\SIH\3\docking_results\glucosamine_docked.pdbqt
lefetamine,-5.926,C:\Users\kunsh_ghp5duq\OneDrive\Desktop\SIH\3\docking_results\lefetamine_docked.pdbqt
clorotepine,-5.925,C:\Users\kunsh_ghp5duq\OneDrive\Desktop\SIH\3\docking_results\clorotepine_docked.pdbqt
brompheniramine,-5.924,C:\Users\kunsh_ghp5duq\OneDrive\Desktop\SIH\3\docking_results\brompheniramine_docked.pdbqt
calcium_pantothenate,-5.923,C:\Users\kunsh_ghp5duq\OneDrive\Desktop\SIH\3\docking_results\calcium_pantothenate_docked.pdbqt
griseofulvin,-5.921,C:\Users\kunsh_ghp5duq\OneDrive\Desktop\SIH\3\docking_results\griseofulvin_docked.pdbqt
haloxazolam,-5.92,C:\Users\kunsh_ghp5duq\OneDrive\Desktop\SIH\3\docking_results\haloxazolam_docked.pdbqt
rasagiline,-5.917,C:\Users\kunsh_ghp5duq\OneDrive\Desktop\SIH\3\docking_results\rasagiline_docked.pdbqt
venlafaxine,-5.917,C:\Users\kunsh_ghp5duq\OneDrive\Desktop\SIH\3\docking_results\venlafaxine_docked.pdbqt
captopril,-5.916,C:\Users\kunsh_ghp5duq\OneDrive\Desktop\SIH\3\docking_results\captopril_docked.pdbqt
sodium_gualenate,-5.915,C:\Users\kunsh_ghp5duq\OneDrive\Desktop\SIH\3\docking_results\sodium_gualenate_docked.pdbqt
protheobromine,-5.915,C:\Users\kunsh_ghp5duq\OneDrive\Desktop\SIH\3\docking_results\protheobromine_docked.pdbqt
tulobuterol,-5.915,C:\Users\kunsh_ghp5duq\OneDrive\Desktop\SIH\3\docking_results\tulobuterol_docked.pdbqt
buformin,-5.914,C:\Users\kunsh_ghp5duq\OneDrive\Desktop\SIH\3\docking_results\buformin_docked.pdbqt
tolazoline,-5.912,C:\Users\kunsh_ghp5duq\OneDrive\Desktop\SIH\3\docking_results\tolazoline_docked.pdbqt
talbutal,-5.911,C:\Users\kunsh_ghp5duq\OneDrive\Desktop\SIH\3\docking_results\talbutal_docked.pdbqt
butedronic_acid,-5.91,C:\Users\kunsh_ghp5duq\OneDrive\Desktop\SIH\3\docking_results\butedronic_acid_docked.pdbqt
alclofenac,-5.91,C:\Users\kunsh_ghp5duq\OneDrive\Desktop\SIH\3\docking_results\alclofenac_docked.pdbqt
neostigmine,-5.907,C:\Users\kunsh_ghp5duq\OneDrive\Desktop\SIH\3\docking_results\neostigmine_docked.pdbqt
oxitropium,-5.906,C:\Users\kunsh_ghp5duq\OneDrive\Desktop\SIH\3\docking_results\oxitropium_docked.pdbqt
altizide,-5.906,C:\Users\kunsh_ghp5duq\OneDrive\Desktop\SIH\3\docking_results\altizide_docked.pdbqt
bromopride,-5.904,C:\Users\kunsh_ghp5duq\OneDrive\Desktop\SIH\3\docking_results\bromopride_docked.pdbqt
azintamide,-5.904,C:\Users\kunsh_ghp5duq\OneDrive\Desktop\SIH\3\docking_results\azintamide_docked.pdbqt
aminitrozole,-5.903,C:\Users\kunsh_ghp5duq\OneDrive\Desktop\SIH\3\docking_results\aminitrozole_docked.pdbqt
delorazepam,-5.903,C:\Users\kunsh_ghp5duq\OneDrive\Desktop\SIH\3\docking_results\delorazepam_docked.pdbqt
apronal,-5.903,C:\Users\kunsh_ghp5duq\OneDrive\Desktop\SIH\3\docking_results\apronal_docked.pdbqt
diethazine,-5.9,C:\Users\kunsh_ghp5duq\OneDrive\Desktop\SIH\3\docking_results\diethazine_docked.pdbqt
theophylline,-5.899,C:\Users\kunsh_ghp5duq\OneDrive\Desktop\SIH\3\docking_results\theophylline_docked.pdbqt
tapentadol,-5.898,C:\Users\kunsh_ghp5duq\OneDrive\Desktop\SIH\3\docking_results\tapentadol_docked.pdbqt
phosphocreatine,-5.898,C:\Users\kunsh_ghp5duq\OneDrive\Desktop\SIH\3\docking_results\phosphocreatine_docked.pdbqt
dimepheptanol,-5.895,C:\Users\kunsh_ghp5duq\OneDrive\Desktop\SIH\3\docking_results\dimepheptanol_docked.pdbqt
remifentanil,-5.895,C:\Users\kunsh_ghp5duq\OneDrive\Desktop\SIH\3\docking_results\remifentanil_docked.pdbqt
bornaprine,-5.895,C:\Users\kunsh_ghp5duq\OneDrive\Desktop\SIH\3\docking_results\bornaprine_docked.pdbqt
neticonazole,-5.893,C:\Users\kunsh_ghp5duq\OneDrive\Desktop\SIH\3\docking_results\neticonazole_docked.pdbqt
orotic_acid,-5.891,C:\Users\kunsh_ghp5duq\OneDrive\Desktop\SIH\3\docking_results\orotic_acid_docked.pdbqt
meclofenoxate,-5.89,C:\Users\kunsh_ghp5duq\OneDrive\Desktop\SIH\3\docking_results\meclofenoxate_docked.pdbqt
febuprol,-5.888,C:\Users\kunsh_ghp5duq\OneDrive\Desktop\SIH\3\docking_results\febuprol_docked.pdbqt
iobenguane__123I_,-5.888,C:\Users\kunsh_ghp5duq\OneDrive\Desktop\SIH\3\docking_results\iobenguane__123I__docked.pdbqt
zimeldine,-5.887,C:\Users\kunsh_ghp5duq\OneDrive\Desktop\SIH\3\docking_results\zimeldine_docked.pdbqt
iobenguane__131I_,-5.887,C:\Users\kunsh_ghp5duq\OneDrive\Desktop\SIH\3\docking_results\iobenguane__131I__docked.pdbqt
octinoxate,-5.885,C:\Users\kunsh_ghp5duq\OneDrive\Desktop\SIH\3\docking_results\octinoxate_docked.pdbqt
gamolenic_acid,-5.885,C:\Users\kunsh_ghp5duq\OneDrive\Desktop\SIH\3\docking_results\gamolenic_acid_docked.pdbqt
linoleic_acid,-5.883,C:\Users\kunsh_ghp5duq\OneDrive\Desktop\SIH\3\docking_results\linoleic_acid_docked.pdbqt
gluconic_acid,-5.883,C:\Users\kunsh_ghp5duq\OneDrive\Desktop\SIH\3\docking_results\gluconic_acid_docked.pdbqt
zaltoprofen,-5.881,C:\Users\kunsh_ghp5duq\OneDrive\Desktop\SIH\3\docking_results\zaltoprofen_docked.pdbqt
alverine,-5.881,C:\Users\kunsh_ghp5duq\OneDrive\Desktop\SIH\3\docking_results\alverine_docked.pdbqt
glucose-1-phosphate,-5.881,C:\Users\kunsh_ghp5duq\OneDrive\Desktop\SIH\3\docking_results\glucose-1-phosphate_docked.pdbqt
hydroxyamfetamine,-5.879,C:\Users\kunsh_ghp5duq\OneDrive\Desktop\SIH\3\docking_results\hydroxyamfetamine_docked.pdbqt
salamidacetic_acid,-5.877,C:\Users\kunsh_ghp5duq\OneDrive\Desktop\SIH\3\docking_results\salamidacetic_acid_docked.pdbqt
haletazole,-5.876,C:\Users\kunsh_ghp5duq\OneDrive\Desktop\SIH\3\docking_results\haletazole_docked.pdbqt
melinamide,-5.875,C:\Users\kunsh_ghp5duq\OneDrive\Desktop\SIH\3\docking_results\melinamide_docked.pdbqt
eritrityl_tetranitrate,-5.874,C:\Users\kunsh_ghp5duq\OneDrive\Desktop\SIH\3\docking_results\eritrityl_tetranitrate_docked.pdbqt
methylphenobarbital,-5.872,C:\Users\kunsh_ghp5duq\OneDrive\Desktop\SIH\3\docking_results\methylphenobarbital_docked.pdbqt
quizartinib,-5.871,C:\Users\kunsh_ghp5duq\OneDrive\Desktop\SIH\3\docking_results\quizartinib_docked.pdbqt
pamabrom,-5.869,C:\Users\kunsh_ghp5duq\OneDrive\Desktop\SIH\3\docking_results\pamabrom_docked.pdbqt
cinchocaine,-5.867,C:\Users\kunsh_ghp5duq\OneDrive\Desktop\SIH\3\docking_results\cinchocaine_docked.pdbqt
fenpentadiol,-5.867,C:\Users\kunsh_ghp5duq\OneDrive\Desktop\SIH\3\docking_results\fenpentadiol_docked.pdbqt
hexylresorcinol,-5.866,C:\Users\kunsh_ghp5duq\OneDrive\Desktop\SIH\3\docking_results\hexylresorcinol_docked.pdbqt
clobutinol,-5.865,C:\Users\kunsh_ghp5duq\OneDrive\Desktop\SIH\3\docking_results\clobutinol_docked.pdbqt
galactose,-5.863,C:\Users\kunsh_ghp5duq\OneDrive\Desktop\SIH\3\docking_results\galactose_docked.pdbqt
pitolisant,-5.863,C:\Users\kunsh_ghp5duq\OneDrive\Desktop\SIH\3\docking_results\pitolisant_docked.pdbqt
egualen,-5.86,C:\Users\kunsh_ghp5duq\OneDrive\Desktop\SIH\3\docking_results\egualen_docked.pdbqt
desloratadine,-5.859,C:\Users\kunsh_ghp5duq\OneDrive\Desktop\SIH\3\docking_results\desloratadine_docked.pdbqt
norfenefrine,-5.859,C:\Users\kunsh_ghp5duq\OneDrive\Desktop\SIH\3\docking_results\norfenefrine_docked.pdbqt
carfimate,-5.855,C:\Users\kunsh_ghp5duq\OneDrive\Desktop\SIH\3\docking_results\carfimate_docked.pdbqt
mesalazine,-5.855,C:\Users\kunsh_ghp5duq\OneDrive\Desktop\SIH\3\docking_results\mesalazine_docked.pdbqt
cloxazolam,-5.854,C:\Users\kunsh_ghp5duq\OneDrive\Desktop\SIH\3\docking_results\cloxazolam_docked.pdbqt
chlordiazepoxide,-5.851,C:\Users\kunsh_ghp5duq\OneDrive\Desktop\SIH\3\docking_results\chlordiazepoxide_docked.pdbqt
butoctamide,-5.85,C:\Users\kunsh_ghp5duq\OneDrive\Desktop\SIH\3\docking_results\butoctamide_docked.pdbqt
butoxycaine,-5.849,C:\Users\kunsh_ghp5duq\OneDrive\Desktop\SIH\3\docking_results\butoxycaine_docked.pdbqt
monoctanoin,-5.849,C:\Users\kunsh_ghp5duq\OneDrive\Desktop\SIH\3\docking_results\monoctanoin_docked.pdbqt
octocrylene,-5.847,C:\Users\kunsh_ghp5duq\OneDrive\Desktop\SIH\3\docking_results\octocrylene_docked.pdbqt
tetracaine,-5.844,C:\Users\kunsh_ghp5duq\OneDrive\Desktop\SIH\3\docking_results\tetracaine_docked.pdbqt
tolpropamine,-5.842,C:\Users\kunsh_ghp5duq\OneDrive\Desktop\SIH\3\docking_results\tolpropamine_docked.pdbqt
sodium_myristyl_sulfate,-5.841,C:\Users\kunsh_ghp5duq\OneDrive\Desktop\SIH\3\docking_results\sodium_myristyl_sulfate_docked.pdbqt
dexbrompheniramine,-5.841,C:\Users\kunsh_ghp5duq\OneDrive\Desktop\SIH\3\docking_results\dexbrompheniramine_docked.pdbqt
thialbarbital,-5.84,C:\Users\kunsh_ghp5duq\OneDrive\Desktop\SIH\3\docking_results\thialbarbital_docked.pdbqt
glucose,-5.839,C:\Users\kunsh_ghp5duq\OneDrive\Desktop\SIH\3\docking_results\glucose_docked.pdbqt
iopodic_acid,-5.839,C:\Users\kunsh_ghp5duq\OneDrive\Desktop\SIH\3\docking_results\iopodic_acid_docked.pdbqt
acetamidoeugenol,-5.838,C:\Users\kunsh_ghp5duq\OneDrive\Desktop\SIH\3\docking_results\acetamidoeugenol_docked.pdbqt
ascorbic_acid,-5.836,C:\Users\kunsh_ghp5duq\OneDrive\Desktop\SIH\3\docking_results\ascorbic_acid_docked.pdbqt
brinzolamide,-5.83,C:\Users\kunsh_ghp5duq\OneDrive\Desktop\SIH\3\docking_results\brinzolamide_docked.pdbqt
tetryzoline,-5.828,C:\Users\kunsh_ghp5duq\OneDrive\Desktop\SIH\3\docking_results\tetryzoline_docked.pdbqt
milnacipran,-5.827,C:\Users\kunsh_ghp5duq\OneDrive\Desktop\SIH\3\docking_results\milnacipran_docked.pdbqt
amisometradine,-5.827,C:\Users\kunsh_ghp5duq\OneDrive\Desktop\SIH\3\docking_results\amisometradine_docked.pdbqt
propoxycaine,-5.826,C:\Users\kunsh_ghp5duq\OneDrive\Desktop\SIH\3\docking_results\propoxycaine_docked.pdbqt
clavulanic_acid,-5.826,C:\Users\kunsh_ghp5duq\OneDrive\Desktop\SIH\3\docking_results\clavulanic_acid_docked.pdbqt
salicylic_acid,-5.822,C:\Users\kunsh_ghp5duq\OneDrive\Desktop\SIH\3\docking_results\salicylic_acid_docked.pdbqt
glypinamide,-5.822,C:\Users\kunsh_ghp5duq\OneDrive\Desktop\SIH\3\docking_results\glypinamide_docked.pdbqt
oxilofrine,-5.821,C:\Users\kunsh_ghp5duq\OneDrive\Desktop\SIH\3\docking_results\oxilofrine_docked.pdbqt
cefathiamidine,-5.821,C:\Users\kunsh_ghp5duq\OneDrive\Desktop\SIH\3\docking_results\cefathiamidine_docked.pdbqt
butetamate,-5.82,C:\Users\kunsh_ghp5duq\OneDrive\Desktop\SIH\3\docking_results\butetamate_docked.pdbqt
tridihexethyl,-5.819,C:\Users\kunsh_ghp5duq\OneDrive\Desktop\SIH\3\docking_results\tridihexethyl_docked.pdbqt
etafedrine,-5.819,C:\Users\kunsh_ghp5duq\OneDrive\Desktop\SIH\3\docking_results\etafedrine_docked.pdbqt
icosapent_ethyl,-5.818,C:\Users\kunsh_ghp5duq\OneDrive\Desktop\SIH\3\docking_results\icosapent_ethyl_docked.pdbqt
pethidine,-5.818,C:\Users\kunsh_ghp5duq\OneDrive\Desktop\SIH\3\docking_results\pethidine_docked.pdbqt
pheniprazine,-5.818,C:\Users\kunsh_ghp5duq\OneDrive\Desktop\SIH\3\docking_results\pheniprazine_docked.pdbqt
flurazepam,-5.812,C:\Users\kunsh_ghp5duq\OneDrive\Desktop\SIH\3\docking_results\flurazepam_docked.pdbqt
octatropine_methylbromide,-5.811,C:\Users\kunsh_ghp5duq\OneDrive\Desktop\SIH\3\docking_results\octatropine_methylbromide_docked.pdbqt
guaifenesin,-5.81,C:\Users\kunsh_ghp5duq\OneDrive\Desktop\SIH\3\docking_results\guaifenesin_docked.pdbqt
perflenapent,-5.809,C:\Users\kunsh_ghp5duq\OneDrive\Desktop\SIH\3\docking_results\perflenapent_docked.pdbqt
arginine_hydrochloride,-5.808,C:\Users\kunsh_ghp5duq\OneDrive\Desktop\SIH\3\docking_results\arginine_hydrochloride_docked.pdbqt
metaraminol,-5.808,C:\Users\kunsh_ghp5duq\OneDrive\Desktop\SIH\3\docking_results\metaraminol_docked.pdbqt
citrulline,-5.806,C:\Users\kunsh_ghp5duq\OneDrive\Desktop\SIH\3\docking_results\citrulline_docked.pdbqt
clonidine,-5.806,C:\Users\kunsh_ghp5duq\OneDrive\Desktop\SIH\3\docking_results\clonidine_docked.pdbqt
parethoxycaine,-5.805,C:\Users\kunsh_ghp5duq\OneDrive\Desktop\SIH\3\docking_results\parethoxycaine_docked.pdbqt
octopamine,-5.802,C:\Users\kunsh_ghp5duq\OneDrive\Desktop\SIH\3\docking_results\octopamine_docked.pdbqt
allopurinol,-5.801,C:\Users\kunsh_ghp5duq\OneDrive\Desktop\SIH\3\docking_results\allopurinol_docked.pdbqt
amineptine,-5.8,C:\Users\kunsh_ghp5duq\OneDrive\Desktop\SIH\3\docking_results\amineptine_docked.pdbqt
nisoldipine,-5.8,C:\Users\kunsh_ghp5duq\OneDrive\Desktop\SIH\3\docking_results\nisoldipine_docked.pdbqt
tolazamide,-5.799,C:\Users\kunsh_ghp5duq\OneDrive\Desktop\SIH\3\docking_results\tolazamide_docked.pdbqt
butamben,-5.797,C:\Users\kunsh_ghp5duq\OneDrive\Desktop\SIH\3\docking_results\butamben_docked.pdbqt
suplatast,-5.797,C:\Users\kunsh_ghp5duq\OneDrive\Desktop\SIH\3\docking_results\suplatast_docked.pdbqt
aprobarbital,-5.794,C:\Users\kunsh_ghp5duq\OneDrive\Desktop\SIH\3\docking_results\aprobarbital_docked.pdbqt
allantoin,-5.789,C:\Users\kunsh_ghp5duq\OneDrive\Desktop\SIH\3\docking_results\allantoin_docked.pdbqt
pheniramine,-5.789,C:\Users\kunsh_ghp5duq\OneDrive\Desktop\SIH\3\docking_results\pheniramine_docked.pdbqt
aceglutamide,-5.787,C:\Users\kunsh_ghp5duq\OneDrive\Desktop\SIH\3\docking_results\aceglutamide_docked.pdbqt
bisoprolol,-5.787,C:\Users\kunsh_ghp5duq\OneDrive\Desktop\SIH\3\docking_results\bisoprolol_docked.pdbqt
butalbital,-5.786,C:\Users\kunsh_ghp5duq\OneDrive\Desktop\SIH\3\docking_results\butalbital_docked.pdbqt
fenipentol,-5.785,C:\Users\kunsh_ghp5duq\OneDrive\Desktop\SIH\3\docking_results\fenipentol_docked.pdbqt
fenalamide,-5.783,C:\Users\kunsh_ghp5duq\OneDrive\Desktop\SIH\3\docking_results\fenalamide_docked.pdbqt
selegiline,-5.782,C:\Users\kunsh_ghp5duq\OneDrive\Desktop\SIH\3\docking_results\selegiline_docked.pdbqt
noxiptiline,-5.779,C:\Users\kunsh_ghp5duq\OneDrive\Desktop\SIH\3\docking_results\noxiptiline_docked.pdbqt
hydroxymethylnicotinamide,-5.776,C:\Users\kunsh_ghp5duq\OneDrive\Desktop\SIH\3\docking_results\hydroxymethylnicotinamide_docked.pdbqt
chloropyrilene,-5.775,C:\Users\kunsh_ghp5duq\OneDrive\Desktop\SIH\3\docking_results\chloropyrilene_docked.pdbqt
5-aminolevulinic_acid_hexyl_ester,-5.774,C:\Users\kunsh_ghp5duq\OneDrive\Desktop\SIH\3\docking_results\5-aminolevulinic_acid_hexyl_ester_docked.pdbqt
pyrantel,-5.77,C:\Users\kunsh_ghp5duq\OneDrive\Desktop\SIH\3\docking_results\pyrantel_docked.pdbqt
trolnitrate,-5.77,C:\Users\kunsh_ghp5duq\OneDrive\Desktop\SIH\3\docking_results\trolnitrate_docked.pdbqt
procaine,-5.769,C:\Users\kunsh_ghp5duq\OneDrive\Desktop\SIH\3\docking_results\procaine_docked.pdbqt
ticlatone,-5.769,C:\Users\kunsh_ghp5duq\OneDrive\Desktop\SIH\3\docking_results\ticlatone_docked.pdbqt
ricinoleic_acid,-5.767,C:\Users\kunsh_ghp5duq\OneDrive\Desktop\SIH\3\docking_results\ricinoleic_acid_docked.pdbqt
bromisoval,-5.766,C:\Users\kunsh_ghp5duq\OneDrive\Desktop\SIH\3\docking_results\bromisoval_docked.pdbqt
sibutramine,-5.763,C:\Users\kunsh_ghp5duq\OneDrive\Desktop\SIH\3\docking_results\sibutramine_docked.pdbqt
azelaic_acid,-5.762,C:\Users\kunsh_ghp5duq\OneDrive\Desktop\SIH\3\docking_results\azelaic_acid_docked.pdbqt
mefexamide,-5.762,C:\Users\kunsh_ghp5duq\OneDrive\Desktop\SIH\3\docking_results\mefexamide_docked.pdbqt
tiquizium,-5.76,C:\Users\kunsh_ghp5duq\OneDrive\Desktop\SIH\3\docking_results\tiquizium_docked.pdbqt
betanidine,-5.758,C:\Users\kunsh_ghp5duq\OneDrive\Desktop\SIH\3\docking_results\betanidine_docked.pdbqt
nordazepam,-5.757,C:\Users\kunsh_ghp5duq\OneDrive\Desktop\SIH\3\docking_results\nordazepam_docked.pdbqt
metamfepramone,-5.756,C:\Users\kunsh_ghp5duq\OneDrive\Desktop\SIH\3\docking_results\metamfepramone_docked.pdbqt
protionamide,-5.752,C:\Users\kunsh_ghp5duq\OneDrive\Desktop\SIH\3\docking_results\protionamide_docked.pdbqt
levomenol,-5.751,C:\Users\kunsh_ghp5duq\OneDrive\Desktop\SIH\3\docking_results\levomenol_docked.pdbqt
perfosfamide,-5.751,C:\Users\kunsh_ghp5duq\OneDrive\Desktop\SIH\3\docking_results\perfosfamide_docked.pdbqt
ethambutol,-5.75,C:\Users\kunsh_ghp5duq\OneDrive\Desktop\SIH\3\docking_results\ethambutol_docked.pdbqt
vinylbital,-5.749,C:\Users\kunsh_ghp5duq\OneDrive\Desktop\SIH\3\docking_results\vinylbital_docked.pdbqt
oteracil,-5.746,C:\Users\kunsh_ghp5duq\OneDrive\Desktop\SIH\3\docking_results\oteracil_docked.pdbqt
tilidine,-5.738,C:\Users\kunsh_ghp5duq\OneDrive\Desktop\SIH\3\docking_results\tilidine_docked.pdbqt
dicycloverine,-5.736,C:\Users\kunsh_ghp5duq\OneDrive\Desktop\SIH\3\docking_results\dicycloverine_docked.pdbqt
dopamine,-5.736,C:\Users\kunsh_ghp5duq\OneDrive\Desktop\SIH\3\docking_results\dopamine_docked.pdbqt
secnidazole,-5.735,C:\Users\kunsh_ghp5duq\OneDrive\Desktop\SIH\3\docking_results\secnidazole_docked.pdbqt
sulfanilamide,-5.734,C:\Users\kunsh_ghp5duq\OneDrive\Desktop\SIH\3\docking_results\sulfanilamide_docked.pdbqt
protocatechualdehyde,-5.734,C:\Users\kunsh_ghp5duq\OneDrive\Desktop\SIH\3\docking_results\protocatechualdehyde_docked.pdbqt
linsidomine,-5.731,C:\Users\kunsh_ghp5duq\OneDrive\Desktop\SIH\3\docking_results\linsidomine_docked.pdbqt
hexcarbacholine,-5.73,C:\Users\kunsh_ghp5duq\OneDrive\Desktop\SIH\3\docking_results\hexcarbacholine_docked.pdbqt
histidine,-5.727,C:\Users\kunsh_ghp5duq\OneDrive\Desktop\SIH\3\docking_results\histidine_docked.pdbqt
diethylpropion,-5.727,C:\Users\kunsh_ghp5duq\OneDrive\Desktop\SIH\3\docking_results\diethylpropion_docked.pdbqt
doxefazepam,-5.727,C:\Users\kunsh_ghp5duq\OneDrive\Desktop\SIH\3\docking_results\doxefazepam_docked.pdbqt
pramipexole,-5.726,C:\Users\kunsh_ghp5duq\OneDrive\Desktop\SIH\3\docking_results\pramipexole_docked.pdbqt
nizatidine,-5.725,C:\Users\kunsh_ghp5duq\OneDrive\Desktop\SIH\3\docking_results\nizatidine_docked.pdbqt
allobarbital,-5.724,C:\Users\kunsh_ghp5duq\OneDrive\Desktop\SIH\3\docking_results\allobarbital_docked.pdbqt
naepaine,-5.724,C:\Users\kunsh_ghp5duq\OneDrive\Desktop\SIH\3\docking_results\naepaine_docked.pdbqt
brallobarbital,-5.724,C:\Users\kunsh_ghp5duq\OneDrive\Desktop\SIH\3\docking_results\brallobarbital_docked.pdbqt
acecarbromal,-5.723,C:\Users\kunsh_ghp5duq\OneDrive\Desktop\SIH\3\docking_results\acecarbromal_docked.pdbqt
pizotifen,-5.723,C:\Users\kunsh_ghp5duq\OneDrive\Desktop\SIH\3\docking_results\pizotifen_docked.pdbqt
crotamiton,-5.723,C:\Users\kunsh_ghp5duq\OneDrive\Desktop\SIH\3\docking_results\crotamiton_docked.pdbqt
dithiazanine,-5.721,C:\Users\kunsh_ghp5duq\OneDrive\Desktop\SIH\3\docking_results\dithiazanine_docked.pdbqt
tranexamic_acid,-5.721,C:\Users\kunsh_ghp5duq\OneDrive\Desktop\SIH\3\docking_results\tranexamic_acid_docked.pdbqt
pentaerithrityl_tetranitrate,-5.714,C:\Users\kunsh_ghp5duq\OneDrive\Desktop\SIH\3\docking_results\pentaerithrityl_tetranitrate_docked.pdbqt
pamidronic_acid,-5.712,C:\Users\kunsh_ghp5duq\OneDrive\Desktop\SIH\3\docking_results\pamidronic_acid_docked.pdbqt
methapyrilene,-5.711,C:\Users\kunsh_ghp5duq\OneDrive\Desktop\SIH\3\docking_results\methapyrilene_docked.pdbqt
pilocarpine,-5.71,C:\Users\kunsh_ghp5duq\OneDrive\Desktop\SIH\3\docking_results\pilocarpine_docked.pdbqt
gepefrine,-5.71,C:\Users\kunsh_ghp5duq\OneDrive\Desktop\SIH\3\docking_results\gepefrine_docked.pdbqt
propatylnitrate,-5.705,C:\Users\kunsh_ghp5duq\OneDrive\Desktop\SIH\3\docking_results\propatylnitrate_docked.pdbqt
glucuronamide,-5.704,C:\Users\kunsh_ghp5duq\OneDrive\Desktop\SIH\3\docking_results\glucuronamide_docked.pdbqt
phenibut,-5.704,C:\Users\kunsh_ghp5duq\OneDrive\Desktop\SIH\3\docking_results\phenibut_docked.pdbqt
nifuroxime,-5.704,C:\Users\kunsh_ghp5duq\OneDrive\Desktop\SIH\3\docking_results\nifuroxime_docked.pdbqt
diiodohydroxyquinoline,-5.704,C:\Users\kunsh_ghp5duq\OneDrive\Desktop\SIH\3\docking_results\diiodohydroxyquinoline_docked.pdbqt
dimorpholamine,-5.704,C:\Users\kunsh_ghp5duq\OneDrive\Desktop\SIH\3\docking_results\dimorpholamine_docked.pdbqt
orthocaine,-5.704,C:\Users\kunsh_ghp5duq\OneDrive\Desktop\SIH\3\docking_results\orthocaine_docked.pdbqt
clioquinol,-5.697,C:\Users\kunsh_ghp5duq\OneDrive\Desktop\SIH\3\docking_results\clioquinol_docked.pdbqt
decimemide,-5.693,C:\Users\kunsh_ghp5duq\OneDrive\Desktop\SIH\3\docking_results\decimemide_docked.pdbqt
phenobutiodil,-5.693,C:\Users\kunsh_ghp5duq\OneDrive\Desktop\SIH\3\docking_results\phenobutiodil_docked.pdbqt
pholedrine,-5.693,C:\Users\kunsh_ghp5duq\OneDrive\Desktop\SIH\3\docking_results\pholedrine_docked.pdbqt
improsulfan,-5.693,C:\Users\kunsh_ghp5duq\OneDrive\Desktop\SIH\3\docking_results\improsulfan_docked.pdbqt
acamprosate,-5.692,C:\Users\kunsh_ghp5duq\OneDrive\Desktop\SIH\3\docking_results\acamprosate_docked.pdbqt
favipiravir,-5.687,C:\Users\kunsh_ghp5duq\OneDrive\Desktop\SIH\3\docking_results\favipiravir_docked.pdbqt
creatinolfosfate,-5.685,C:\Users\kunsh_ghp5duq\OneDrive\Desktop\SIH\3\docking_results\creatinolfosfate_docked.pdbqt
feclemine,-5.679,C:\Users\kunsh_ghp5duq\OneDrive\Desktop\SIH\3\docking_results\feclemine_docked.pdbqt
pipobroman,-5.674,C:\Users\kunsh_ghp5duq\OneDrive\Desktop\SIH\3\docking_results\pipobroman_docked.pdbqt
bromazine,-5.67,C:\Users\kunsh_ghp5duq\OneDrive\Desktop\SIH\3\docking_results\bromazine_docked.pdbqt
gluconolactone,-5.669,C:\Users\kunsh_ghp5duq\OneDrive\Desktop\SIH\3\docking_results\gluconolactone_docked.pdbqt
neridronic_acid,-5.668,C:\Users\kunsh_ghp5duq\OneDrive\Desktop\SIH\3\docking_results\neridronic_acid_docked.pdbqt
methoxyphenamine,-5.668,C:\Users\kunsh_ghp5duq\OneDrive\Desktop\SIH\3\docking_results\methoxyphenamine_docked.pdbqt
isosorbide_mononitrate,-5.664,C:\Users\kunsh_ghp5duq\OneDrive\Desktop\SIH\3\docking_results\isosorbide_mononitrate_docked.pdbqt
diphenhydramine,-5.663,C:\Users\kunsh_ghp5duq\OneDrive\Desktop\SIH\3\docking_results\diphenhydramine_docked.pdbqt
butazopyridine,-5.662,C:\Users\kunsh_ghp5duq\OneDrive\Desktop\SIH\3\docking_results\butazopyridine_docked.pdbqt
caramiphen,-5.661,C:\Users\kunsh_ghp5duq\OneDrive\Desktop\SIH\3\docking_results\caramiphen_docked.pdbqt
camylofin,-5.655,C:\Users\kunsh_ghp5duq\OneDrive\Desktop\SIH\3\docking_results\camylofin_docked.pdbqt
methylphenidate,-5.655,C:\Users\kunsh_ghp5duq\OneDrive\Desktop\SIH\3\docking_results\methylphenidate_docked.pdbqt
citric_acid,-5.655,C:\Users\kunsh_ghp5duq\OneDrive\Desktop\SIH\3\docking_results\citric_acid_docked.pdbqt
palmidrol,-5.655,C:\Users\kunsh_ghp5duq\OneDrive\Desktop\SIH\3\docking_results\palmidrol_docked.pdbqt
tipepidine,-5.651,C:\Users\kunsh_ghp5duq\OneDrive\Desktop\SIH\3\docking_results\tipepidine_docked.pdbqt
chlorisondamine,-5.65,C:\Users\kunsh_ghp5duq\OneDrive\Desktop\SIH\3\docking_results\chlorisondamine_docked.pdbqt
oxysonium,-5.649,C:\Users\kunsh_ghp5duq\OneDrive\Desktop\SIH\3\docking_results\oxysonium_docked.pdbqt
chloroxylenol,-5.647,C:\Users\kunsh_ghp5duq\OneDrive\Desktop\SIH\3\docking_results\chloroxylenol_docked.pdbqt
dacisteine,-5.645,C:\Users\kunsh_ghp5duq\OneDrive\Desktop\SIH\3\docking_results\dacisteine_docked.pdbqt
aminobenzoic_acid,-5.643,C:\Users\kunsh_ghp5duq\OneDrive\Desktop\SIH\3\docking_results\aminobenzoic_acid_docked.pdbqt
fluoresone,-5.642,C:\Users\kunsh_ghp5duq\OneDrive\Desktop\SIH\3\docking_results\fluoresone_docked.pdbqt
busulfan,-5.641,C:\Users\kunsh_ghp5duq\OneDrive\Desktop\SIH\3\docking_results\busulfan_docked.pdbqt
dexmethylphenidate,-5.641,C:\Users\kunsh_ghp5duq\OneDrive\Desktop\SIH\3\docking_results\dexmethylphenidate_docked.pdbqt
pyridoxine,-5.638,C:\Users\kunsh_ghp5duq\OneDrive\Desktop\SIH\3\docking_results\pyridoxine_docked.pdbqt
butamirate,-5.637,C:\Users\kunsh_ghp5duq\OneDrive\Desktop\SIH\3\docking_results\butamirate_docked.pdbqt
zoxazolamine,-5.635,C:\Users\kunsh_ghp5duq\OneDrive\Desktop\SIH\3\docking_results\zoxazolamine_docked.pdbqt
mephentermine,-5.634,C:\Users\kunsh_ghp5duq\OneDrive\Desktop\SIH\3\docking_results\mephentermine_docked.pdbqt
acipimox,-5.633,C:\Users\kunsh_ghp5duq\OneDrive\Desktop\SIH\3\docking_results\acipimox_docked.pdbqt
zoledronic_acid,-5.632,C:\Users\kunsh_ghp5duq\OneDrive\Desktop\SIH\3\docking_results\zoledronic_acid_docked.pdbqt
carglumic_acid,-5.631,C:\Users\kunsh_ghp5duq\OneDrive\Desktop\SIH\3\docking_results\carglumic_acid_docked.pdbqt
flutoprazepam,-5.63,C:\Users\kunsh_ghp5duq\OneDrive\Desktop\SIH\3\docking_results\flutoprazepam_docked.pdbqt
mandelic_acid,-5.63,C:\Users\kunsh_ghp5duq\OneDrive\Desktop\SIH\3\docking_results\mandelic_acid_docked.pdbqt
paracetamol,-5.63,C:\Users\kunsh_ghp5duq\OneDrive\Desktop\SIH\3\docking_results\paracetamol_docked.pdbqt
oxazolam,-5.627,C:\Users\kunsh_ghp5duq\OneDrive\Desktop\SIH\3\docking_results\oxazolam_docked.pdbqt
levmetamfetamine,-5.627,C:\Users\kunsh_ghp5duq\OneDrive\Desktop\SIH\3\docking_results\levmetamfetamine_docked.pdbqt
amprotropine,-5.626,C:\Users\kunsh_ghp5duq\OneDrive\Desktop\SIH\3\docking_results\amprotropine_docked.pdbqt
timepidium,-5.624,C:\Users\kunsh_ghp5duq\OneDrive\Desktop\SIH\3\docking_results\timepidium_docked.pdbqt
glucurolactone,-5.623,C:\Users\kunsh_ghp5duq\OneDrive\Desktop\SIH\3\docking_results\glucurolactone_docked.pdbqt
blonanserin,-5.621,C:\Users\kunsh_ghp5duq\OneDrive\Desktop\SIH\3\docking_results\blonanserin_docked.pdbqt
secbutabarbital,-5.621,C:\Users\kunsh_ghp5duq\OneDrive\Desktop\SIH\3\docking_results\secbutabarbital_docked.pdbqt
etidronic_acid,-5.619,C:\Users\kunsh_ghp5duq\OneDrive\Desktop\SIH\3\docking_results\etidronic_acid_docked.pdbqt
flopropione,-5.616,C:\Users\kunsh_ghp5duq\OneDrive\Desktop\SIH\3\docking_results\flopropione_docked.pdbqt
salicylamide,-5.612,C:\Users\kunsh_ghp5duq\OneDrive\Desktop\SIH\3\docking_results\salicylamide_docked.pdbqt
acetanilide,-5.61,C:\Users\kunsh_ghp5duq\OneDrive\Desktop\SIH\3\docking_results\acetanilide_docked.pdbqt
butalamine,-5.61,C:\Users\kunsh_ghp5duq\OneDrive\Desktop\SIH\3\docking_results\butalamine_docked.pdbqt
bephenium,-5.607,C:\Users\kunsh_ghp5duq\OneDrive\Desktop\SIH\3\docking_results\bephenium_docked.pdbqt
tioxolone,-5.607,C:\Users\kunsh_ghp5duq\OneDrive\Desktop\SIH\3\docking_results\tioxolone_docked.pdbqt
aminometradine,-5.607,C:\Users\kunsh_ghp5duq\OneDrive\Desktop\SIH\3\docking_results\aminometradine_docked.pdbqt
leucinocaine,-5.604,C:\Users\kunsh_ghp5duq\OneDrive\Desktop\SIH\3\docking_results\leucinocaine_docked.pdbqt
meglumine,-5.602,C:\Users\kunsh_ghp5duq\OneDrive\Desktop\SIH\3\docking_results\meglumine_docked.pdbqt
dichlorphenamide,-5.598,C:\Users\kunsh_ghp5duq\OneDrive\Desktop\SIH\3\docking_results\dichlorphenamide_docked.pdbqt
ethionamide,-5.598,C:\Users\kunsh_ghp5duq\OneDrive\Desktop\SIH\3\docking_results\ethionamide_docked.pdbqt
chlorphentermine,-5.595,C:\Users\kunsh_ghp5duq\OneDrive\Desktop\SIH\3\docking_results\chlorphentermine_docked.pdbqt
mebanazine,-5.594,C:\Users\kunsh_ghp5duq\OneDrive\Desktop\SIH\3\docking_results\mebanazine_docked.pdbqt
pyridostigmine,-5.593,C:\Users\kunsh_ghp5duq\OneDrive\Desktop\SIH\3\docking_results\pyridostigmine_docked.pdbqt
nicametate,-5.592,C:\Users\kunsh_ghp5duq\OneDrive\Desktop\SIH\3\docking_results\nicametate_docked.pdbqt
ornidazole,-5.589,C:\Users\kunsh_ghp5duq\OneDrive\Desktop\SIH\3\docking_results\ornidazole_docked.pdbqt
miglitol,-5.589,C:\Users\kunsh_ghp5duq\OneDrive\Desktop\SIH\3\docking_results\miglitol_docked.pdbqt
cresatin,-5.584,C:\Users\kunsh_ghp5duq\OneDrive\Desktop\SIH\3\docking_results\cresatin_docked.pdbqt
tisopurine,-5.584,C:\Users\kunsh_ghp5duq\OneDrive\Desktop\SIH\3\docking_results\tisopurine_docked.pdbqt
propylparaben,-5.581,C:\Users\kunsh_ghp5duq\OneDrive\Desktop\SIH\3\docking_results\propylparaben_docked.pdbqt
guaiazulen,-5.581,C:\Users\kunsh_ghp5duq\OneDrive\Desktop\SIH\3\docking_results\guaiazulen_docked.pdbqt
dexpanthenol,-5.578,C:\Users\kunsh_ghp5duq\OneDrive\Desktop\SIH\3\docking_results\dexpanthenol_docked.pdbqt
fasudil,-5.576,C:\Users\kunsh_ghp5duq\OneDrive\Desktop\SIH\3\docking_results\fasudil_docked.pdbqt
amitriptylinoxide,-5.576,C:\Users\kunsh_ghp5duq\OneDrive\Desktop\SIH\3\docking_results\amitriptylinoxide_docked.pdbqt
phenelzine,-5.576,C:\Users\kunsh_ghp5duq\OneDrive\Desktop\SIH\3\docking_results\phenelzine_docked.pdbqt
terpin,-5.574,C:\Users\kunsh_ghp5duq\OneDrive\Desktop\SIH\3\docking_results\terpin_docked.pdbqt
barbital,-5.571,C:\Users\kunsh_ghp5duq\OneDrive\Desktop\SIH\3\docking_results\barbital_docked.pdbqt
oxcarbazepine,-5.57,C:\Users\kunsh_ghp5duq\OneDrive\Desktop\SIH\3\docking_results\oxcarbazepine_docked.pdbqt
eugenol,-5.569,C:\Users\kunsh_ghp5duq\OneDrive\Desktop\SIH\3\docking_results\eugenol_docked.pdbqt
valethamate,-5.565,C:\Users\kunsh_ghp5duq\OneDrive\Desktop\SIH\3\docking_results\valethamate_docked.pdbqt
oxiniacic_acid,-5.564,C:\Users\kunsh_ghp5duq\OneDrive\Desktop\SIH\3\docking_results\oxiniacic_acid_docked.pdbqt
nefopam,-5.561,C:\Users\kunsh_ghp5duq\OneDrive\Desktop\SIH\3\docking_results\nefopam_docked.pdbqt
mannomustine,-5.56,C:\Users\kunsh_ghp5duq\OneDrive\Desktop\SIH\3\docking_results\mannomustine_docked.pdbqt
zeranol,-5.558,C:\Users\kunsh_ghp5duq\OneDrive\Desktop\SIH\3\docking_results\zeranol_docked.pdbqt
pinazepam,-5.555,C:\Users\kunsh_ghp5duq\OneDrive\Desktop\SIH\3\docking_results\pinazepam_docked.pdbqt
thioguanine,-5.555,C:\Users\kunsh_ghp5duq\OneDrive\Desktop\SIH\3\docking_results\thioguanine_docked.pdbqt
oxaceprol,-5.554,C:\Users\kunsh_ghp5duq\OneDrive\Desktop\SIH\3\docking_results\oxaceprol_docked.pdbqt
dexfosfoserine,-5.553,C:\Users\kunsh_ghp5duq\OneDrive\Desktop\SIH\3\docking_results\dexfosfoserine_docked.pdbqt
ectylurea,-5.553,C:\Users\kunsh_ghp5duq\OneDrive\Desktop\SIH\3\docking_results\ectylurea_docked.pdbqt
picrotin,-5.552,C:\Users\kunsh_ghp5duq\OneDrive\Desktop\SIH\3\docking_results\picrotin_docked.pdbqt
prazepam,-5.549,C:\Users\kunsh_ghp5duq\OneDrive\Desktop\SIH\3\docking_results\prazepam_docked.pdbqt
diethyltoluamide,-5.547,C:\Users\kunsh_ghp5duq\OneDrive\Desktop\SIH\3\docking_results\diethyltoluamide_docked.pdbqt
miglustat,-5.543,C:\Users\kunsh_ghp5duq\OneDrive\Desktop\SIH\3\docking_results\miglustat_docked.pdbqt
tranylcypromine,-5.534,C:\Users\kunsh_ghp5duq\OneDrive\Desktop\SIH\3\docking_results\tranylcypromine_docked.pdbqt
oleic_acid,-5.531,C:\Users\kunsh_ghp5duq\OneDrive\Desktop\SIH\3\docking_results\oleic_acid_docked.pdbqt
pentoxyverine,-5.531,C:\Users\kunsh_ghp5duq\OneDrive\Desktop\SIH\3\docking_results\pentoxyverine_docked.pdbqt
rilmenidine,-5.53,C:\Users\kunsh_ghp5duq\OneDrive\Desktop\SIH\3\docking_results\rilmenidine_docked.pdbqt
tidiacic,-5.53,C:\Users\kunsh_ghp5duq\OneDrive\Desktop\SIH\3\docking_results\tidiacic_docked.pdbqt
sorbitol,-5.529,C:\Users\kunsh_ghp5duq\OneDrive\Desktop\SIH\3\docking_results\sorbitol_docked.pdbqt
pyridoxal,-5.523,C:\Users\kunsh_ghp5duq\OneDrive\Desktop\SIH\3\docking_results\pyridoxal_docked.pdbqt
emorfazone,-5.52,C:\Users\kunsh_ghp5duq\OneDrive\Desktop\SIH\3\docking_results\emorfazone_docked.pdbqt
hexapropymate,-5.519,C:\Users\kunsh_ghp5duq\OneDrive\Desktop\SIH\3\docking_results\hexapropymate_docked.pdbqt
deferiprone,-5.519,C:\Users\kunsh_ghp5duq\OneDrive\Desktop\SIH\3\docking_results\deferiprone_docked.pdbqt
pentorex,-5.517,C:\Users\kunsh_ghp5duq\OneDrive\Desktop\SIH\3\docking_results\pentorex_docked.pdbqt
hexetidine,-5.517,C:\Users\kunsh_ghp5duq\OneDrive\Desktop\SIH\3\docking_results\hexetidine_docked.pdbqt
fructose,-5.516,C:\Users\kunsh_ghp5duq\OneDrive\Desktop\SIH\3\docking_results\fructose_docked.pdbqt
piroheptine,-5.514,C:\Users\kunsh_ghp5duq\OneDrive\Desktop\SIH\3\docking_results\piroheptine_docked.pdbqt
etallobarbital,-5.513,C:\Users\kunsh_ghp5duq\OneDrive\Desktop\SIH\3\docking_results\etallobarbital_docked.pdbqt
memantine,-5.51,C:\Users\kunsh_ghp5duq\OneDrive\Desktop\SIH\3\docking_results\memantine_docked.pdbqt
metabutoxycaine,-5.505,C:\Users\kunsh_ghp5duq\OneDrive\Desktop\SIH\3\docking_results\metabutoxycaine_docked.pdbqt
meprobamate,-5.504,C:\Users\kunsh_ghp5duq\OneDrive\Desktop\SIH\3\docking_results\meprobamate_docked.pdbqt
mebutamate,-5.503,C:\Users\kunsh_ghp5duq\OneDrive\Desktop\SIH\3\docking_results\mebutamate_docked.pdbqt
mexiletine,-5.502,C:\Users\kunsh_ghp5duq\OneDrive\Desktop\SIH\3\docking_results\mexiletine_docked.pdbqt
buthalital,-5.501,C:\Users\kunsh_ghp5duq\OneDrive\Desktop\SIH\3\docking_results\buthalital_docked.pdbqt
methyl_salicylate,-5.5,C:\Users\kunsh_ghp5duq\OneDrive\Desktop\SIH\3\docking_results\methyl_salicylate_docked.pdbqt
xanomeline,-5.494,C:\Users\kunsh_ghp5duq\OneDrive\Desktop\SIH\3\docking_results\xanomeline_docked.pdbqt
tyramine,-5.493,C:\Users\kunsh_ghp5duq\OneDrive\Desktop\SIH\3\docking_results\tyramine_docked.pdbqt
exalamide,-5.491,C:\Users\kunsh_ghp5duq\OneDrive\Desktop\SIH\3\docking_results\exalamide_docked.pdbqt
penthienate,-5.489,C:\Users\kunsh_ghp5duq\OneDrive\Desktop\SIH\3\docking_results\penthienate_docked.pdbqt
procymate,-5.489,C:\Users\kunsh_ghp5duq\OneDrive\Desktop\SIH\3\docking_results\procymate_docked.pdbqt
tofisopam,-5.487,C:\Users\kunsh_ghp5duq\OneDrive\Desktop\SIH\3\docking_results\tofisopam_docked.pdbqt
paroxypropione,-5.485,C:\Users\kunsh_ghp5duq\OneDrive\Desktop\SIH\3\docking_results\paroxypropione_docked.pdbqt
Iofetamine__123I_,-5.482,C:\Users\kunsh_ghp5duq\OneDrive\Desktop\SIH\3\docking_results\Iofetamine__123I__docked.pdbqt
perflubutane,-5.482,C:\Users\kunsh_ghp5duq\OneDrive\Desktop\SIH\3\docking_results\perflubutane_docked.pdbqt
acexamic_acid,-5.478,C:\Users\kunsh_ghp5duq\OneDrive\Desktop\SIH\3\docking_results\acexamic_acid_docked.pdbqt
dimetofrine,-5.475,C:\Users\kunsh_ghp5duq\OneDrive\Desktop\SIH\3\docking_results\dimetofrine_docked.pdbqt
captodiame,-5.471,C:\Users\kunsh_ghp5duq\OneDrive\Desktop\SIH\3\docking_results\captodiame_docked.pdbqt
loratadine,-5.471,C:\Users\kunsh_ghp5duq\OneDrive\Desktop\SIH\3\docking_results\loratadine_docked.pdbqt
cetylpyridinium,-5.466,C:\Users\kunsh_ghp5duq\OneDrive\Desktop\SIH\3\docking_results\cetylpyridinium_docked.pdbqt
fenoldopam,-5.465,C:\Users\kunsh_ghp5duq\OneDrive\Desktop\SIH\3\docking_results\fenoldopam_docked.pdbqt
methaphenilene,-5.464,C:\Users\kunsh_ghp5duq\OneDrive\Desktop\SIH\3\docking_results\methaphenilene_docked.pdbqt
azatadine,-5.463,C:\Users\kunsh_ghp5duq\OneDrive\Desktop\SIH\3\docking_results\azatadine_docked.pdbqt
galantamine,-5.461,C:\Users\kunsh_ghp5duq\OneDrive\Desktop\SIH\3\docking_results\galantamine_docked.pdbqt
triacetin,-5.459,C:\Users\kunsh_ghp5duq\OneDrive\Desktop\SIH\3\docking_results\triacetin_docked.pdbqt
ketotifen,-5.457,C:\Users\kunsh_ghp5duq\OneDrive\Desktop\SIH\3\docking_results\ketotifen_docked.pdbqt
cetalkonium_chloride,-5.455,C:\Users\kunsh_ghp5duq\OneDrive\Desktop\SIH\3\docking_results\cetalkonium_chloride_docked.pdbqt
propofol,-5.454,C:\Users\kunsh_ghp5duq\OneDrive\Desktop\SIH\3\docking_results\propofol_docked.pdbqt
buzepide_metiodide,-5.452,C:\Users\kunsh_ghp5duq\OneDrive\Desktop\SIH\3\docking_results\buzepide_metiodide_docked.pdbqt
ephedrine,-5.449,C:\Users\kunsh_ghp5duq\OneDrive\Desktop\SIH\3\docking_results\ephedrine_docked.pdbqt
methylephedrine,-5.449,C:\Users\kunsh_ghp5duq\OneDrive\Desktop\SIH\3\docking_results\methylephedrine_docked.pdbqt
acetylleucine,-5.448,C:\Users\kunsh_ghp5duq\OneDrive\Desktop\SIH\3\docking_results\acetylleucine_docked.pdbqt
homocamfin,-5.444,C:\Users\kunsh_ghp5duq\OneDrive\Desktop\SIH\3\docking_results\homocamfin_docked.pdbqt
isoaminile,-5.444,C:\Users\kunsh_ghp5duq\OneDrive\Desktop\SIH\3\docking_results\isoaminile_docked.pdbqt
eflornithine,-5.444,C:\Users\kunsh_ghp5duq\OneDrive\Desktop\SIH\3\docking_results\eflornithine_docked.pdbqt
dimazole,-5.442,C:\Users\kunsh_ghp5duq\OneDrive\Desktop\SIH\3\docking_results\dimazole_docked.pdbqt
migalastat,-5.441,C:\Users\kunsh_ghp5duq\OneDrive\Desktop\SIH\3\docking_results\migalastat_docked.pdbqt
carbromal,-5.44,C:\Users\kunsh_ghp5duq\OneDrive\Desktop\SIH\3\docking_results\carbromal_docked.pdbqt
ethenzamide,-5.439,C:\Users\kunsh_ghp5duq\OneDrive\Desktop\SIH\3\docking_results\ethenzamide_docked.pdbqt
isoniazid,-5.435,C:\Users\kunsh_ghp5duq\OneDrive\Desktop\SIH\3\docking_results\isoniazid_docked.pdbqt
propylthiouracil,-5.435,C:\Users\kunsh_ghp5duq\OneDrive\Desktop\SIH\3\docking_results\propylthiouracil_docked.pdbqt
meturedepa,-5.428,C:\Users\kunsh_ghp5duq\OneDrive\Desktop\SIH\3\docking_results\meturedepa_docked.pdbqt
delmopinol,-5.422,C:\Users\kunsh_ghp5duq\OneDrive\Desktop\SIH\3\docking_results\delmopinol_docked.pdbqt
tetraethylphthalamide,-5.422,C:\Users\kunsh_ghp5duq\OneDrive\Desktop\SIH\3\docking_results\tetraethylphthalamide_docked.pdbqt
flucytosine,-5.421,C:\Users\kunsh_ghp5duq\OneDrive\Desktop\SIH\3\docking_results\flucytosine_docked.pdbqt
caffeine,-5.42,C:\Users\kunsh_ghp5duq\OneDrive\Desktop\SIH\3\docking_results\caffeine_docked.pdbqt
nortriptyline,-5.42,C:\Users\kunsh_ghp5duq\OneDrive\Desktop\SIH\3\docking_results\nortriptyline_docked.pdbqt
diethadione,-5.417,C:\Users\kunsh_ghp5duq\OneDrive\Desktop\SIH\3\docking_results\diethadione_docked.pdbqt
sulbactam,-5.416,C:\Users\kunsh_ghp5duq\OneDrive\Desktop\SIH\3\docking_results\sulbactam_docked.pdbqt
mecloralurea,-5.415,C:\Users\kunsh_ghp5duq\OneDrive\Desktop\SIH\3\docking_results\mecloralurea_docked.pdbqt
methallatal,-5.413,C:\Users\kunsh_ghp5duq\OneDrive\Desktop\SIH\3\docking_results\methallatal_docked.pdbqt
sodium_thiosalicylate,-5.405,C:\Users\kunsh_ghp5duq\OneDrive\Desktop\SIH\3\docking_results\sodium_thiosalicylate_docked.pdbqt
mefenorex,-5.405,C:\Users\kunsh_ghp5duq\OneDrive\Desktop\SIH\3\docking_results\mefenorex_docked.pdbqt
edrophonium,-5.405,C:\Users\kunsh_ghp5duq\OneDrive\Desktop\SIH\3\docking_results\edrophonium_docked.pdbqt
propyliodone,-5.402,C:\Users\kunsh_ghp5duq\OneDrive\Desktop\SIH\3\docking_results\propyliodone_docked.pdbqt
metaclazepam,-5.401,C:\Users\kunsh_ghp5duq\OneDrive\Desktop\SIH\3\docking_results\metaclazepam_docked.pdbqt
clonitrate,-5.397,C:\Users\kunsh_ghp5duq\OneDrive\Desktop\SIH\3\docking_results\clonitrate_docked.pdbqt
xylose,-5.392,C:\Users\kunsh_ghp5duq\OneDrive\Desktop\SIH\3\docking_results\xylose_docked.pdbqt
dacarbazine,-5.389,C:\Users\kunsh_ghp5duq\OneDrive\Desktop\SIH\3\docking_results\dacarbazine_docked.pdbqt
nicotine,-5.388,C:\Users\kunsh_ghp5duq\OneDrive\Desktop\SIH\3\docking_results\nicotine_docked.pdbqt
triaziquone,-5.388,C:\Users\kunsh_ghp5duq\OneDrive\Desktop\SIH\3\docking_results\triaziquone_docked.pdbqt
clomipramine,-5.387,C:\Users\kunsh_ghp5duq\OneDrive\Desktop\SIH\3\docking_results\clomipramine_docked.pdbqt
pentolonium,-5.382,C:\Users\kunsh_ghp5duq\OneDrive\Desktop\SIH\3\docking_results\pentolonium_docked.pdbqt
methylparaben,-5.382,C:\Users\kunsh_ghp5duq\OneDrive\Desktop\SIH\3\docking_results\methylparaben_docked.pdbqt
bucillamine,-5.378,C:\Users\kunsh_ghp5duq\OneDrive\Desktop\SIH\3\docking_results\bucillamine_docked.pdbqt
pivagabine,-5.377,C:\Users\kunsh_ghp5duq\OneDrive\Desktop\SIH\3\docking_results\pivagabine_docked.pdbqt
benzalkonium,-5.377,C:\Users\kunsh_ghp5duq\OneDrive\Desktop\SIH\3\docking_results\benzalkonium_docked.pdbqt
dichlorobenzyl_alcohol,-5.376,C:\Users\kunsh_ghp5duq\OneDrive\Desktop\SIH\3\docking_results\dichlorobenzyl_alcohol_docked.pdbqt
nikethamide,-5.371,C:\Users\kunsh_ghp5duq\OneDrive\Desktop\SIH\3\docking_results\nikethamide_docked.pdbqt
cyverine,-5.37,C:\Users\kunsh_ghp5duq\OneDrive\Desktop\SIH\3\docking_results\cyverine_docked.pdbqt
haloprogin,-5.37,C:\Users\kunsh_ghp5duq\OneDrive\Desktop\SIH\3\docking_results\haloprogin_docked.pdbqt
oxidronic_acid,-5.37,C:\Users\kunsh_ghp5duq\OneDrive\Desktop\SIH\3\docking_results\oxidronic_acid_docked.pdbqt
eravacycline_dihydrochloride,-5.368,C:\Users\kunsh_ghp5duq\OneDrive\Desktop\SIH\3\docking_results\eravacycline_dihydrochloride_docked.pdbqt
chloralodol,-5.368,C:\Users\kunsh_ghp5duq\OneDrive\Desktop\SIH\3\docking_results\chloralodol_docked.pdbqt
suloctidil,-5.368,C:\Users\kunsh_ghp5duq\OneDrive\Desktop\SIH\3\docking_results\suloctidil_docked.pdbqt
etilamfetamine,-5.366,C:\Users\kunsh_ghp5duq\OneDrive\Desktop\SIH\3\docking_results\etilamfetamine_docked.pdbqt
choline_alfoscerate,-5.365,C:\Users\kunsh_ghp5duq\OneDrive\Desktop\SIH\3\docking_results\choline_alfoscerate_docked.pdbqt
butacaine,-5.358,C:\Users\kunsh_ghp5duq\OneDrive\Desktop\SIH\3\docking_results\butacaine_docked.pdbqt
inositol,-5.357,C:\Users\kunsh_ghp5duq\OneDrive\Desktop\SIH\3\docking_results\inositol_docked.pdbqt
oxiracetam,-5.357,C:\Users\kunsh_ghp5duq\OneDrive\Desktop\SIH\3\docking_results\oxiracetam_docked.pdbqt
benzocaine,-5.355,C:\Users\kunsh_ghp5duq\OneDrive\Desktop\SIH\3\docking_results\benzocaine_docked.pdbqt
ethyl_hydroxybenzoate,-5.355,C:\Users\kunsh_ghp5duq\OneDrive\Desktop\SIH\3\docking_results\ethyl_hydroxybenzoate_docked.pdbqt
phenoxyethanol,-5.351,C:\Users\kunsh_ghp5duq\OneDrive\Desktop\SIH\3\docking_results\phenoxyethanol_docked.pdbqt
enbucrilate,-5.351,C:\Users\kunsh_ghp5duq\OneDrive\Desktop\SIH\3\docking_results\enbucrilate_docked.pdbqt
acetrizoic_acid,-5.35,C:\Users\kunsh_ghp5duq\OneDrive\Desktop\SIH\3\docking_results\acetrizoic_acid_docked.pdbqt
sodium_hexacyclonate,-5.347,C:\Users\kunsh_ghp5duq\OneDrive\Desktop\SIH\3\docking_results\sodium_hexacyclonate_docked.pdbqt
clortermine,-5.342,C:\Users\kunsh_ghp5duq\OneDrive\Desktop\SIH\3\docking_results\clortermine_docked.pdbqt
phenylacetic_acid,-5.341,C:\Users\kunsh_ghp5duq\OneDrive\Desktop\SIH\3\docking_results\phenylacetic_acid_docked.pdbqt
amitriptyline,-5.336,C:\Users\kunsh_ghp5duq\OneDrive\Desktop\SIH\3\docking_results\amitriptyline_docked.pdbqt
myrtecaine,-5.335,C:\Users\kunsh_ghp5duq\OneDrive\Desktop\SIH\3\docking_results\myrtecaine_docked.pdbqt
glycerylphosphorylcholine,-5.335,C:\Users\kunsh_ghp5duq\OneDrive\Desktop\SIH\3\docking_results\glycerylphosphorylcholine_docked.pdbqt
acetylcarnitine,-5.334,C:\Users\kunsh_ghp5duq\OneDrive\Desktop\SIH\3\docking_results\acetylcarnitine_docked.pdbqt
dodecanoic_acid,-5.333,C:\Users\kunsh_ghp5duq\OneDrive\Desktop\SIH\3\docking_results\dodecanoic_acid_docked.pdbqt
glutamic_acid,-5.333,C:\Users\kunsh_ghp5duq\OneDrive\Desktop\SIH\3\docking_results\glutamic_acid_docked.pdbqt
carbocisteine,-5.333,C:\Users\kunsh_ghp5duq\OneDrive\Desktop\SIH\3\docking_results\carbocisteine_docked.pdbqt
phentermine,-5.331,C:\Users\kunsh_ghp5duq\OneDrive\Desktop\SIH\3\docking_results\phentermine_docked.pdbqt
medazepam,-5.328,C:\Users\kunsh_ghp5duq\OneDrive\Desktop\SIH\3\docking_results\medazepam_docked.pdbqt
dimethylthiambutene,-5.327,C:\Users\kunsh_ghp5duq\OneDrive\Desktop\SIH\3\docking_results\dimethylthiambutene_docked.pdbqt
narcobarbital,-5.327,C:\Users\kunsh_ghp5duq\OneDrive\Desktop\SIH\3\docking_results\narcobarbital_docked.pdbqt
lactitol,-5.325,C:\Users\kunsh_ghp5duq\OneDrive\Desktop\SIH\3\docking_results\lactitol_docked.pdbqt
tartaric_acid,-5.323,C:\Users\kunsh_ghp5duq\OneDrive\Desktop\SIH\3\docking_results\tartaric_acid_docked.pdbqt
dibromol,-5.319,C:\Users\kunsh_ghp5duq\OneDrive\Desktop\SIH\3\docking_results\dibromol_docked.pdbqt
undecylenic_acid,-5.316,C:\Users\kunsh_ghp5duq\OneDrive\Desktop\SIH\3\docking_results\undecylenic_acid_docked.pdbqt
crotetamide,-5.309,C:\Users\kunsh_ghp5duq\OneDrive\Desktop\SIH\3\docking_results\crotetamide_docked.pdbqt
hexyldecanoic_acid,-5.308,C:\Users\kunsh_ghp5duq\OneDrive\Desktop\SIH\3\docking_results\hexyldecanoic_acid_docked.pdbqt
amfetamine,-5.301,C:\Users\kunsh_ghp5duq\OneDrive\Desktop\SIH\3\docking_results\amfetamine_docked.pdbqt
eptazocine,-5.3,C:\Users\kunsh_ghp5duq\OneDrive\Desktop\SIH\3\docking_results\eptazocine_docked.pdbqt
phenpromethamine,-5.298,C:\Users\kunsh_ghp5duq\OneDrive\Desktop\SIH\3\docking_results\phenpromethamine_docked.pdbqt
cethexonium,-5.295,C:\Users\kunsh_ghp5duq\OneDrive\Desktop\SIH\3\docking_results\cethexonium_docked.pdbqt
dimethylphthalate,-5.294,C:\Users\kunsh_ghp5duq\OneDrive\Desktop\SIH\3\docking_results\dimethylphthalate_docked.pdbqt
uracil_mustard,-5.293,C:\Users\kunsh_ghp5duq\OneDrive\Desktop\SIH\3\docking_results\uracil_mustard_docked.pdbqt
tiamenidine,-5.293,C:\Users\kunsh_ghp5duq\OneDrive\Desktop\SIH\3\docking_results\tiamenidine_docked.pdbqt
malotilate,-5.289,C:\Users\kunsh_ghp5duq\OneDrive\Desktop\SIH\3\docking_results\malotilate_docked.pdbqt
levetiracetam,-5.285,C:\Users\kunsh_ghp5duq\OneDrive\Desktop\SIH\3\docking_results\levetiracetam_docked.pdbqt
telmesteine,-5.285,C:\Users\kunsh_ghp5duq\OneDrive\Desktop\SIH\3\docking_results\telmesteine_docked.pdbqt
mitobronitol,-5.285,C:\Users\kunsh_ghp5duq\OneDrive\Desktop\SIH\3\docking_results\mitobronitol_docked.pdbqt
methamphetamine,-5.283,C:\Users\kunsh_ghp5duq\OneDrive\Desktop\SIH\3\docking_results\methamphetamine_docked.pdbqt
ethinamate,-5.283,C:\Users\kunsh_ghp5duq\OneDrive\Desktop\SIH\3\docking_results\ethinamate_docked.pdbqt
sabcomeline,-5.283,C:\Users\kunsh_ghp5duq\OneDrive\Desktop\SIH\3\docking_results\sabcomeline_docked.pdbqt
propylhexedrine,-5.278,C:\Users\kunsh_ghp5duq\OneDrive\Desktop\SIH\3\docking_results\propylhexedrine_docked.pdbqt
dexamfetamine,-5.274,C:\Users\kunsh_ghp5duq\OneDrive\Desktop\SIH\3\docking_results\dexamfetamine_docked.pdbqt
pralidoxime,-5.273,C:\Users\kunsh_ghp5duq\OneDrive\Desktop\SIH\3\docking_results\pralidoxime_docked.pdbqt
alendronic_acid,-5.273,C:\Users\kunsh_ghp5duq\OneDrive\Desktop\SIH\3\docking_results\alendronic_acid_docked.pdbqt
rimantadine,-5.271,C:\Users\kunsh_ghp5duq\OneDrive\Desktop\SIH\3\docking_results\rimantadine_docked.pdbqt
benzoic_acid,-5.271,C:\Users\kunsh_ghp5duq\OneDrive\Desktop\SIH\3\docking_results\benzoic_acid_docked.pdbqt
mebicar,-5.269,C:\Users\kunsh_ghp5duq\OneDrive\Desktop\SIH\3\docking_results\mebicar_docked.pdbqt
suxamethonium,-5.269,C:\Users\kunsh_ghp5duq\OneDrive\Desktop\SIH\3\docking_results\suxamethonium_docked.pdbqt
levamfetamine,-5.267,C:\Users\kunsh_ghp5duq\OneDrive\Desktop\SIH\3\docking_results\levamfetamine_docked.pdbqt
phenylethanolamine,-5.266,C:\Users\kunsh_ghp5duq\OneDrive\Desktop\SIH\3\docking_results\phenylethanolamine_docked.pdbqt
desipramine,-5.264,C:\Users\kunsh_ghp5duq\OneDrive\Desktop\SIH\3\docking_results\desipramine_docked.pdbqt
ketazolam,-5.263,C:\Users\kunsh_ghp5duq\OneDrive\Desktop\SIH\3\docking_results\ketazolam_docked.pdbqt
pargyline,-5.259,C:\Users\kunsh_ghp5duq\OneDrive\Desktop\SIH\3\docking_results\pargyline_docked.pdbqt
mannitol,-5.254,C:\Users\kunsh_ghp5duq\OneDrive\Desktop\SIH\3\docking_results\mannitol_docked.pdbqt
thiamylal,-5.25,C:\Users\kunsh_ghp5duq\OneDrive\Desktop\SIH\3\docking_results\thiamylal_docked.pdbqt
thioctic_acid,-5.25,C:\Users\kunsh_ghp5duq\OneDrive\Desktop\SIH\3\docking_results\thioctic_acid_docked.pdbqt
adenine,-5.249,C:\Users\kunsh_ghp5duq\OneDrive\Desktop\SIH\3\docking_results\adenine_docked.pdbqt
2-_4-chlorphenoxy_-ethanol,-5.247,C:\Users\kunsh_ghp5duq\OneDrive\Desktop\SIH\3\docking_results\2-_4-chlorphenoxy_-ethanol_docked.pdbqt
furamicid,-5.246,C:\Users\kunsh_ghp5duq\OneDrive\Desktop\SIH\3\docking_results\furamicid_docked.pdbqt
meladrazine,-5.246,C:\Users\kunsh_ghp5duq\OneDrive\Desktop\SIH\3\docking_results\meladrazine_docked.pdbqt
carmustine,-5.245,C:\Users\kunsh_ghp5duq\OneDrive\Desktop\SIH\3\docking_results\carmustine_docked.pdbqt
clodronic_acid,-5.24,C:\Users\kunsh_ghp5duq\OneDrive\Desktop\SIH\3\docking_results\clodronic_acid_docked.pdbqt
butriptyline,-5.234,C:\Users\kunsh_ghp5duq\OneDrive\Desktop\SIH\3\docking_results\butriptyline_docked.pdbqt
iopydol,-5.23,C:\Users\kunsh_ghp5duq\OneDrive\Desktop\SIH\3\docking_results\iopydol_docked.pdbqt
levornidazole,-5.228,C:\Users\kunsh_ghp5duq\OneDrive\Desktop\SIH\3\docking_results\levornidazole_docked.pdbqt
amifostine,-5.228,C:\Users\kunsh_ghp5duq\OneDrive\Desktop\SIH\3\docking_results\amifostine_docked.pdbqt
mitolactol,-5.228,C:\Users\kunsh_ghp5duq\OneDrive\Desktop\SIH\3\docking_results\mitolactol_docked.pdbqt
levocarnitine_propionate,-5.225,C:\Users\kunsh_ghp5duq\OneDrive\Desktop\SIH\3\docking_results\levocarnitine_propionate_docked.pdbqt
glutamine,-5.223,C:\Users\kunsh_ghp5duq\OneDrive\Desktop\SIH\3\docking_results\glutamine_docked.pdbqt
levomenthol,-5.212,C:\Users\kunsh_ghp5duq\OneDrive\Desktop\SIH\3\docking_results\levomenthol_docked.pdbqt
dimethylcarbate,-5.202,C:\Users\kunsh_ghp5duq\OneDrive\Desktop\SIH\3\docking_results\dimethylcarbate_docked.pdbqt
gimeracil,-5.201,C:\Users\kunsh_ghp5duq\OneDrive\Desktop\SIH\3\docking_results\gimeracil_docked.pdbqt
phloroglucinol,-5.201,C:\Users\kunsh_ghp5duq\OneDrive\Desktop\SIH\3\docking_results\phloroglucinol_docked.pdbqt
nicotinyl_methylamide,-5.2,C:\Users\kunsh_ghp5duq\OneDrive\Desktop\SIH\3\docking_results\nicotinyl_methylamide_docked.pdbqt
bitoscanate,-5.195,C:\Users\kunsh_ghp5duq\OneDrive\Desktop\SIH\3\docking_results\bitoscanate_docked.pdbqt
ethylmethylthiambutene,-5.188,C:\Users\kunsh_ghp5duq\OneDrive\Desktop\SIH\3\docking_results\ethylmethylthiambutene_docked.pdbqt
gabapentin,-5.182,C:\Users\kunsh_ghp5duq\OneDrive\Desktop\SIH\3\docking_results\gabapentin_docked.pdbqt
pyrithyldione,-5.175,C:\Users\kunsh_ghp5duq\OneDrive\Desktop\SIH\3\docking_results\pyrithyldione_docked.pdbqt
cyclophosphamide,-5.173,C:\Users\kunsh_ghp5duq\OneDrive\Desktop\SIH\3\docking_results\cyclophosphamide_docked.pdbqt
tinidazole,-5.171,C:\Users\kunsh_ghp5duq\OneDrive\Desktop\SIH\3\docking_results\tinidazole_docked.pdbqt
metronidazole,-5.164,C:\Users\kunsh_ghp5duq\OneDrive\Desktop\SIH\3\docking_results\metronidazole_docked.pdbqt
oxanamide,-5.163,C:\Users\kunsh_ghp5duq\OneDrive\Desktop\SIH\3\docking_results\oxanamide_docked.pdbqt
epomediol,-5.16,C:\Users\kunsh_ghp5duq\OneDrive\Desktop\SIH\3\docking_results\epomediol_docked.pdbqt
trapidil,-5.158,C:\Users\kunsh_ghp5duq\OneDrive\Desktop\SIH\3\docking_results\trapidil_docked.pdbqt
creatine,-5.154,C:\Users\kunsh_ghp5duq\OneDrive\Desktop\SIH\3\docking_results\creatine_docked.pdbqt
paramethadione,-5.152,C:\Users\kunsh_ghp5duq\OneDrive\Desktop\SIH\3\docking_results\paramethadione_docked.pdbqt
meglutol,-5.149,C:\Users\kunsh_ghp5duq\OneDrive\Desktop\SIH\3\docking_results\meglutol_docked.pdbqt
promoxolane,-5.149,C:\Users\kunsh_ghp5duq\OneDrive\Desktop\SIH\3\docking_results\promoxolane_docked.pdbqt
fluorouracil,-5.136,C:\Users\kunsh_ghp5duq\OneDrive\Desktop\SIH\3\docking_results\fluorouracil_docked.pdbqt
docosanol,-5.134,C:\Users\kunsh_ghp5duq\OneDrive\Desktop\SIH\3\docking_results\docosanol_docked.pdbqt
prozapine,-5.129,C:\Users\kunsh_ghp5duq\OneDrive\Desktop\SIH\3\docking_results\prozapine_docked.pdbqt
kojic_acid,-5.128,C:\Users\kunsh_ghp5duq\OneDrive\Desktop\SIH\3\docking_results\kojic_acid_docked.pdbqt
aclatonium,-5.126,C:\Users\kunsh_ghp5duq\OneDrive\Desktop\SIH\3\docking_results\aclatonium_docked.pdbqt
cetrimonium,-5.125,C:\Users\kunsh_ghp5duq\OneDrive\Desktop\SIH\3\docking_results\cetrimonium_docked.pdbqt
imipramine_oxide,-5.124,C:\Users\kunsh_ghp5duq\OneDrive\Desktop\SIH\3\docking_results\imipramine_oxide_docked.pdbqt
metformin,-5.123,C:\Users\kunsh_ghp5duq\OneDrive\Desktop\SIH\3\docking_results\metformin_docked.pdbqt
iodinated_glycerol,-5.121,C:\Users\kunsh_ghp5duq\OneDrive\Desktop\SIH\3\docking_results\iodinated_glycerol_docked.pdbqt
aceclidine,-5.119,C:\Users\kunsh_ghp5duq\OneDrive\Desktop\SIH\3\docking_results\aceclidine_docked.pdbqt
incadronic_acid,-5.113,C:\Users\kunsh_ghp5duq\OneDrive\Desktop\SIH\3\docking_results\incadronic_acid_docked.pdbqt
lysine,-5.111,C:\Users\kunsh_ghp5duq\OneDrive\Desktop\SIH\3\docking_results\lysine_docked.pdbqt
allomethadione,-5.107,C:\Users\kunsh_ghp5duq\OneDrive\Desktop\SIH\3\docking_results\allomethadione_docked.pdbqt
tiracizine,-5.101,C:\Users\kunsh_ghp5duq\OneDrive\Desktop\SIH\3\docking_results\tiracizine_docked.pdbqt
cropropamide,-5.101,C:\Users\kunsh_ghp5duq\OneDrive\Desktop\SIH\3\docking_results\cropropamide_docked.pdbqt
phenylpropanol,-5.09,C:\Users\kunsh_ghp5duq\OneDrive\Desktop\SIH\3\docking_results\phenylpropanol_docked.pdbqt
mercaptopurine,-5.086,C:\Users\kunsh_ghp5duq\OneDrive\Desktop\SIH\3\docking_results\mercaptopurine_docked.pdbqt
setastine,-5.086,C:\Users\kunsh_ghp5duq\OneDrive\Desktop\SIH\3\docking_results\setastine_docked.pdbqt
tiadenol,-5.085,C:\Users\kunsh_ghp5duq\OneDrive\Desktop\SIH\3\docking_results\tiadenol_docked.pdbqt
carbocloral,-5.083,C:\Users\kunsh_ghp5duq\OneDrive\Desktop\SIH\3\docking_results\carbocloral_docked.pdbqt
uredepa,-5.082,C:\Users\kunsh_ghp5duq\OneDrive\Desktop\SIH\3\docking_results\uredepa_docked.pdbqt
isosorbide,-5.081,C:\Users\kunsh_ghp5duq\OneDrive\Desktop\SIH\3\docking_results\isosorbide_docked.pdbqt
ketoxal,-5.079,C:\Users\kunsh_ghp5duq\OneDrive\Desktop\SIH\3\docking_results\ketoxal_docked.pdbqt
xylitol,-5.079,C:\Users\kunsh_ghp5duq\OneDrive\Desktop\SIH\3\docking_results\xylitol_docked.pdbqt
cyclopentamine,-5.078,C:\Users\kunsh_ghp5duq\OneDrive\Desktop\SIH\3\docking_results\cyclopentamine_docked.pdbqt
sozoiodolic_acid,-5.074,C:\Users\kunsh_ghp5duq\OneDrive\Desktop\SIH\3\docking_results\sozoiodolic_acid_docked.pdbqt
docosanoic_acid,-5.069,C:\Users\kunsh_ghp5duq\OneDrive\Desktop\SIH\3\docking_results\docosanoic_acid_docked.pdbqt
phosphorylcholine,-5.065,C:\Users\kunsh_ghp5duq\OneDrive\Desktop\SIH\3\docking_results\phosphorylcholine_docked.pdbqt
resorcinol,-5.065,C:\Users\kunsh_ghp5duq\OneDrive\Desktop\SIH\3\docking_results\resorcinol_docked.pdbqt
eberconazole,-5.063,C:\Users\kunsh_ghp5duq\OneDrive\Desktop\SIH\3\docking_results\eberconazole_docked.pdbqt
guaiacol,-5.06,C:\Users\kunsh_ghp5duq\OneDrive\Desktop\SIH\3\docking_results\guaiacol_docked.pdbqt
malathion,-5.055,C:\Users\kunsh_ghp5duq\OneDrive\Desktop\SIH\3\docking_results\malathion_docked.pdbqt
octamylamine,-5.054,C:\Users\kunsh_ghp5duq\OneDrive\Desktop\SIH\3\docking_results\octamylamine_docked.pdbqt
bunazosin,-5.05,C:\Users\kunsh_ghp5duq\OneDrive\Desktop\SIH\3\docking_results\bunazosin_docked.pdbqt
heptabarb,-5.037,C:\Users\kunsh_ghp5duq\OneDrive\Desktop\SIH\3\docking_results\heptabarb_docked.pdbqt
ethosuximide,-5.024,C:\Users\kunsh_ghp5duq\OneDrive\Desktop\SIH\3\docking_results\ethosuximide_docked.pdbqt
octamoxin,-5.024,C:\Users\kunsh_ghp5duq\OneDrive\Desktop\SIH\3\docking_results\octamoxin_docked.pdbqt
methitural,-5.023,C:\Users\kunsh_ghp5duq\OneDrive\Desktop\SIH\3\docking_results\methitural_docked.pdbqt
tiopronin,-5.023,C:\Users\kunsh_ghp5duq\OneDrive\Desktop\SIH\3\docking_results\tiopronin_docked.pdbqt
methyl_aminolevulinate,-5.023,C:\Users\kunsh_ghp5duq\OneDrive\Desktop\SIH\3\docking_results\methyl_aminolevulinate_docked.pdbqt
metapramine,-5.015,C:\Users\kunsh_ghp5duq\OneDrive\Desktop\SIH\3\docking_results\metapramine_docked.pdbqt
homonicotinic_acid,-5.014,C:\Users\kunsh_ghp5duq\OneDrive\Desktop\SIH\3\docking_results\homonicotinic_acid_docked.pdbqt
isaxonine,-5.008,C:\Users\kunsh_ghp5duq\OneDrive\Desktop\SIH\3\docking_results\isaxonine_docked.pdbqt
iprindole,-5.004,C:\Users\kunsh_ghp5duq\OneDrive\Desktop\SIH\3\docking_results\iprindole_docked.pdbqt
levoverbenone,-5.002,C:\Users\kunsh_ghp5duq\OneDrive\Desktop\SIH\3\docking_results\levoverbenone_docked.pdbqt
hydroxyproline,-4.998,C:\Users\kunsh_ghp5duq\OneDrive\Desktop\SIH\3\docking_results\hydroxyproline_docked.pdbqt
ornithine,-4.989,C:\Users\kunsh_ghp5duq\OneDrive\Desktop\SIH\3\docking_results\ornithine_docked.pdbqt
4-dimethylaminophenol,-4.987,C:\Users\kunsh_ghp5duq\OneDrive\Desktop\SIH\3\docking_results\4-dimethylaminophenol_docked.pdbqt
fluciclovine__18F_,-4.984,C:\Users\kunsh_ghp5duq\OneDrive\Desktop\SIH\3\docking_results\fluciclovine__18F__docked.pdbqt
nicotinic_acid,-4.984,C:\Users\kunsh_ghp5duq\OneDrive\Desktop\SIH\3\docking_results\nicotinic_acid_docked.pdbqt
oxeladin,-4.983,C:\Users\kunsh_ghp5duq\OneDrive\Desktop\SIH\3\docking_results\oxeladin_docked.pdbqt
piracetam,-4.98,C:\Users\kunsh_ghp5duq\OneDrive\Desktop\SIH\3\docking_results\piracetam_docked.pdbqt
symclosene,-4.977,C:\Users\kunsh_ghp5duq\OneDrive\Desktop\SIH\3\docking_results\symclosene_docked.pdbqt
isoleucine,-4.968,C:\Users\kunsh_ghp5duq\OneDrive\Desktop\SIH\3\docking_results\isoleucine_docked.pdbqt
cetyl_alcohol,-4.967,C:\Users\kunsh_ghp5duq\OneDrive\Desktop\SIH\3\docking_results\cetyl_alcohol_docked.pdbqt
methylsulfonal,-4.96,C:\Users\kunsh_ghp5duq\OneDrive\Desktop\SIH\3\docking_results\methylsulfonal_docked.pdbqt
cevimeline,-4.944,C:\Users\kunsh_ghp5duq\OneDrive\Desktop\SIH\3\docking_results\cevimeline_docked.pdbqt
aminolevulinic_acid,-4.943,C:\Users\kunsh_ghp5duq\OneDrive\Desktop\SIH\3\docking_results\aminolevulinic_acid_docked.pdbqt
imipramine,-4.942,C:\Users\kunsh_ghp5duq\OneDrive\Desktop\SIH\3\docking_results\imipramine_docked.pdbqt
pregabalin,-4.938,C:\Users\kunsh_ghp5duq\OneDrive\Desktop\SIH\3\docking_results\pregabalin_docked.pdbqt
nicotinamide,-4.936,C:\Users\kunsh_ghp5duq\OneDrive\Desktop\SIH\3\docking_results\nicotinamide_docked.pdbqt
tretamine,-4.935,C:\Users\kunsh_ghp5duq\OneDrive\Desktop\SIH\3\docking_results\tretamine_docked.pdbqt
methiosulfonium_chloride,-4.933,C:\Users\kunsh_ghp5duq\OneDrive\Desktop\SIH\3\docking_results\methiosulfonium_chloride_docked.pdbqt
ifosfamide,-4.932,C:\Users\kunsh_ghp5duq\OneDrive\Desktop\SIH\3\docking_results\ifosfamide_docked.pdbqt
bemegride,-4.932,C:\Users\kunsh_ghp5duq\OneDrive\Desktop\SIH\3\docking_results\bemegride_docked.pdbqt
adipic_acid,-4.932,C:\Users\kunsh_ghp5duq\OneDrive\Desktop\SIH\3\docking_results\adipic_acid_docked.pdbqt
methyl_nicotinate,-4.925,C:\Users\kunsh_ghp5duq\OneDrive\Desktop\SIH\3\docking_results\methyl_nicotinate_docked.pdbqt
tribromometacresol,-4.922,C:\Users\kunsh_ghp5duq\OneDrive\Desktop\SIH\3\docking_results\tribromometacresol_docked.pdbqt
aspartic_acid,-4.912,C:\Users\kunsh_ghp5duq\OneDrive\Desktop\SIH\3\docking_results\aspartic_acid_docked.pdbqt
altretamine,-4.912,C:\Users\kunsh_ghp5duq\OneDrive\Desktop\SIH\3\docking_results\altretamine_docked.pdbqt
homochlorcyclizine,-4.906,C:\Users\kunsh_ghp5duq\OneDrive\Desktop\SIH\3\docking_results\homochlorcyclizine_docked.pdbqt
thiouracil,-4.902,C:\Users\kunsh_ghp5duq\OneDrive\Desktop\SIH\3\docking_results\thiouracil_docked.pdbqt
mequinol,-4.902,C:\Users\kunsh_ghp5duq\OneDrive\Desktop\SIH\3\docking_results\mequinol_docked.pdbqt
bretylium,-4.898,C:\Users\kunsh_ghp5duq\OneDrive\Desktop\SIH\3\docking_results\bretylium_docked.pdbqt
levocarnitine,-4.894,C:\Users\kunsh_ghp5duq\OneDrive\Desktop\SIH\3\docking_results\levocarnitine_docked.pdbqt
valproic_acid,-4.886,C:\Users\kunsh_ghp5duq\OneDrive\Desktop\SIH\3\docking_results\valproic_acid_docked.pdbqt
hydroquinone,-4.883,C:\Users\kunsh_ghp5duq\OneDrive\Desktop\SIH\3\docking_results\hydroquinone_docked.pdbqt
leucine,-4.879,C:\Users\kunsh_ghp5duq\OneDrive\Desktop\SIH\3\docking_results\leucine_docked.pdbqt
timonacic,-4.874,C:\Users\kunsh_ghp5duq\OneDrive\Desktop\SIH\3\docking_results\timonacic_docked.pdbqt
orazamide,-4.873,C:\Users\kunsh_ghp5duq\OneDrive\Desktop\SIH\3\docking_results\orazamide_docked.pdbqt
sevoflurane,-4.872,C:\Users\kunsh_ghp5duq\OneDrive\Desktop\SIH\3\docking_results\sevoflurane_docked.pdbqt
meptazinol,-4.872,C:\Users\kunsh_ghp5duq\OneDrive\Desktop\SIH\3\docking_results\meptazinol_docked.pdbqt
aminohydroxybutyric_acid,-4.872,C:\Users\kunsh_ghp5duq\OneDrive\Desktop\SIH\3\docking_results\aminohydroxybutyric_acid_docked.pdbqt
emedastine,-4.872,C:\Users\kunsh_ghp5duq\OneDrive\Desktop\SIH\3\docking_results\emedastine_docked.pdbqt
cycloserine,-4.871,C:\Users\kunsh_ghp5duq\OneDrive\Desktop\SIH\3\docking_results\cycloserine_docked.pdbqt
tiazesim,-4.864,C:\Users\kunsh_ghp5duq\OneDrive\Desktop\SIH\3\docking_results\tiazesim_docked.pdbqt
carbimazole,-4.863,C:\Users\kunsh_ghp5duq\OneDrive\Desktop\SIH\3\docking_results\carbimazole_docked.pdbqt
foscarnet,-4.859,C:\Users\kunsh_ghp5duq\OneDrive\Desktop\SIH\3\docking_results\foscarnet_docked.pdbqt
acetylcysteine,-4.858,C:\Users\kunsh_ghp5duq\OneDrive\Desktop\SIH\3\docking_results\acetylcysteine_docked.pdbqt
thiopental,-4.846,C:\Users\kunsh_ghp5duq\OneDrive\Desktop\SIH\3\docking_results\thiopental_docked.pdbqt
threonine,-4.845,C:\Users\kunsh_ghp5duq\OneDrive\Desktop\SIH\3\docking_results\threonine_docked.pdbqt
amantadine,-4.841,C:\Users\kunsh_ghp5duq\OneDrive\Desktop\SIH\3\docking_results\amantadine_docked.pdbqt
cineole,-4.831,C:\Users\kunsh_ghp5duq\OneDrive\Desktop\SIH\3\docking_results\cineole_docked.pdbqt
meldonium,-4.83,C:\Users\kunsh_ghp5duq\OneDrive\Desktop\SIH\3\docking_results\meldonium_docked.pdbqt
paraldehyde,-4.828,C:\Users\kunsh_ghp5duq\OneDrive\Desktop\SIH\3\docking_results\paraldehyde_docked.pdbqt
ethadione,-4.822,C:\Users\kunsh_ghp5duq\OneDrive\Desktop\SIH\3\docking_results\ethadione_docked.pdbqt
fumaric_acid,-4.819,C:\Users\kunsh_ghp5duq\OneDrive\Desktop\SIH\3\docking_results\fumaric_acid_docked.pdbqt
fudosteine,-4.817,C:\Users\kunsh_ghp5duq\OneDrive\Desktop\SIH\3\docking_results\fudosteine_docked.pdbqt
taurine,-4.814,C:\Users\kunsh_ghp5duq\OneDrive\Desktop\SIH\3\docking_results\taurine_docked.pdbqt
succimer,-4.813,C:\Users\kunsh_ghp5duq\OneDrive\Desktop\SIH\3\docking_results\succimer_docked.pdbqt
heptaminol,-4.812,C:\Users\kunsh_ghp5duq\OneDrive\Desktop\SIH\3\docking_results\heptaminol_docked.pdbqt
trimethadione,-4.812,C:\Users\kunsh_ghp5duq\OneDrive\Desktop\SIH\3\docking_results\trimethadione_docked.pdbqt
decamethonium,-4.81,C:\Users\kunsh_ghp5duq\OneDrive\Desktop\SIH\3\docking_results\decamethonium_docked.pdbqt
citiolone,-4.808,C:\Users\kunsh_ghp5duq\OneDrive\Desktop\SIH\3\docking_results\citiolone_docked.pdbqt
iproheptine,-4.802,C:\Users\kunsh_ghp5duq\OneDrive\Desktop\SIH\3\docking_results\iproheptine_docked.pdbqt
vigabatrin,-4.796,C:\Users\kunsh_ghp5duq\OneDrive\Desktop\SIH\3\docking_results\vigabatrin_docked.pdbqt
etohexadiol,-4.793,C:\Users\kunsh_ghp5duq\OneDrive\Desktop\SIH\3\docking_results\etohexadiol_docked.pdbqt
asparagine,-4.785,C:\Users\kunsh_ghp5duq\OneDrive\Desktop\SIH\3\docking_results\asparagine_docked.pdbqt
proline,-4.784,C:\Users\kunsh_ghp5duq\OneDrive\Desktop\SIH\3\docking_results\proline_docked.pdbqt
trientine,-4.784,C:\Users\kunsh_ghp5duq\OneDrive\Desktop\SIH\3\docking_results\trientine_docked.pdbqt
trofosfamide,-4.777,C:\Users\kunsh_ghp5duq\OneDrive\Desktop\SIH\3\docking_results\trofosfamide_docked.pdbqt
diethylcarbamazine,-4.774,C:\Users\kunsh_ghp5duq\OneDrive\Desktop\SIH\3\docking_results\diethylcarbamazine_docked.pdbqt
aminocaproic_acid,-4.771,C:\Users\kunsh_ghp5duq\OneDrive\Desktop\SIH\3\docking_results\aminocaproic_acid_docked.pdbqt
penicillamine,-4.771,C:\Users\kunsh_ghp5duq\OneDrive\Desktop\SIH\3\docking_results\penicillamine_docked.pdbqt
triclofos,-4.769,C:\Users\kunsh_ghp5duq\OneDrive\Desktop\SIH\3\docking_results\triclofos_docked.pdbqt
camphor,-4.767,C:\Users\kunsh_ghp5duq\OneDrive\Desktop\SIH\3\docking_results\camphor_docked.pdbqt
methylthiouracil,-4.75,C:\Users\kunsh_ghp5duq\OneDrive\Desktop\SIH\3\docking_results\methylthiouracil_docked.pdbqt
trimipramine,-4.745,C:\Users\kunsh_ghp5duq\OneDrive\Desktop\SIH\3\docking_results\trimipramine_docked.pdbqt
methyprylon,-4.733,C:\Users\kunsh_ghp5duq\OneDrive\Desktop\SIH\3\docking_results\methyprylon_docked.pdbqt
mecamylamine,-4.731,C:\Users\kunsh_ghp5duq\OneDrive\Desktop\SIH\3\docking_results\mecamylamine_docked.pdbqt
dimantine,-4.726,C:\Users\kunsh_ghp5duq\OneDrive\Desktop\SIH\3\docking_results\dimantine_docked.pdbqt
betahistine,-4.726,C:\Users\kunsh_ghp5duq\OneDrive\Desktop\SIH\3\docking_results\betahistine_docked.pdbqt
octanoic_acid,-4.725,C:\Users\kunsh_ghp5duq\OneDrive\Desktop\SIH\3\docking_results\octanoic_acid_docked.pdbqt
aminopicoline,-4.725,C:\Users\kunsh_ghp5duq\OneDrive\Desktop\SIH\3\docking_results\aminopicoline_docked.pdbqt
iodothiouracil,-4.724,C:\Users\kunsh_ghp5duq\OneDrive\Desktop\SIH\3\docking_results\iodothiouracil_docked.pdbqt
colchicine,-4.724,C:\Users\kunsh_ghp5duq\OneDrive\Desktop\SIH\3\docking_results\colchicine_docked.pdbqt
valpromide,-4.723,C:\Users\kunsh_ghp5duq\OneDrive\Desktop\SIH\3\docking_results\valpromide_docked.pdbqt
phenol,-4.716,C:\Users\kunsh_ghp5duq\OneDrive\Desktop\SIH\3\docking_results\phenol_docked.pdbqt
pyrazinamide,-4.716,C:\Users\kunsh_ghp5duq\OneDrive\Desktop\SIH\3\docking_results\pyrazinamide_docked.pdbqt
metrifonate,-4.697,C:\Users\kunsh_ghp5duq\OneDrive\Desktop\SIH\3\docking_results\metrifonate_docked.pdbqt
isovaleryl_diethylamide,-4.696,C:\Users\kunsh_ghp5duq\OneDrive\Desktop\SIH\3\docking_results\isovaleryl_diethylamide_docked.pdbqt
oxydibutanol,-4.676,C:\Users\kunsh_ghp5duq\OneDrive\Desktop\SIH\3\docking_results\oxydibutanol_docked.pdbqt
benzyl_alcohol,-4.663,C:\Users\kunsh_ghp5duq\OneDrive\Desktop\SIH\3\docking_results\benzyl_alcohol_docked.pdbqt
fosfomycin,-4.659,C:\Users\kunsh_ghp5duq\OneDrive\Desktop\SIH\3\docking_results\fosfomycin_docked.pdbqt
valine,-4.654,C:\Users\kunsh_ghp5duq\OneDrive\Desktop\SIH\3\docking_results\valine_docked.pdbqt
bencyclane,-4.652,C:\Users\kunsh_ghp5duq\OneDrive\Desktop\SIH\3\docking_results\bencyclane_docked.pdbqt
serine,-4.65,C:\Users\kunsh_ghp5duq\OneDrive\Desktop\SIH\3\docking_results\serine_docked.pdbqt
piperidione,-4.647,C:\Users\kunsh_ghp5duq\OneDrive\Desktop\SIH\3\docking_results\piperidione_docked.pdbqt
trometamol,-4.631,C:\Users\kunsh_ghp5duq\OneDrive\Desktop\SIH\3\docking_results\trometamol_docked.pdbqt
isoflurane,-4.629,C:\Users\kunsh_ghp5duq\OneDrive\Desktop\SIH\3\docking_results\isoflurane_docked.pdbqt
methionine,-4.623,C:\Users\kunsh_ghp5duq\OneDrive\Desktop\SIH\3\docking_results\methionine_docked.pdbqt
itramin_tosilate,-4.615,C:\Users\kunsh_ghp5duq\OneDrive\Desktop\SIH\3\docking_results\itramin_tosilate_docked.pdbqt
unithiol,-4.603,C:\Users\kunsh_ghp5duq\OneDrive\Desktop\SIH\3\docking_results\unithiol_docked.pdbqt
ethoheptazine,-4.591,C:\Users\kunsh_ghp5duq\OneDrive\Desktop\SIH\3\docking_results\ethoheptazine_docked.pdbqt
disulfiram,-4.589,C:\Users\kunsh_ghp5duq\OneDrive\Desktop\SIH\3\docking_results\disulfiram_docked.pdbqt
desflurane,-4.582,C:\Users\kunsh_ghp5duq\OneDrive\Desktop\SIH\3\docking_results\desflurane_docked.pdbqt
isometheptene,-4.58,C:\Users\kunsh_ghp5duq\OneDrive\Desktop\SIH\3\docking_results\isometheptene_docked.pdbqt
enflurane,-4.569,C:\Users\kunsh_ghp5duq\OneDrive\Desktop\SIH\3\docking_results\enflurane_docked.pdbqt
fluostigmine,-4.563,C:\Users\kunsh_ghp5duq\OneDrive\Desktop\SIH\3\docking_results\fluostigmine_docked.pdbqt
dimethyl_fumarate,-4.562,C:\Users\kunsh_ghp5duq\OneDrive\Desktop\SIH\3\docking_results\dimethyl_fumarate_docked.pdbqt
cetiedil,-4.553,C:\Users\kunsh_ghp5duq\OneDrive\Desktop\SIH\3\docking_results\cetiedil_docked.pdbqt
perflutren,-4.548,C:\Users\kunsh_ghp5duq\OneDrive\Desktop\SIH\3\docking_results\perflutren_docked.pdbqt
etoglucid,-4.547,C:\Users\kunsh_ghp5duq\OneDrive\Desktop\SIH\3\docking_results\etoglucid_docked.pdbqt
lorcaserin,-4.536,C:\Users\kunsh_ghp5duq\OneDrive\Desktop\SIH\3\docking_results\lorcaserin_docked.pdbqt
domiodol,-4.536,C:\Users\kunsh_ghp5duq\OneDrive\Desktop\SIH\3\docking_results\domiodol_docked.pdbqt
bethanechol,-4.53,C:\Users\kunsh_ghp5duq\OneDrive\Desktop\SIH\3\docking_results\bethanechol_docked.pdbqt
octodrine,-4.509,C:\Users\kunsh_ghp5duq\OneDrive\Desktop\SIH\3\docking_results\octodrine_docked.pdbqt
valnoctamide,-4.501,C:\Users\kunsh_ghp5duq\OneDrive\Desktop\SIH\3\docking_results\valnoctamide_docked.pdbqt
succinic_acid,-4.494,C:\Users\kunsh_ghp5duq\OneDrive\Desktop\SIH\3\docking_results\succinic_acid_docked.pdbqt
trimethidinium,-4.491,C:\Users\kunsh_ghp5duq\OneDrive\Desktop\SIH\3\docking_results\trimethidinium_docked.pdbqt
valdetamide,-4.486,C:\Users\kunsh_ghp5duq\OneDrive\Desktop\SIH\3\docking_results\valdetamide_docked.pdbqt
flurotyl,-4.479,C:\Users\kunsh_ghp5duq\OneDrive\Desktop\SIH\3\docking_results\flurotyl_docked.pdbqt
oxymethurea,-4.477,C:\Users\kunsh_ghp5duq\OneDrive\Desktop\SIH\3\docking_results\oxymethurea_docked.pdbqt
amifampridine,-4.469,C:\Users\kunsh_ghp5duq\OneDrive\Desktop\SIH\3\docking_results\amifampridine_docked.pdbqt
pempidine,-4.457,C:\Users\kunsh_ghp5duq\OneDrive\Desktop\SIH\3\docking_results\pempidine_docked.pdbqt
succinimide,-4.453,C:\Users\kunsh_ghp5duq\OneDrive\Desktop\SIH\3\docking_results\succinimide_docked.pdbqt
methiodal,-4.453,C:\Users\kunsh_ghp5duq\OneDrive\Desktop\SIH\3\docking_results\methiodal_docked.pdbqt
thiram,-4.448,C:\Users\kunsh_ghp5duq\OneDrive\Desktop\SIH\3\docking_results\thiram_docked.pdbqt
echothiophate,-4.442,C:\Users\kunsh_ghp5duq\OneDrive\Desktop\SIH\3\docking_results\echothiophate_docked.pdbqt
carbachol,-4.435,C:\Users\kunsh_ghp5duq\OneDrive\Desktop\SIH\3\docking_results\carbachol_docked.pdbqt
pentaerythritol,-4.412,C:\Users\kunsh_ghp5duq\OneDrive\Desktop\SIH\3\docking_results\pentaerythritol_docked.pdbqt
talipexole,-4.396,C:\Users\kunsh_ghp5duq\OneDrive\Desktop\SIH\3\docking_results\talipexole_docked.pdbqt
carpronium,-4.38,C:\Users\kunsh_ghp5duq\OneDrive\Desktop\SIH\3\docking_results\carpronium_docked.pdbqt
betazole,-4.35,C:\Users\kunsh_ghp5duq\OneDrive\Desktop\SIH\3\docking_results\betazole_docked.pdbqt
DL-Alanine,-4.347,C:\Users\kunsh_ghp5duq\OneDrive\Desktop\SIH\3\docking_results\DL-Alanine_docked.pdbqt
prenderol,-4.33,C:\Users\kunsh_ghp5duq\OneDrive\Desktop\SIH\3\docking_results\prenderol_docked.pdbqt
mesna,-4.327,C:\Users\kunsh_ghp5duq\OneDrive\Desktop\SIH\3\docking_results\mesna_docked.pdbqt
tetrofosmin,-4.317,C:\Users\kunsh_ghp5duq\OneDrive\Desktop\SIH\3\docking_results\tetrofosmin_docked.pdbqt
nicotinyl_alcohol,-4.298,C:\Users\kunsh_ghp5duq\OneDrive\Desktop\SIH\3\docking_results\nicotinyl_alcohol_docked.pdbqt
methacholine,-4.286,C:\Users\kunsh_ghp5duq\OneDrive\Desktop\SIH\3\docking_results\methacholine_docked.pdbqt
riodoxol,-4.282,C:\Users\kunsh_ghp5duq\OneDrive\Desktop\SIH\3\docking_results\riodoxol_docked.pdbqt
emylcamate,-4.281,C:\Users\kunsh_ghp5duq\OneDrive\Desktop\SIH\3\docking_results\emylcamate_docked.pdbqt
sulfiram,-4.273,C:\Users\kunsh_ghp5duq\OneDrive\Desktop\SIH\3\docking_results\sulfiram_docked.pdbqt
loprodiol,-4.261,C:\Users\kunsh_ghp5duq\OneDrive\Desktop\SIH\3\docking_results\loprodiol_docked.pdbqt
lactic_acid,-4.243,C:\Users\kunsh_ghp5duq\OneDrive\Desktop\SIH\3\docking_results\lactic_acid_docked.pdbqt
aminobutyric_acid,-4.242,C:\Users\kunsh_ghp5duq\OneDrive\Desktop\SIH\3\docking_results\aminobutyric_acid_docked.pdbqt
cysteine,-4.24,C:\Users\kunsh_ghp5duq\OneDrive\Desktop\SIH\3\docking_results\cysteine_docked.pdbqt
clomethiazole,-4.227,C:\Users\kunsh_ghp5duq\OneDrive\Desktop\SIH\3\docking_results\clomethiazole_docked.pdbqt
pyrithione,-4.222,C:\Users\kunsh_ghp5duq\OneDrive\Desktop\SIH\3\docking_results\pyrithione_docked.pdbqt
alanine,-4.221,C:\Users\kunsh_ghp5duq\OneDrive\Desktop\SIH\3\docking_results\alanine_docked.pdbqt
dixanthogen,-4.219,C:\Users\kunsh_ghp5duq\OneDrive\Desktop\SIH\3\docking_results\dixanthogen_docked.pdbqt
acetylcholine,-4.217,C:\Users\kunsh_ghp5duq\OneDrive\Desktop\SIH\3\docking_results\acetylcholine_docked.pdbqt
ethchlorvynol,-4.201,C:\Users\kunsh_ghp5duq\OneDrive\Desktop\SIH\3\docking_results\ethchlorvynol_docked.pdbqt
mecysteine,-4.197,C:\Users\kunsh_ghp5duq\OneDrive\Desktop\SIH\3\docking_results\mecysteine_docked.pdbqt
guanazodine,-4.195,C:\Users\kunsh_ghp5duq\OneDrive\Desktop\SIH\3\docking_results\guanazodine_docked.pdbqt
tuaminoheptane,-4.192,C:\Users\kunsh_ghp5duq\OneDrive\Desktop\SIH\3\docking_results\tuaminoheptane_docked.pdbqt
oxapropanium,-4.187,C:\Users\kunsh_ghp5duq\OneDrive\Desktop\SIH\3\docking_results\oxapropanium_docked.pdbqt
methylhexaneamine,-4.183,C:\Users\kunsh_ghp5duq\OneDrive\Desktop\SIH\3\docking_results\methylhexaneamine_docked.pdbqt
pentetrazol,-4.181,C:\Users\kunsh_ghp5duq\OneDrive\Desktop\SIH\3\docking_results\pentetrazol_docked.pdbqt
methenamine,-4.163,C:\Users\kunsh_ghp5duq\OneDrive\Desktop\SIH\3\docking_results\methenamine_docked.pdbqt
glycine,-4.161,C:\Users\kunsh_ghp5duq\OneDrive\Desktop\SIH\3\docking_results\glycine_docked.pdbqt
lindane,-4.151,C:\Users\kunsh_ghp5duq\OneDrive\Desktop\SIH\3\docking_results\lindane_docked.pdbqt
pentamethonium_bromide,-4.14,C:\Users\kunsh_ghp5duq\OneDrive\Desktop\SIH\3\docking_results\pentamethonium_bromide_docked.pdbqt
trichloroacetic_acid,-4.133,C:\Users\kunsh_ghp5duq\OneDrive\Desktop\SIH\3\docking_results\trichloroacetic_acid_docked.pdbqt
ferric_hydroxide,-4.112,C:\Users\kunsh_ghp5duq\OneDrive\Desktop\SIH\3\docking_results\ferric_hydroxide_docked.pdbqt
histamine,-4.109,C:\Users\kunsh_ghp5duq\OneDrive\Desktop\SIH\3\docking_results\histamine_docked.pdbqt
hexamethonium,-4.094,C:\Users\kunsh_ghp5duq\OneDrive\Desktop\SIH\3\docking_results\hexamethonium_docked.pdbqt
glycerol,-4.088,C:\Users\kunsh_ghp5duq\OneDrive\Desktop\SIH\3\docking_results\glycerol_docked.pdbqt
chloral_hydrate,-4.084,C:\Users\kunsh_ghp5duq\OneDrive\Desktop\SIH\3\docking_results\chloral_hydrate_docked.pdbqt
fampridine,-4.055,C:\Users\kunsh_ghp5duq\OneDrive\Desktop\SIH\3\docking_results\fampridine_docked.pdbqt
ferric_oxide,-4.044,C:\Users\kunsh_ghp5duq\OneDrive\Desktop\SIH\3\docking_results\ferric_oxide_docked.pdbqt
furtrethonium,-4.036,C:\Users\kunsh_ghp5duq\OneDrive\Desktop\SIH\3\docking_results\furtrethonium_docked.pdbqt
hydroxycarbamide,-4.034,C:\Users\kunsh_ghp5duq\OneDrive\Desktop\SIH\3\docking_results\hydroxycarbamide_docked.pdbqt
betaine,-4.033,C:\Users\kunsh_ghp5duq\OneDrive\Desktop\SIH\3\docking_results\betaine_docked.pdbqt
glycolic_acid,-4.018,C:\Users\kunsh_ghp5duq\OneDrive\Desktop\SIH\3\docking_results\glycolic_acid_docked.pdbqt
trolamine,-4.013,C:\Users\kunsh_ghp5duq\OneDrive\Desktop\SIH\3\docking_results\trolamine_docked.pdbqt
piperazine,-3.992,C:\Users\kunsh_ghp5duq\OneDrive\Desktop\SIH\3\docking_results\piperazine_docked.pdbqt
thiotepa,-3.987,C:\Users\kunsh_ghp5duq\OneDrive\Desktop\SIH\3\docking_results\thiotepa_docked.pdbqt
chlorobutanol,-3.962,C:\Users\kunsh_ghp5duq\OneDrive\Desktop\SIH\3\docking_results\chlorobutanol_docked.pdbqt
noxytiolin,-3.954,C:\Users\kunsh_ghp5duq\OneDrive\Desktop\SIH\3\docking_results\noxytiolin_docked.pdbqt
fluoroethylcholine__18F_,-3.927,C:\Users\kunsh_ghp5duq\OneDrive\Desktop\SIH\3\docking_results\fluoroethylcholine__18F__docked.pdbqt
methylpentynol,-3.926,C:\Users\kunsh_ghp5duq\OneDrive\Desktop\SIH\3\docking_results\methylpentynol_docked.pdbqt
fluroxene,-3.919,C:\Users\kunsh_ghp5duq\OneDrive\Desktop\SIH\3\docking_results\fluroxene_docked.pdbqt
fomepizole,-3.917,C:\Users\kunsh_ghp5duq\OneDrive\Desktop\SIH\3\docking_results\fomepizole_docked.pdbqt
guanethidine,-3.909,C:\Users\kunsh_ghp5duq\OneDrive\Desktop\SIH\3\docking_results\guanethidine_docked.pdbqt
halopropane,-3.87,C:\Users\kunsh_ghp5duq\OneDrive\Desktop\SIH\3\docking_results\halopropane_docked.pdbqt
phosphoric_acid,-3.843,C:\Users\kunsh_ghp5duq\OneDrive\Desktop\SIH\3\docking_results\phosphoric_acid_docked.pdbqt
methoxyflurane,-3.84,C:\Users\kunsh_ghp5duq\OneDrive\Desktop\SIH\3\docking_results\methoxyflurane_docked.pdbqt
dichloroacetic_acid,-3.822,C:\Users\kunsh_ghp5duq\OneDrive\Desktop\SIH\3\docking_results\dichloroacetic_acid_docked.pdbqt
thiamazole,-3.821,C:\Users\kunsh_ghp5duq\OneDrive\Desktop\SIH\3\docking_results\thiamazole_docked.pdbqt
sulfur_hexafluoride,-3.757,C:\Users\kunsh_ghp5duq\OneDrive\Desktop\SIH\3\docking_results\sulfur_hexafluoride_docked.pdbqt
iodol,-3.751,C:\Users\kunsh_ghp5duq\OneDrive\Desktop\SIH\3\docking_results\iodol_docked.pdbqt
propiolactone,-3.742,C:\Users\kunsh_ghp5duq\OneDrive\Desktop\SIH\3\docking_results\propiolactone_docked.pdbqt
fluoromethylcholine__18F_,-3.647,C:\Users\kunsh_ghp5duq\OneDrive\Desktop\SIH\3\docking_results\fluoromethylcholine__18F__docked.pdbqt
glutaral,-3.637,C:\Users\kunsh_ghp5duq\OneDrive\Desktop\SIH\3\docking_results\glutaral_docked.pdbqt
acetohydroxamic_acid,-3.624,C:\Users\kunsh_ghp5duq\OneDrive\Desktop\SIH\3\docking_results\acetohydroxamic_acid_docked.pdbqt
halothane,-3.576,C:\Users\kunsh_ghp5duq\OneDrive\Desktop\SIH\3\docking_results\halothane_docked.pdbqt
teflurane,-3.538,C:\Users\kunsh_ghp5duq\OneDrive\Desktop\SIH\3\docking_results\teflurane_docked.pdbqt
mechlorethamine,-3.52,C:\Users\kunsh_ghp5duq\OneDrive\Desktop\SIH\3\docking_results\mechlorethamine_docked.pdbqt
propylene_glycol,-3.515,C:\Users\kunsh_ghp5duq\OneDrive\Desktop\SIH\3\docking_results\propylene_glycol_docked.pdbqt
diiodohydroxypropane,-3.492,C:\Users\kunsh_ghp5duq\OneDrive\Desktop\SIH\3\docking_results\diiodohydroxypropane_docked.pdbqt
choline,-3.433,C:\Users\kunsh_ghp5duq\OneDrive\Desktop\SIH\3\docking_results\choline_docked.pdbqt
ditiocarb,-3.398,C:\Users\kunsh_ghp5duq\OneDrive\Desktop\SIH\3\docking_results\ditiocarb_docked.pdbqt
tetrachloroethylene,-3.396,C:\Users\kunsh_ghp5duq\OneDrive\Desktop\SIH\3\docking_results\tetrachloroethylene_docked.pdbqt
Choline_C-11,-3.378,C:\Users\kunsh_ghp5duq\OneDrive\Desktop\SIH\3\docking_results\Choline_C-11_docked.pdbqt
deanol,-3.359,C:\Users\kunsh_ghp5duq\OneDrive\Desktop\SIH\3\docking_results\deanol_docked.pdbqt
magnesium_hydroxide,-3.283,C:\Users\kunsh_ghp5duq\OneDrive\Desktop\SIH\3\docking_results\magnesium_hydroxide_docked.pdbqt
acetic_acid,-3.209,C:\Users\kunsh_ghp5duq\OneDrive\Desktop\SIH\3\docking_results\acetic_acid_docked.pdbqt
dimercaprol,-3.203,C:\Users\kunsh_ghp5duq\OneDrive\Desktop\SIH\3\docking_results\dimercaprol_docked.pdbqt
tribromoethanol,-3.171,C:\Users\kunsh_ghp5duq\OneDrive\Desktop\SIH\3\docking_results\tribromoethanol_docked.pdbqt
guanidine,-3.138,C:\Users\kunsh_ghp5duq\OneDrive\Desktop\SIH\3\docking_results\guanidine_docked.pdbqt
magnesium_peroxide,-3.107,C:\Users\kunsh_ghp5duq\OneDrive\Desktop\SIH\3\docking_results\magnesium_peroxide_docked.pdbqt
trichloroethylene,-3.06,C:\Users\kunsh_ghp5duq\OneDrive\Desktop\SIH\3\docking_results\trichloroethylene_docked.pdbqt
diethyl_ether,-2.934,C:\Users\kunsh_ghp5duq\OneDrive\Desktop\SIH\3\docking_results\diethyl_ether_docked.pdbqt
carbamide,-2.925,C:\Users\kunsh_ghp5duq\OneDrive\Desktop\SIH\3\docking_results\carbamide_docked.pdbqt
UREA_C_14,-2.925,C:\Users\kunsh_ghp5duq\OneDrive\Desktop\SIH\3\docking_results\UREA_C_14_docked.pdbqt
UREA_C-13,-2.923,C:\Users\kunsh_ghp5duq\OneDrive\Desktop\SIH\3\docking_results\UREA_C-13_docked.pdbqt
vinyl_ether,-2.904,C:\Users\kunsh_ghp5duq\OneDrive\Desktop\SIH\3\docking_results\vinyl_ether_docked.pdbqt
nitrous_oxide,-2.834,C:\Users\kunsh_ghp5duq\OneDrive\Desktop\SIH\3\docking_results\nitrous_oxide_docked.pdbqt
hydrogen_peroxide,-2.832,C:\Users\kunsh_ghp5duq\OneDrive\Desktop\SIH\3\docking_results\hydrogen_peroxide_docked.pdbqt
propanol,-2.801,C:\Users\kunsh_ghp5duq\OneDrive\Desktop\SIH\3\docking_results\propanol_docked.pdbqt
isopropanol,-2.758,C:\Users\kunsh_ghp5duq\OneDrive\Desktop\SIH\3\docking_results\isopropanol_docked.pdbqt
mercaptamine,-2.682,C:\Users\kunsh_ghp5duq\OneDrive\Desktop\SIH\3\docking_results\mercaptamine_docked.pdbqt
dimethyl_sulfoxide,-2.636,C:\Users\kunsh_ghp5duq\OneDrive\Desktop\SIH\3\docking_results\dimethyl_sulfoxide_docked.pdbqt
carbon_dioxide,-2.627,C:\Users\kunsh_ghp5duq\OneDrive\Desktop\SIH\3\docking_results\carbon_dioxide_docked.pdbqt
nitric_oxide,-2.626,C:\Users\kunsh_ghp5duq\OneDrive\Desktop\SIH\3\docking_results\nitric_oxide_docked.pdbqt
oxygen,-2.61,C:\Users\kunsh_ghp5duq\OneDrive\Desktop\SIH\3\docking_results\oxygen_docked.pdbqt
nitrogen,-2.515,C:\Users\kunsh_ghp5duq\OneDrive\Desktop\SIH\3\docking_results\nitrogen_docked.pdbqt
carbon_tetrachloride,-2.46,C:\Users\kunsh_ghp5duq\OneDrive\Desktop\SIH\3\docking_results\carbon_tetrachloride_docked.pdbqt
bromoform,-2.434,C:\Users\kunsh_ghp5duq\OneDrive\Desktop\SIH\3\docking_results\bromoform_docked.pdbqt
iodoform,-2.412,C:\Users\kunsh_ghp5duq\OneDrive\Desktop\SIH\3\docking_results\iodoform_docked.pdbqt
chloroform,-2.359,C:\Users\kunsh_ghp5duq\OneDrive\Desktop\SIH\3\docking_results\chloroform_docked.pdbqt
ethanol,-2.328,C:\Users\kunsh_ghp5duq\OneDrive\Desktop\SIH\3\docking_results\ethanol_docked.pdbqt
zinc_oxide,-2.304,C:\Users\kunsh_ghp5duq\OneDrive\Desktop\SIH\3\docking_results\zinc_oxide_docked.pdbqt
magnesium_oxide,-2.258,C:\Users\kunsh_ghp5duq\OneDrive\Desktop\SIH\3\docking_results\magnesium_oxide_docked.pdbqt
silicon_dioxide,-2.205,C:\Users\kunsh_ghp5duq\OneDrive\Desktop\SIH\3\docking_results\silicon_dioxide_docked.pdbqt
ethyl_chloride,-1.911,C:\Users\kunsh_ghp5duq\OneDrive\Desktop\SIH\3\docking_results\ethyl_chloride_docked.pdbqt
ferrous_chloride,-1.799,C:\Users\kunsh_ghp5duq\OneDrive\Desktop\SIH\3\docking_results\ferrous_chloride_docked.pdbqt
ammonia,-1.695,C:\Users\kunsh_ghp5duq\OneDrive\Desktop\SIH\3\docking_results\ammonia_docked.pdbqt
AMMONIA_N-13,-1.695,C:\Users\kunsh_ghp5duq\OneDrive\Desktop\SIH\3\docking_results\AMMONIA_N-13_docked.pdbqt
formaldehyde,-1.652,C:\Users\kunsh_ghp5duq\OneDrive\Desktop\SIH\3\docking_results\formaldehyde_docked.pdbqt
iodine,-1.44,C:\Users\kunsh_ghp5duq\OneDrive\Desktop\SIH\3\docking_results\iodine_docked.pdbqt
iron,-1.282,C:\Users\kunsh_ghp5duq\OneDrive\Desktop\SIH\3\docking_results\iron_docked.pdbqt
hydrofluoric_acid,-0.9623,C:\Users\kunsh_ghp5duq\OneDrive\Desktop\SIH\3\docking_results\hydrofluoric_acid_docked.pdbqt
hydrochloric_acid,-0.7386,C:\Users\kunsh_ghp5duq\OneDrive\Desktop\SIH\3\docking_results\hydrochloric_acid_docked.pdbqt
sulfur,-0.6797,C:\Users\kunsh_ghp5duq\OneDrive\Desktop\SIH\3\docking_results\sulfur_docked.pdbqt
granisetron,54.88,C:\Users\kunsh_ghp5duq\OneDrive\Desktop\SIH\3\docking_results\granisetron_docked.pdbqt
